time,PV,PM10,PM25,SO2,CO,O3,NO2,기온,강수량,습도,풍속,풍향,증기압,이슬점온도,현지기압,해면기압,일조,일사,지면온도
2016-01-01 01:00:00,0,51,30,0.003,0.500,0.020,0.008,-3,,76,.1,0,3.7,-6.6,1015.8,1033.6,,,-1.7
2016-01-01 02:00:00,0,50,32,0.002,0.500,0.019,0.007,-3.9,,78,.4,0,3.6,-7.1,1015.9,1033.8,,,-2
2016-01-01 03:00:00,0,46,33,0.002,0.500,0.017,0.007,-4.2,,79,.3,0,3.5,-7.3,1015.9,1033.8,,,-2.3
2016-01-01 04:00:00,0,46,32,0.002,0.500,0.017,0.006,-4.4,,81,.4,0,3.6,-7.1,1015.6,1033.5,,,-2.7
2016-01-01 05:00:00,0,47,31,0.002,0.500,0.017,0.006,-4.9,,81,.1,0,3.5,-7.6,1015.2,1033.1,,,-2.9
2016-01-01 06:00:00,0,48,30,0.002,0.500,0.015,0.007,-5.1,,82,.3,0,3.4,-7.7,1015.1,1033.1,,,-3.2
2016-01-01 07:00:00,0,45,31,0.002,0.500,0.014,0.006,-5,,82,.7,230,3.5,-7.6,1016,1034,,,-3.6
2016-01-01 08:00:00,0,50,31,0.002,0.500,0.013,0.007,-5.2,,80,.1,0,3.3,-8.1,1015.9,1033.9,0,,-3.5
2016-01-01 09:00:00,1.584,49,28,0.002,0.500,0.011,0.010,-4.3,,81,.2,0,3.6,-7,1016.4,1034.3,0,,-2.4
2016-01-01 10:00:00,8.188,51,32,0.003,0.500,0.014,0.011,-.4,,69,.5,180,4.1,-5.4,1016.2,1033.8,.9,,.1
2016-01-01 11:00:00,16.244,64,34,0.003,0.500,0.022,0.009,2.6,,57,1,200,4.2,-5,1015.9,1033.3,1,,2.7
2016-01-01 12:00:00,22.088,54,31,0.003,0.500,0.029,0.008,5.7,,42,1.1,250,3.8,-6.2,1014.8,1032,1,,3.7
2016-01-01 13:00:00,24.456,59,38,0.005,0.500,0.033,0.009,6.9,,36,1.4,140,3.6,-7.1,1013.5,1030.6,1,,6.3
2016-01-01 14:00:00,27.284,66,35,0.006,0.600,0.034,0.012,8.1,,33,1,320,3.6,-7.2,1012.1,1029.1,1,,7.9
2016-01-01 15:00:00,21.476,68,37,0.014,0.900,0.035,0.018,8.5,,31,1.2,340,3.5,-7.6,1011.7,1028.6,1,,8.5
2016-01-01 16:00:00,13.692,76,41,0.008,0.600,0.038,0.013,8.3,,31,2.4,290,3.4,-7.8,1011.5,1028.4,1,,6.3
2016-01-01 17:00:00,6.808,56,37,0.003,0.400,0.039,0.008,6.3,,39,1.9,340,3.7,-6.6,1011.7,1028.8,.2,,3
2016-01-01 18:00:00,0.284,43,28,0.003,0.400,0.036,0.009,4.5,,45,.9,290,3.8,-6.4,1012,1029.2,0,,.7
2016-01-01 19:00:00,0,45,28,0.003,0.500,0.027,0.016,2.6,,53,.4,0,3.9,-6,1012.4,1029.8,,,.3
2016-01-01 20:00:00,0,52,27,0.003,0.600,0.020,0.020,.8,,60,.5,250,3.9,-6,1012.3,1029.8,,,.1
2016-01-01 21:00:00,0,51,35,0.003,0.500,0.021,0.015,.1,,63,.1,0,3.9,-6.1,1012.2,1029.7,,,-.1
2016-01-01 22:00:00,0,53,34,0.003,0.500,0.018,0.015,-.3,,64,.3,0,3.8,-6.2,1012.2,1029.8,,,-.5
2016-01-01 23:00:00,0,61,32,0.002,0.500,0.017,0.013,-.9,,69,.4,0,4,-5.8,1011.8,1029.4,,,-.8
2016-01-02 00:00:00,0,56,35,0.003,0.600,0.013,0.015,-.9,,71,.4,0,4.1,-5.5,1011.6,1029.2,,,-1.1
2016-01-02 01:00:00,0,55,32,0.002,0.500,0.015,0.012,-1.6,,75,.4,0,4.1,-5.4,1011.2,1028.8,,,-1.1
2016-01-02 02:00:00,0,52,31,0.002,0.500,0.016,0.010,-1.7,,77,.9,70,4.2,-5.2,1010.7,1028.3,,,-1.3
2016-01-02 03:00:00,0,52,34,0.002,0.500,0.017,0.009,-1.7,,76,.2,0,4.1,-5.3,1010.8,1028.4,,,-1
2016-01-02 04:00:00,0,44,31,0.002,0.400,0.023,0.006,-1.3,,79,.5,90,4.4,-4.4,1009.9,1027.5,,,-.7
2016-01-02 05:00:00,0,43,28,0.002,0.400,0.021,0.006,-1.6,,78,.5,70,4.2,-4.9,1009.6,1027.2,,,-1.3
2016-01-02 06:00:00,0,36,23,0.003,0.500,0.015,0.009,-2.3,,78,.5,70,4,-5.6,1009.2,1026.8,,,-1.7
2016-01-02 07:00:00,0,46,27,0.003,0.500,0.016,0.010,-3,,82,0,0,4,-5.6,1009.4,1027.1,,,-1.9
2016-01-02 08:00:00,0,46,29,0.003,0.500,0.013,0.012,-3.1,,83,.8,70,4.1,-5.5,1009.5,1027.2,0,,-1.9
2016-01-02 09:00:00,0.684,44,25,0.003,0.500,0.012,0.014,-2.1,,83,.6,70,4.3,-4.6,1009.6,1027.2,0,,-.6
2016-01-02 10:00:00,5.776,57,32,0.003,0.500,0.012,0.013,.6,,75,.5,110,4.8,-3.3,1009.2,1026.7,.8,,.5
2016-01-02 11:00:00,7,69,42,0.003,0.500,0.013,0.017,4.5,,61,.7,140,5.2,-2.3,1008.7,1025.9,.9,,2.1
2016-01-02 12:00:00,16.024,67,35,0.004,0.500,0.018,0.017,5.6,,58,.3,0,5.3,-2,1007.6,1024.7,.1,,1
2016-01-02 13:00:00,15.076,64,39,0.013,1.000,0.018,0.023,7.4,,49,.6,50,5,-2.6,1006.2,1023.1,0,,2.3
2016-01-02 14:00:00,9.396,95,45,0.012,1.000,0.019,0.026,9.6,,40,.6,360,4.8,-3.3,1005.6,1022.3,.4,,7
2016-01-02 15:00:00,14.164,86,46,0.007,0.600,0.034,0.016,11.4,,35,1.4,180,4.7,-3.5,1004.5,1021.2,.9,,8.7
2016-01-02 16:00:00,10.064,55,43,0.005,0.500,0.036,0.014,11.5,,36,1.6,140,4.9,-3,1004.5,1021.1,1,,7.8
2016-01-02 17:00:00,2.312,71,40,0.005,0.500,0.034,0.018,9.8,,49,.4,0,5.9,-.4,1004.8,1021.6,.2,,4.8
2016-01-02 18:00:00,0.08,60,36,0.004,0.500,0.024,0.023,8.1,,54,1.3,110,5.8,-.6,1004.8,1021.7,0,,2.7
2016-01-02 19:00:00,0,69,35,0.003,0.500,0.021,0.023,5.2,,62,.5,360,5.5,-1.5,1005,1022.1,,,1.3
2016-01-02 20:00:00,0,61,33,0.003,0.600,0.010,0.030,3.9,,70,.1,0,5.7,-1,1005.1,1022.2,,,.2
2016-01-02 21:00:00,0,68,37,0.003,0.600,0.008,0.025,3.3,,77,.8,70,6,-.3,1005,1022.2,,,.3
2016-01-02 22:00:00,0,69,35,0.002,0.600,0.009,0.020,2,,81,.8,90,5.7,-.9,1005,1022.3,,,.1
2016-01-02 23:00:00,0,66,39,0.002,0.700,0.006,0.021,.7,,81,.4,0,5.2,-2.1,1004.8,1022.2,,,.1
2016-01-03 00:00:00,0,65,32,0.002,0.700,0.008,0.015,.3,,84,.2,0,5.3,-2,1004.7,1022.1,,,0
2016-01-03 01:00:00,0,58,33,0.002,0.700,0.007,0.014,-.1,,85,.3,0,5.2,-2.3,1004.2,1021.6,,,-.1
2016-01-03 02:00:00,0,49,31,0.002,0.600,0.006,0.012,-.7,,85,.3,0,4.9,-2.9,1004.1,1021.5,,,-.4
2016-01-03 03:00:00,0,47,29,0.002,0.600,0.006,0.010,-1,,87,.3,0,5,-2.8,1004,1021.5,,,-.2
2016-01-03 04:00:00,0,54,31,0.002,0.600,0.006,0.009,-1,,89,.3,0,5.1,-2.5,1003.4,1020.8,,,-.2
2016-01-03 05:00:00,0,54,30,0.002,0.600,0.006,0.007,-1.2,,90,.1,0,5,-2.6,1003.3,1020.8,,,-.2
2016-01-03 06:00:00,0,56,27,0.002,0.500,0.007,0.007,-1.3,,91,.1,0,5.1,-2.5,1003.4,1020.9,,,-.2
2016-01-03 07:00:00,0,48,24,0.002,0.500,0.006,0.007,-1.6,,91,.4,0,5,-2.8,1003.9,1021.4,,,-.2
2016-01-03 08:00:00,0,39,23,0.002,0.500,0.004,0.008,-1.6,,92,.3,0,5,-2.7,1004.2,1021.7,0,,-.1
2016-01-03 09:00:00,1.544,39,22,0.002,0.500,0.004,0.010,-1.4,,93,.3,0,5.2,-2.3,1004.6,1022.1,0,,0
2016-01-03 10:00:00,4.284,39,31,0.002,0.500,0.006,0.009,-.5,,93,.3,0,5.5,-1.4,1004.7,1022.1,0,,.9
2016-01-03 11:00:00,10.064,41,30,0.002,0.500,0.009,0.010,2,,95,.5,90,6.7,1.2,1003.9,1021.2,.6,,4.6
2016-01-03 12:00:00,22.248,44,31,0.003,0.500,0.019,0.010,8.3,,88,.2,0,9.6,6.4,1002.9,1019.7,1,,11.5
2016-01-03 13:00:00,27.076,46,31,0.003,0.400,0.033,0.007,11.5,,54,.8,160,7.3,2.4,1001.4,1018,.9,,11.9
2016-01-03 14:00:00,24.644,45,39,0.015,1.100,0.027,0.022,13,,41,2,110,6.1,0,1000.7,1017.2,1,,12.7
2016-01-03 15:00:00,22.664,45,,0.018,1.000,0.040,0.029,13.8,,39,1.6,110,6.1,0,1000.2,1016.6,1,,12.9
2016-01-03 16:00:00,15.136,44,43,0.011,0.700,0.040,0.024,13.7,,38,1.8,110,6,-.3,1000.6,1017,1,,10.6
2016-01-03 17:00:00,6.072,43,31,0.007,0.500,0.032,0.020,11.8,,45,2.9,90,6.2,.2,1000.9,1017.5,.3,,7.2
2016-01-03 18:00:00,0.128,43,25,0.006,0.500,0.027,0.022,8.3,,54,.6,50,5.9,-.4,1001.4,1018.2,0,,4.6
2016-01-03 19:00:00,0,42,26,0.005,0.500,0.020,0.025,6.4,,58,.1,0,5.6,-1.2,1001.5,1018.4,,,2.9
2016-01-03 20:00:00,0,42,30,0.004,0.900,0.005,0.037,4.7,,65,.3,0,5.6,-1.3,1002.1,1019.2,,,1.7
2016-01-03 21:00:00,0,42,36,0.003,0.700,0.007,0.028,3.9,,67,.3,0,5.4,-1.6,1002.7,1019.8,,,.7
2016-01-03 22:00:00,0,42,32,0.003,0.600,0.009,0.020,3,,71,.3,0,5.4,-1.7,1002.9,1020.1,,,.7
2016-01-03 23:00:00,0,41,31,0.002,0.600,0.007,0.018,4.1,,65,1.4,250,5.3,-1.9,1002.8,1019.9,,,.5
2016-01-04 00:00:00,0,41,33,0.002,0.600,0.006,0.016,3.6,,67,.6,200,5.3,-1.9,1002.7,1019.8,,,.4
2016-01-04 01:00:00,0,41,31,0.002,0.600,0.006,0.014,3.3,,67,.2,0,5.2,-2.2,1002.5,1019.6,,,.3
2016-01-04 02:00:00,0,40,23,0.002,0.600,0.006,0.013,3.2,,69,1.3,230,5.3,-1.9,1002.4,1019.5,,,.2
2016-01-04 03:00:00,0,40,24,0.002,0.600,0.007,0.010,7.6,,59,3.5,20,6.1,0,1002.9,1019.8,,,.6
2016-01-04 04:00:00,0,40,23,0.002,0.600,0.008,0.008,7.6,,60,2.2,360,6.2,.3,1003,1019.9,,,.9
2016-01-04 05:00:00,0,40,25,0.002,0.500,0.014,0.009,9.2,,57,1.4,20,6.6,1.1,1002.7,1019.4,,,2.9
2016-01-04 06:00:00,0,40,39,0.002,0.600,0.020,0.009,9.8,,50,2.7,320,6.1,-.1,1002.9,1019.7,,,3.4
2016-01-04 07:00:00,0,,42,0.003,0.600,0.028,0.009,9.8,,49,3,290,5.9,-.4,1003.4,1020.2,,,3.7
2016-01-04 08:00:00,0,,57,0.006,0.700,0.052,0.012,9,,43,1.3,320,4.9,-2.9,1003.8,1020.6,0,,2
2016-01-04 09:00:00,1.14,,82,0.003,0.700,0.020,0.025,9.5,,36,3.5,320,4.3,-4.8,1004.5,1021.2,0,,3.4
2016-01-04 10:00:00,6.14,,74,0.004,0.700,0.014,0.036,10.2,,33,2.9,340,4.1,-5.3,1004.9,1021.7,.9,,6.8
2016-01-04 11:00:00,13.116,,79,0.005,0.700,0.022,0.032,10.8,,28,4,320,3.6,-7,1004.9,1021.6,1,,10.2
2016-01-04 12:00:00,19.688,,88,0.006,0.600,0.046,0.014,11.8,,21,3.6,320,2.9,-9.8,1004.3,1020.9,1,,12
2016-01-04 13:00:00,24.736,,,0.005,0.500,0.047,0.010,12.4,,19,5.7,270,2.7,-10.6,1003.9,1020.5,1,,12.7
2016-01-04 14:00:00,26.624,,,0.004,0.500,0.046,0.009,12.6,,19,4.1,270,2.8,-10.4,1003.6,1020.1,1,,12.7
2016-01-04 15:00:00,23.664,,,,,,,12.9,,17,5.2,270,2.5,-11.6,1003.5,1020,1,,11
2016-01-04 16:00:00,17.016,,,,,,,12.5,,15,4,290,2.2,-13.4,1003.9,1020.5,1,,8.8
2016-01-04 17:00:00,7.96,61,10,0.005,0.400,0.042,0.011,11.3,,15,3.8,290,2,-14.4,1004.5,1021.2,.3,,5.6
2016-01-04 18:00:00,0.212,52,20,0.005,0.400,0.042,0.011,9.3,,23,2.1,320,2.7,-10.8,1005,1021.8,0,,3.5
2016-01-04 19:00:00,0,45,25,0.005,0.400,0.040,0.011,7.2,,27,1.1,340,2.8,-10.5,1006,1022.9,,,2.1
2016-01-04 20:00:00,0,52,26,0.005,0.400,0.037,0.013,5.7,,31,.5,290,2.8,-10.1,1006.8,1023.9,,,.9
2016-01-04 21:00:00,0,51,34,0.005,0.500,0.035,0.013,4.8,,33,1.1,360,2.8,-10.1,1007.1,1024.3,,,.7
2016-01-04 22:00:00,0,50,34,0.005,0.500,0.035,0.012,3.7,,37,1.7,230,3,-9.6,1007.1,1024.3,,,.4
2016-01-04 23:00:00,0,58,38,0.005,0.500,0.033,0.012,3.6,,40,2,230,3.2,-8.7,1007.2,1024.4,,,.2
2016-01-05 00:00:00,0,60,34,0.005,0.500,0.032,0.010,2.5,,44,1.7,230,3.2,-8.5,1007.1,1024.4,,,-.1
2016-01-05 01:00:00,0,58,29,0.005,0.500,0.027,0.010,1.7,,49,.9,230,3.4,-7.8,1006.8,1024.1,,,-.4
2016-01-05 02:00:00,0,47,30,0.004,0.400,0.023,0.008,.4,,52,.6,320,3.3,-8.3,1006.6,1024,,,-.5
2016-01-05 03:00:00,0,36,21,0.004,0.400,0.022,0.007,-.5,,57,.3,0,3.4,-7.9,1007,1024.5,,,-.7
2016-01-05 04:00:00,0,45,23,0.004,0.400,0.026,0.008,-.4,,55,.3,0,3.3,-8.3,1007,1024.5,,,-.6
2016-01-05 05:00:00,0,50,30,0.005,0.400,0.027,0.008,.5,,49,.3,0,3.1,-9,1007,1024.4,,,-.3
2016-01-05 06:00:00,0,42,25,0.005,0.300,0.029,0.008,2,,36,.3,0,2.5,-11.5,1006.8,1024.1,,,-.2
2016-01-05 07:00:00,0,32,19,0.005,0.300,0.029,0.008,2.1,,39,.6,320,2.8,-10.4,1007.7,1025,,,-.1
2016-01-05 08:00:00,0,29,11,0.004,0.300,0.029,0.009,2.2,,42,.5,200,3,-9.4,1007.7,1025,0,,-.1
2016-01-05 09:00:00,0.108,21,15,0.005,0.300,0.027,0.011,2.5,,39,.4,0,2.9,-10,1008.2,1025.5,0,,0
2016-01-05 10:00:00,0.476,27,19,0.005,0.300,0.025,0.014,2.9,,37,.6,270,2.8,-10.3,1009,1026.3,0,,.1
2016-01-05 11:00:00,1.284,26,19,0.005,0.300,0.028,0.013,4,,26,1.4,230,2.1,-13.8,1008.9,1026.1,0,,.6
2016-01-05 12:00:00,1.156,23,16,0.005,0.300,0.030,0.013,4.7,,26,.4,0,2.2,-13.2,1008.4,1025.6,0,,1.8
2016-01-05 13:00:00,3.168,30,18,0.005,0.300,0.033,0.011,6.1,,29,.9,230,2.7,-10.6,1007.4,1024.5,0,,6.4
2016-01-05 14:00:00,4.856,25,13,0.005,0.300,0.029,0.013,7.2,,21,1.7,340,2.1,-13.7,1006.3,1023.2,0,,7.4
2016-01-05 15:00:00,7.068,32,19,0.005,0.300,0.030,0.012,7,,14,3.1,320,1.4,-18.7,1006.5,1023.5,.3,,6.9
2016-01-05 16:00:00,5.196,31,20,0.005,0.300,0.028,0.012,6.8,,16,2.7,320,1.6,-17.3,1006.7,1023.7,.9,,4.7
2016-01-05 17:00:00,3.972,29,22,0.005,0.300,0.025,0.016,6.1,,19,1.7,320,1.8,-15.8,1006.9,1023.9,.1,,2.7
2016-01-05 18:00:00,0.144,40,14,0.005,0.400,0.016,0.023,4.3,,25,.5,90,2.1,-14,1007.4,1024.5,0,,.6
2016-01-05 19:00:00,0,38,18,0.004,0.500,0.011,0.026,3,,29,.9,250,2.2,-13.3,1008.1,1025.4,,,.4
2016-01-05 20:00:00,0,35,21,0.004,0.400,0.013,0.023,2.6,,29,2,340,2.1,-13.6,1008.5,1025.8,,,.1
2016-01-05 21:00:00,0,37,23,0.004,0.400,0.013,0.022,1.3,,30,2.1,270,2,-14.4,1008.9,1026.3,,,-.2
2016-01-05 22:00:00,0,28,20,0.004,0.400,0.014,0.019,.9,,29,1,230,1.9,-15.1,1008.8,1026.2,,,-.4
2016-01-05 23:00:00,0,28,16,0.005,0.400,0.014,0.018,.6,,27,1.8,230,1.7,-16.3,1008.7,1026.1,,,-.7
2016-01-06 00:00:00,0,24,18,0.004,0.400,0.015,0.015,.2,,25,1.3,320,1.6,-17.5,1008.8,1026.3,,,-.8
2016-01-06 01:00:00,0,25,23,0.004,0.400,0.015,0.014,-.7,,24,1.1,290,1.4,-18.8,1008.6,1026.1,,,-.9
2016-01-06 02:00:00,0,22,16,0.004,0.300,0.016,0.013,-.6,,22,1.1,200,1.3,-19.7,1008.7,1026.2,,,-1.2
2016-01-06 03:00:00,0,28,12,0.004,0.300,0.017,0.012,-.5,,19,.8,320,1.1,-21.3,1008.7,1026.2,,,-1.4
2016-01-06 04:00:00,0,27,15,0.004,0.300,0.017,0.011,-1.9,,33,.3,0,1.8,-16,1008.3,1025.9,,,-1.7
2016-01-06 05:00:00,0,19,,0.004,0.300,0.016,0.011,-2,,30,1.2,250,1.6,-17.3,1008.2,1025.8,,,-1.9
2016-01-06 06:00:00,0,26,17,0.004,0.400,0.012,0.009,-1.9,,30,1.8,250,1.6,-17.2,1008.4,1026,,,-2.1
2016-01-06 07:00:00,0,31,22,0.004,0.400,0.011,0.009,-2,,37,2.6,270,2,-14.7,1008.4,1026,,,-2.3
2016-01-06 08:00:00,0,31,16,0.004,0.400,0.008,0.011,-2.2,,43,1.8,230,2.2,-13.1,1008.4,1026,0,,-2.4
2016-01-06 09:00:00,1.108,29,15,0.004,0.400,0.007,0.015,-.7,,43,1.9,230,2.5,-11.7,1008.8,1026.3,0,,-1.5
2016-01-06 10:00:00,7.292,30,24,0.004,0.400,0.011,0.013,3.1,,37,2.1,340,2.8,-10.2,1008.5,1025.8,.9,,.2
2016-01-06 11:00:00,14.388,33,19,0.004,0.300,0.022,0.011,4.5,,33,3.9,340,2.8,-10.4,1008,1025.1,1,,2.3
2016-01-06 12:00:00,20.024,31,17,0.005,0.400,0.029,0.010,5.6,,32,4.1,320,2.9,-9.8,1007.1,1024.2,1,,4.9
2016-01-06 13:00:00,24.08,33,18,0.005,0.400,0.030,0.011,6.6,,32,3.8,320,3.1,-8.9,1006,1023,1,,5.9
2016-01-06 14:00:00,17.564,36,21,0.005,0.300,0.037,0.009,6.6,,31,4.1,340,3,-9.3,1005.1,1022.1,1,,6.4
2016-01-06 15:00:00,17.836,39,25,0.004,0.300,0.041,0.006,6.3,,32,5,340,3,-9.2,1004.3,1021.3,1,,6
2016-01-06 16:00:00,14.288,47,23,0.004,0.400,0.042,0.006,6.5,,32,4.4,320,3.1,-9,1004.3,1021.3,1,,4.4
2016-01-06 17:00:00,3.56,35,26,0.005,0.400,0.037,0.011,5.9,,33,4,320,3.1,-9.1,1004.3,1021.3,.3,,2.2
2016-01-06 18:00:00,0.144,43,23,0.005,0.400,0.035,0.011,5.2,,37,3.2,320,3.3,-8.3,1004.5,1021.6,0,,1.7
2016-01-06 19:00:00,0,40,29,0.005,0.400,0.034,0.011,4.7,,37,3.1,290,3.2,-8.7,1004.6,1021.7,,,1.5
2016-01-06 20:00:00,0,35,20,0.004,0.400,0.034,0.010,4.4,,38,3.3,290,3.2,-8.7,1005,1022.1,,,.8
2016-01-06 21:00:00,0,37,20,0.005,0.400,0.035,0.009,3.8,,42,3.8,290,3.4,-7.9,1005.6,1022.8,,,-.1
2016-01-06 22:00:00,0,33,20,0.005,0.400,0.036,0.008,3.5,,43,4.1,290,3.4,-7.9,1006.1,1023.3,,,-.3
2016-01-06 23:00:00,0,30,24,0.005,0.400,0.035,0.007,3.9,,42,3.3,290,3.4,-7.8,1006,1023.2,,,.3
2016-01-07 00:00:00,0,38,15,0.004,0.400,0.034,0.006,3.8,,42,5.5,290,3.4,-7.9,1006.1,1023.3,,,-.1
2016-01-07 01:00:00,0,34,15,0.005,0.400,0.033,0.006,3.6,,41,3.2,290,3.2,-8.4,1006.5,1023.7,,,.3
2016-01-07 02:00:00,0,42,21,0.005,0.400,0.033,0.007,3.4,,43,2.6,340,3.3,-8,1006.2,1023.4,,,.4
2016-01-07 03:00:00,0,43,20,0.005,0.500,0.032,0.007,3.3,,45,2.7,340,3.5,-7.5,1005.9,1023.1,,,.5
2016-01-07 04:00:00,0,45,30,0.005,0.400,0.032,0.007,3.5,,45,4.5,290,3.5,-7.3,1005.5,1022.7,,,.7
2016-01-07 05:00:00,0,47,25,0.006,0.500,0.034,0.006,3.2,,41,5.7,290,3.1,-8.8,1005.8,1023,,,.6
2016-01-07 06:00:00,0,49,25,0.006,0.500,0.037,0.006,2.8,,39,5.1,270,2.9,-9.8,1005.9,1023.1,,,-.1
2016-01-07 07:00:00,0,52,32,0.006,0.400,0.036,0.006,2.1,,39,4.5,290,2.8,-10.4,1006.2,1023.5,,,-.1
2016-01-07 08:00:00,0,50,30,0.005,0.400,0.034,0.007,1.8,,39,5.3,290,2.7,-10.7,1006.7,1024,0,,-.1
2016-01-07 09:00:00,1.02,34,18,0.005,0.400,0.031,0.011,1.8,,39,4,320,2.7,-10.7,1006.9,1024.2,0,,0
2016-01-07 10:00:00,7.78,34,23,0.004,0.300,0.035,0.008,3,,35,3.5,290,2.6,-11,1007.6,1024.8,.9,,1.8
2016-01-07 11:00:00,16.896,29,12,0.004,0.300,0.036,0.007,3.3,,32,5.4,290,2.5,-11.8,1007.5,1024.7,1,,7.1
2016-01-07 12:00:00,24.112,34,15,0.004,0.300,0.037,0.006,4.3,,31,5.3,270,2.6,-11.3,1006.8,1023.9,1,,10.1
2016-01-07 13:00:00,28.492,31,15,0.004,0.300,0.038,0.006,4.8,,30,5.2,270,2.6,-11.3,1005.5,1022.6,1,,11.2
2016-01-07 14:00:00,28.548,28,21,0.004,0.300,0.037,0.006,5.1,,29,5.5,270,2.5,-11.5,1004.7,1021.8,1,,9.9
2016-01-07 15:00:00,25.556,32,18,0.004,0.300,0.037,0.006,4.9,,29,6.1,270,2.5,-11.6,1004.6,1021.7,1,,8.5
2016-01-07 16:00:00,12.78,35,18,0.004,0.300,0.035,0.007,4,,32,5.5,270,2.6,-11.2,1004.7,1021.8,1,,4.6
2016-01-07 17:00:00,6.608,31,19,0.004,0.300,0.034,0.008,3.3,,33,6.3,270,2.6,-11.4,1005.3,1022.5,0,,3.1
2016-01-07 18:00:00,0.232,33,21,0.004,0.300,0.031,0.010,2.2,,38,3.9,290,2.7,-10.6,1005.6,1022.9,0,,.6
2016-01-07 19:00:00,0,30,15,0.005,0.300,0.029,0.010,1.6,,41,3.8,290,2.8,-10.2,1006.1,1023.4,,,-.3
2016-01-07 20:00:00,0,31,16,0.005,0.300,0.030,0.008,1.3,,45,3.5,320,3,-9.3,1006.1,1023.4,,,.1
2016-01-07 21:00:00,0,23,12,0.005,0.300,0.031,0.007,1.2,,40,4.6,290,2.7,-10.9,1006.2,1023.6,,,-.3
2016-01-07 22:00:00,0,22,16,0.004,0.300,0.032,0.006,1,,39,4.2,320,2.6,-11.4,1005.9,1023.3,,,-.5
2016-01-07 23:00:00,0,16,14,0.004,0.300,0.033,0.006,.7,,40,3,290,2.6,-11.3,1006.1,1023.5,,,-.6
2016-01-08 00:00:00,0,9,,0.004,0.300,0.034,0.004,.9,,39,5.2,290,2.5,-11.5,1005.5,1022.9,,,-.6
2016-01-08 01:00:00,0,11,,0.004,0.200,0.035,0.003,.8,,40,5.6,290,2.6,-11.2,1004.8,1022.2,,,-.7
2016-01-08 02:00:00,0,16,12,0.004,0.200,0.035,0.003,.9,,40,4.7,290,2.6,-11.2,1004.7,1022.1,,,-.7
2016-01-08 03:00:00,0,11,11,0.004,0.200,0.034,0.003,.8,,40,4.1,290,2.6,-11.2,1004.6,1022,,,-.6
2016-01-08 04:00:00,0,16,8,0.004,0.300,0.034,0.003,.7,,41,4.4,320,2.6,-11,1004.1,1021.5,,,-.6
2016-01-08 05:00:00,0,15,7,0.004,0.300,0.033,0.004,.7,,42,4.3,290,2.7,-10.7,1004.1,1021.5,,,-.5
2016-01-08 06:00:00,0,11,7,0.004,0.300,0.032,0.004,.6,,42,3,320,2.7,-10.8,1004.1,1021.5,,,-.6
2016-01-08 07:00:00,0,12,9,0.004,0.300,0.032,0.005,.5,,44,3.2,290,2.8,-10.3,1004.3,1021.7,,,-.9
2016-01-08 08:00:00,0,16,8,0.004,0.300,0.023,0.012,.4,,46,3.7,320,2.9,-9.8,1005,1022.4,0,,-1
2016-01-08 09:00:00,1.28,19,16,0.004,0.300,0.026,0.012,.6,,45,3.4,340,2.9,-9.9,1005.6,1023,0,,-.7
2016-01-08 10:00:00,8.012,20,15,0.004,0.300,0.029,0.009,2.3,,37,2.5,320,2.7,-10.9,1006,1023.3,.9,,1
2016-01-08 11:00:00,15.804,21,15,0.004,0.300,0.033,0.007,2.1,,37,4,320,2.6,-11.1,1005.9,1023.2,.9,,2.3
2016-01-08 12:00:00,22.504,28,10,0.004,0.300,0.035,0.006,3.1,,33,3.9,340,2.5,-11.6,1005.1,1022.3,.9,,5.3
2016-01-08 13:00:00,27.612,27,14,0.004,0.300,0.036,0.006,4.5,,27,4.8,290,2.3,-12.9,1004,1021.1,1,,9.7
2016-01-08 14:00:00,30.312,25,13,0.004,0.300,0.036,0.006,4.7,,29,4.4,290,2.5,-11.8,1003.5,1020.6,1,,9.9
2016-01-08 15:00:00,26.836,18,14,0.004,0.300,0.036,0.006,4.4,,29,5,270,2.4,-12.1,1003.3,1020.4,1,,8
2016-01-08 16:00:00,7.984,19,15,0.005,0.300,0.034,0.008,4.3,,30,4.1,270,2.5,-11.7,1003.8,1020.9,1,,6.3
2016-01-08 17:00:00,1.632,22,13,0.004,0.300,0.034,0.009,3.1,,35,3.7,290,2.7,-10.9,1004.2,1021.4,.3,,2.1
2016-01-08 18:00:00,0.124,20,11,0.005,0.400,0.030,0.012,2.4,,38,3.9,270,2.8,-10.5,1004.8,1022,0,,.2
2016-01-08 19:00:00,0,26,14,0.004,0.500,0.022,0.019,1.9,,40,4,270,2.8,-10.3,1005.3,1022.6,,,-.9
2016-01-08 20:00:00,0,29,14,0.004,0.400,0.026,0.014,1.8,,39,4.6,270,2.7,-10.7,1005.7,1023,,,-.3
2016-01-08 21:00:00,0,22,20,0.004,0.400,0.027,0.012,1.6,,40,3.4,270,2.8,-10.5,1006.1,1023.4,,,-.4
2016-01-08 22:00:00,0,26,17,0.004,0.400,0.027,0.010,1.6,,40,3.8,270,2.8,-10.5,1006.3,1023.6,,,-.5
2016-01-08 23:00:00,0,21,19,0.004,0.400,0.020,0.014,1.7,,42,4.7,290,2.9,-9.8,1007.1,1024.4,,,-.2
2016-01-09 00:00:00,0,25,20,0.004,0.400,0.022,0.009,1.5,,41,3.8,290,2.8,-10.3,1007.2,1024.6,,,-.2
2016-01-09 01:00:00,0,28,20,0.004,0.400,0.020,0.007,1.3,,38,3.7,290,2.6,-11.4,1007,1024.4,,,-.6
2016-01-09 02:00:00,0,25,18,0.004,0.400,0.020,0.006,1.5,,37,3.8,270,2.5,-11.6,1006.7,1024,,,-.7
2016-01-09 03:00:00,0,26,20,0.004,0.400,0.018,0.006,1.4,,40,3.2,320,2.7,-10.7,1006.5,1023.8,,,-.7
2016-01-09 04:00:00,0,24,20,0.004,0.400,0.019,0.005,1.5,,42,2.4,320,2.9,-10,1006.4,1023.7,,,-.5
2016-01-09 05:00:00,0,20,17,0.004,0.400,0.017,0.005,2,,44,1.8,320,3.1,-9,1006.4,1023.7,,,-.3
2016-01-09 06:00:00,0,20,15,0.004,0.400,0.018,0.005,2.5,,45,3.5,320,3.3,-8.2,1006.5,1023.8,,,-.2
2016-01-09 07:00:00,0,21,15,0.004,0.400,0.018,0.005,2.3,,44,3.3,320,3.2,-8.7,1007,1024.3,,,-.5
2016-01-09 08:00:00,0,20,17,0.004,0.400,0.012,0.010,2,,45,3.2,340,3.2,-8.7,1007.5,1024.8,0,,-.6
2016-01-09 09:00:00,1.576,24,17,0.004,0.400,0.011,0.012,2.5,,42,5.5,290,3.1,-9.1,1007.9,1025.2,0,,.2
2016-01-09 10:00:00,8.02,26,20,0.004,0.400,0.015,0.012,3.7,,35,4.3,290,2.8,-10.3,1008.3,1025.5,.8,,1.4
2016-01-09 11:00:00,16.864,41,22,0.004,0.300,0.024,0.012,4.9,,31,3.6,270,2.7,-10.8,1008.4,1025.6,1,,5
2016-01-09 12:00:00,24.536,46,19,0.005,0.200,0.040,0.005,5.2,,30,5.3,270,2.6,-11,1007.6,1024.7,1,,9.8
2016-01-09 13:00:00,28.84,26,15,0.004,0.300,0.040,0.005,5.7,,29,5.5,290,2.7,-10.9,1007,1024.1,1,,11.6
2016-01-09 14:00:00,29.976,23,14,0.004,0.300,0.040,0.006,5.9,,29,5.1,270,2.7,-10.8,1006.5,1023.6,1,,11.1
2016-01-09 15:00:00,27.092,28,12,0.004,0.300,0.040,0.005,5.7,,30,5.8,270,2.8,-10.5,1006.4,1023.5,1,,9
2016-01-09 16:00:00,19.308,31,20,0.004,0.300,0.039,0.006,5.7,,30,3.6,290,2.8,-10.5,1006.4,1023.5,1,,6.2
2016-01-09 17:00:00,9.004,28,20,0.004,0.300,0.036,0.008,4,,36,3.6,320,2.9,-9.7,1006.6,1023.8,.4,,2.7
2016-01-09 18:00:00,0.2,23,18,0.004,0.300,0.034,0.009,3.8,,34,2.9,290,2.7,-10.6,1007,1024.2,0,,.9
2016-01-09 19:00:00,0,28,17,0.004,0.300,0.032,0.011,2.9,,39,2.3,320,2.9,-9.7,1007.3,1024.5,,,0
2016-01-09 20:00:00,0,27,12,0.004,0.300,0.033,0.009,2.7,,40,2.8,290,3,-9.5,1007.8,1025.1,,,-.7
2016-01-09 21:00:00,0,18,11,0.004,0.300,0.031,0.010,2.9,,38,4.9,270,2.9,-10,1008.2,1025.5,,,-.3
2016-01-09 22:00:00,0,18,13,0.004,0.300,0.037,0.006,2.9,,37,4.5,270,2.8,-10.3,1008.5,1025.8,,,-.1
2016-01-09 23:00:00,0,12,9,0.004,0.200,0.039,0.005,2.9,,37,5,270,2.8,-10.3,1008.1,1025.4,,,0
2016-01-10 00:00:00,0,10,7,0.004,0.200,0.042,0.004,2.8,,37,3.4,270,2.8,-10.4,1008.1,1025.4,,,-.2
2016-01-10 01:00:00,0,8,,0.004,0.200,0.037,0.004,3,,38,2.7,290,2.9,-9.9,1007.7,1024.9,,,-.1
2016-01-10 02:00:00,0,11,8,0.004,0.300,0.033,0.005,3.3,,39,3.2,290,3,-9.3,1007.8,1025,,,.1
2016-01-10 03:00:00,0,14,8,0.004,0.300,0.030,0.005,3.1,,40,2.8,320,3,-9.2,1007.7,1024.9,,,0
2016-01-10 04:00:00,0,17,12,0.004,0.300,0.029,0.005,2.9,,40,2,270,3,-9.4,1007.4,1024.7,,,-.3
2016-01-10 05:00:00,0,21,13,0.004,0.300,0.027,0.005,2.7,,41,2.3,320,3,-9.2,1007.1,1024.4,,,-.4
2016-01-10 06:00:00,0,23,17,0.004,0.300,0.027,0.005,2.5,,42,2.3,320,3.1,-9.1,1007.8,1025.1,,,-.5
2016-01-10 07:00:00,0,31,19,0.004,0.400,0.026,0.006,2,,43,1.4,340,3,-9.2,1008.3,1025.6,,,-.8
2016-01-10 08:00:00,0,31,23,0.004,0.400,0.022,0.008,.9,,46,.8,360,3,-9.4,1008.9,1026.3,0,,-.9
2016-01-10 09:00:00,1,31,25,0.004,0.400,0.022,0.009,1.6,,45,1.7,20,3.1,-9,1009.2,1026.6,0,,-.5
2016-01-10 10:00:00,7.116,37,21,0.005,0.400,0.025,0.008,3.9,,35,2.7,320,2.8,-10.2,1009.7,1026.9,1,,.9
2016-01-10 11:00:00,15.196,38,21,0.005,0.400,0.027,0.011,4.6,,33,4.6,320,2.8,-10.3,1009.6,1026.8,1,,4.6
2016-01-10 12:00:00,22.496,56,30,0.006,0.400,0.040,0.006,5.8,,30,3.9,290,2.8,-10.4,1008.6,1025.7,1,,10.1
2016-01-10 13:00:00,26.712,52,25,0.005,0.300,0.043,0.005,7,,25,4.1,340,2.5,-11.7,1007.5,1024.5,1,,12
2016-01-10 14:00:00,27.424,43,25,0.005,0.300,0.044,0.005,7.8,,24,3.9,340,2.5,-11.5,1006.6,1023.5,1,,12.1
2016-01-10 15:00:00,24.292,37,26,0.005,0.300,0.045,0.006,7.6,,25,4.2,320,2.6,-11.2,1006.5,1023.4,1,,10.3
2016-01-10 16:00:00,16.912,39,26,0.006,0.400,0.043,0.008,7.6,,24,3,320,2.5,-11.7,1006.5,1023.4,1,,7.7
2016-01-10 17:00:00,7.068,57,33,0.008,0.400,0.035,0.016,6.7,,27,2.5,320,2.6,-11,1007.2,1024.2,.4,,4.3
2016-01-10 18:00:00,0.224,59,33,0.008,0.500,0.029,0.021,5.1,,32,1.7,320,2.8,-10.2,1007.6,1024.7,0,,2
2016-01-10 19:00:00,0,49,31,0.007,0.600,0.026,0.022,5,,35,2.2,290,3,-9.2,1008.6,1025.8,,,1.4
2016-01-10 20:00:00,0,61,32,0.006,0.500,0.030,0.018,4.1,,41,2.2,340,3.3,-8,1009.2,1026.4,,,.7
2016-01-10 21:00:00,0,53,25,0.006,0.500,0.030,0.014,2.8,,46,2,340,3.5,-7.6,1009,1026.3,,,0
2016-01-10 22:00:00,0,46,32,0.005,0.500,0.027,0.013,2.4,,47,1.7,340,3.4,-7.7,1009,1026.3,,,-.4
2016-01-10 23:00:00,0,48,34,0.005,0.600,0.019,0.016,1.6,,50,1.3,360,3.4,-7.7,1009.2,1026.6,,,-1.1
2016-01-11 00:00:00,0,54,40,0.004,0.500,0.023,0.010,1.1,,53,1.3,270,3.5,-7.4,1009.3,1026.7,,,-.4
2016-01-11 01:00:00,0,51,34,0.004,0.500,0.021,0.008,.7,,54,1.2,250,3.5,-7.5,1008.7,1026.1,,,-.4
2016-01-11 02:00:00,0,59,40,0.004,0.500,0.022,0.007,-.2,,57,.6,200,3.4,-7.7,1008.6,1026.1,,,-.6
2016-01-11 03:00:00,0,50,31,0.004,0.500,0.022,0.007,-.6,,56,2.1,340,3.3,-8.3,1009,1026.5,,,-1
2016-01-11 04:00:00,0,60,34,0.004,0.500,0.021,0.006,.1,,40,3.4,340,2.5,-11.9,1008.6,1026.1,,,-1.1
2016-01-11 05:00:00,0,56,31,0.004,0.500,0.020,0.008,-.1,,29,2.2,320,1.8,-16,1008.3,1025.8,,,-1.5
2016-01-11 06:00:00,0,56,37,0.005,0.500,0.019,0.007,-.4,,28,1.3,340,1.7,-16.7,1008.2,1025.7,,,-1.6
2016-01-11 07:00:00,0,53,34,0.004,0.500,0.018,0.008,.4,,25,2.9,340,1.6,-17.3,1008.2,1025.7,,,-1.3
2016-01-11 08:00:00,0,55,35,0.004,0.500,0.015,0.011,-.2,,28,2.7,320,1.7,-16.5,1008.5,1026,0,,-1.7
2016-01-11 09:00:00,1.044,62,36,0.005,0.500,0.012,0.017,.1,,28,3,340,1.7,-16.2,1009,1026.5,0,,-1.3
2016-01-11 10:00:00,4.608,72,42,0.005,0.400,0.024,0.012,2.5,,21,2.3,340,1.5,-17.6,1009,1026.3,1,,.3
2016-01-11 11:00:00,12.792,48,25,0.006,0.300,0.034,0.009,4.4,,11,3.6,340,.9,-23.6,1008.5,1025.7,1,,3.6
2016-01-11 12:00:00,20.624,32,11,0.006,0.300,0.035,0.009,4.9,,11,4.4,340,.9,-23.2,1007.6,1024.8,1,,6.5
2016-01-11 13:00:00,23.412,32,13,0.005,0.300,0.037,0.008,5.9,,14,3.8,320,1.3,-19.6,1006.2,1023.2,1,,10.1
2016-01-11 14:00:00,22.268,28,16,0.005,0.300,0.039,0.008,6.1,,14,4,290,1.3,-19.4,1005.2,1022.2,1,,10.9
2016-01-11 15:00:00,17.976,29,21,0.005,0.300,0.038,0.009,6.4,,13,3.5,290,1.2,-20.1,1004.9,1021.9,1,,9.3
2016-01-11 16:00:00,13.22,27,17,0.005,0.300,0.038,0.009,5.9,,14,2.9,320,1.3,-19.6,1005,1022,1,,6.6
2016-01-11 17:00:00,4.74,19,17,,,,,4.8,,17,2.5,320,1.5,-18.2,1005.3,1022.4,.4,,3.2
2016-01-11 18:00:00,0.236,17,,,,,,3.3,,23,2.3,360,1.8,-15.9,1005.7,1022.9,0,,.9
2016-01-11 19:00:00,0,34,13,0.004,0.300,0.032,0.013,2.5,,28,1.9,360,2,-14.2,1006.5,1023.8,,,.1
2016-01-11 20:00:00,0,14,8,0.004,0.300,0.031,0.012,2,,29,2.7,340,2,-14.2,1007.1,1024.4,,,-.6
2016-01-11 21:00:00,0,15,5,0.004,0.300,0.030,0.010,.4,,35,.6,320,2.2,-13.3,1006.9,1024.3,,,-.6
2016-01-11 22:00:00,0,35,13,0.004,0.300,0.027,0.011,-.4,,38,1.8,230,2.3,-13,1006.8,1024.3,,,-.9
2016-01-11 23:00:00,0,34,11,0.005,0.300,0.025,0.012,-.8,,40,1.2,250,2.3,-12.7,1007,1024.5,,,-.9
2016-01-12 00:00:00,0,37,18,0.005,0.300,0.024,0.011,-1.5,,45,.9,270,2.5,-11.9,1006.8,1024.3,,,-1.2
2016-01-12 01:00:00,0,34,16,0.004,0.400,0.022,0.010,-1.4,,47,1.1,290,2.6,-11.2,1006.6,1024.1,,,-1.5
2016-01-12 02:00:00,0,34,13,0.004,0.400,0.021,0.009,-2.2,,48,2.2,230,2.5,-11.7,1006.6,1024.2,,,-2
2016-01-12 03:00:00,0,38,19,0.004,0.400,0.018,0.008,-3,,48,1.3,250,2.4,-12.4,1006.7,1024.4,,,-2.4
2016-01-12 04:00:00,0,34,15,0.004,0.400,0.017,0.008,-3.7,,50,2.2,230,2.3,-12.6,1006.5,1024.2,,,-2.8
2016-01-12 05:00:00,0,31,19,0.004,0.400,0.018,0.009,-3.4,,46,2,250,2.2,-13.3,1006.1,1023.8,,,-2.8
2016-01-12 06:00:00,0,34,18,0.005,0.400,0.019,0.010,-4.1,,47,1.7,250,2.1,-13.7,1006.2,1023.9,,,-3.2
2016-01-12 07:00:00,0,37,15,0.005,0.400,0.017,0.011,-5,,50,1.1,230,2.1,-13.8,1006.4,1024.2,,,-3.6
2016-01-12 08:00:00,0,32,17,0.004,0.400,0.011,0.014,-5.5,,50,1.3,250,2,-14.3,1006.4,1024.2,0,,-3.8
2016-01-12 09:00:00,1.156,31,16,0.005,0.400,0.013,0.016,-3.9,,38,1.3,230,1.7,-16.1,1006.8,1024.5,0,,-2.7
2016-01-12 10:00:00,7.9,41,22,0.006,0.400,0.022,0.014,-1,,27,1.9,290,1.5,-17.6,1007.1,1024.6,1,,-.4
2016-01-12 11:00:00,17.152,50,24,0.006,0.400,0.027,0.012,1.2,,15,2.1,340,1,-22.6,1006.4,1023.8,1,,2.8
2016-01-12 12:00:00,24.6,44,18,0.006,0.400,0.030,0.011,3.9,,8,4.6,340,.6,-27.5,1004.9,1022,1,,5.8
2016-01-12 13:00:00,29.204,40,21,0.005,0.400,0.033,0.010,3.8,,7,5.1,320,.6,-29,1003.9,1021,1,,7.2
2016-01-12 14:00:00,30.86,33,14,0.005,0.400,0.034,0.010,4.8,,8,3.9,290,.7,-26.8,1003.1,1020.2,1,,7.9
2016-01-12 15:00:00,28.252,33,20,0.005,0.300,0.034,0.010,5,,9,4,340,.8,-25.3,1002.7,1019.8,1,,6.3
2016-01-12 16:00:00,21.412,36,15,0.005,0.300,0.036,0.009,5.1,,9,3.6,290,.8,-25.2,1002.9,1020,1,,4
2016-01-12 17:00:00,12.5,24,10,0.004,0.300,0.035,0.009,3,,10,4.8,270,.8,-25.7,1003.3,1020.5,.4,,-.1
2016-01-12 18:00:00,0.46,16,8,0.004,0.300,0.033,0.012,1.4,,14,1.2,270,.9,-23.2,1003.9,1021.2,0,,-.6
2016-01-12 19:00:00,0,29,7,0.005,0.300,0.030,0.013,.4,,30,2.9,340,1.9,-15.2,1004.6,1022,,,-1
2016-01-12 20:00:00,0,31,13,0.005,0.300,0.033,0.010,-.6,,41,3.6,360,2.4,-12.2,1005.1,1022.6,,,-1.2
2016-01-12 21:00:00,0,35,11,0.004,0.300,0.037,0.006,-.7,,39,3.2,340,2.3,-12.9,1005.1,1022.6,,,-1.4
2016-01-12 22:00:00,0,23,10,0.004,0.300,0.038,0.004,-.6,,41,3.4,320,2.4,-12.2,1004.9,1022.3,,,-1.7
2016-01-12 23:00:00,0,14,7,0.004,0.300,0.037,0.005,-.9,,43,1.3,340,2.5,-11.9,1004.6,1022.1,,,-1.9
2016-01-13 00:00:00,0,12,7,0.004,0.300,0.037,0.004,-.7,,43,3.8,320,2.5,-11.7,1004.3,1021.7,,,-2
2016-01-13 01:00:00,0,12,5,0.004,0.300,0.037,0.004,-.8,,43,4.9,320,2.5,-11.8,1003.7,1021.1,,,-2.1
2016-01-13 02:00:00,0,13,5,0.004,0.300,0.037,0.004,-1.3,,47,2.9,290,2.6,-11.1,1003.7,1021.2,,,-2.2
2016-01-13 03:00:00,0,11,9,0.004,0.300,0.036,0.004,-1,,44,4.2,340,2.5,-11.7,1003.8,1021.3,,,-1.7
2016-01-13 04:00:00,0,11,9,0.004,0.300,0.035,0.004,-.8,,44,3.6,320,2.5,-11.5,1003.3,1020.7,,,-1.5
2016-01-13 05:00:00,0,10,10,0.004,0.300,0.037,0.003,-.8,,45,1.7,320,2.6,-11.2,1003.1,1020.5,,,-1.3
2016-01-13 06:00:00,0,13,9,0.004,0.300,0.037,0.004,-.5,,47,3.2,320,2.8,-10.4,1003.2,1020.6,,,-1.1
2016-01-13 07:00:00,0,15,11,0.004,0.300,0.035,0.005,-.4,,45,3.9,320,2.7,-10.9,1003.4,1020.8,,,-1.2
2016-01-13 08:00:00,0,20,12,0.004,0.300,0.032,0.008,-.8,,47,1.8,320,2.7,-10.7,1003.6,1021,0,,-1.6
2016-01-13 09:00:00,1.144,19,10,0.004,0.300,0.032,0.009,.1,,44,4.1,270,2.7,-10.7,1003.8,1021.2,0,,-.4
2016-01-13 10:00:00,4.236,19,10,0.004,0.300,0.033,0.008,1.1,,43,3.4,290,2.8,-10.1,1003.6,1020.9,.8,,1
2016-01-13 11:00:00,10.584,22,11,0.004,0.300,0.035,0.007,1.3,,42,2.3,320,2.8,-10.2,1003.3,1020.6,.8,,3.2
2016-01-13 12:00:00,15.428,17,13,0.004,0.300,0.035,0.006,2.4,,41,3.2,320,3,-9.5,1002.7,1019.9,.7,,6.5
2016-01-13 13:00:00,24.572,18,9,0.004,0.300,0.034,0.006,1.7,,41,3.2,320,2.8,-10.1,1001.8,1019,.8,,5.3
2016-01-13 14:00:00,17.544,24,10,0.004,0.300,0.034,0.008,1.8,,41,3.4,290,2.9,-10,1001.4,1018.6,.2,,3.1
2016-01-13 15:00:00,15.456,26,14,0.004,0.300,0.035,0.008,2.1,,43,2.8,290,3,-9.2,1001,1018.2,0,,3.4
2016-01-13 16:00:00,5.312,23,14,0.004,0.300,0.034,0.009,1.8,,40,6,270,2.8,-10.3,1001.5,1018.7,.1,,2.8
2016-01-13 17:00:00,4.704,30,11,0.004,0.400,0.033,0.010,.5,,55,1.8,320,3.5,-7.5,1001.9,1019.2,0,,.9
2016-01-13 18:00:00,0.56,29,13,0.004,0.400,0.033,0.011,.8,,46,2.6,290,3,-9.5,1001.9,1019.2,0,,-.1
2016-01-13 19:00:00,0,30,19,0.004,0.500,0.032,0.011,.8,,48,2.8,290,3.1,-8.9,1002.3,1019.6,,,-.1
2016-01-13 20:00:00,0,32,24,0.004,0.500,0.035,0.007,.5,,46,1.8,290,2.9,-9.8,1002.6,1020,,,-.2
2016-01-13 21:00:00,0,33,19,0.004,0.400,0.033,0.008,.7,,46,1.5,340,3,-9.6,1002.6,1019.9,,,-.2
2016-01-13 22:00:00,0,33,17,0.004,0.400,0.034,0.008,1,,49,2.8,320,3.2,-8.5,1002.9,1020.2,,,-.1
2016-01-13 23:00:00,0,37,13,0.004,0.400,0.036,0.006,1.2,,44,3.2,270,2.9,-9.7,1002.6,1019.9,,,-.3
2016-01-14 00:00:00,0,42,19,0.004,0.400,0.035,0.007,1,,47,2.1,320,3.1,-9,1002.6,1019.9,,,-.2
2016-01-14 01:00:00,0,35,18,0.004,0.400,0.034,0.006,1.1,,49,3.8,320,3.2,-8.4,1002.8,1020.1,,,-.1
2016-01-14 02:00:00,0,39,19,0.004,0.400,0.031,0.006,.9,,50,3.9,290,3.3,-8.3,1003.2,1020.5,,,-.2
2016-01-14 03:00:00,0,36,23,0.004,0.400,0.035,0.005,.8,0,45,4.5,290,2.9,-9.8,1003.6,1020.9,,,-.2
2016-01-14 04:00:00,0,35,18,0.004,0.300,0.039,0.003,.8,,44,4,290,2.9,-10,1003.4,1020.7,,,-.4
2016-01-14 05:00:00,0,22,9,0.004,0.300,0.040,0.003,.6,,45,3.4,290,2.9,-9.9,1003.4,1020.8,,,-.5
2016-01-14 06:00:00,0,17,7,0.004,0.300,0.039,0.003,.7,,46,3.6,290,3,-9.6,1003.3,1020.6,,,-.4
2016-01-14 07:00:00,0,20,9,0.004,0.300,0.033,0.006,.5,,50,1.7,340,3.2,-8.7,1003.8,1021.2,,,-.3
2016-01-14 08:00:00,0,24,14,0.004,0.300,0.028,0.008,.4,,53,1.4,340,3.3,-8,1004.3,1021.7,0,,-.3
2016-01-14 09:00:00,1.268,23,13,0.004,0.300,0.023,0.014,.7,,50,2.3,340,3.2,-8.5,1004.8,1022.2,0,,-.1
2016-01-14 10:00:00,5.916,31,10,0.004,0.300,0.033,0.009,.9,,49,3.4,340,3.2,-8.6,1005.2,1022.6,.3,,.5
2016-01-14 11:00:00,14.208,22,8,0.004,0.300,0.035,0.007,1.3,,45,3.5,320,3,-9.3,1005.2,1022.5,.2,,1.5
2016-01-14 12:00:00,19.72,14,10,0.004,0.300,0.037,0.006,2.3,,42,4.2,340,3,-9.3,1004.3,1021.5,.9,,7.6
2016-01-14 13:00:00,17.292,17,9,0.004,0.300,0.036,0.007,3.1,,37,4.6,320,2.8,-10.2,1003.7,1020.9,1,,10.4
2016-01-14 14:00:00,26.444,20,10,0.004,0.300,0.037,0.007,3.5,,41,4.6,340,3.2,-8.5,1003.5,1020.6,1,,11.2
2016-01-14 15:00:00,20.304,18,14,0.004,0.300,0.037,0.008,3.7,,35,3.2,320,2.8,-10.3,1003.4,1020.5,1,,9.5
2016-01-14 16:00:00,14.192,30,17,0.004,0.300,0.038,0.008,3.3,,38,3.6,320,3,-9.6,1003.6,1020.8,1,,6.7
2016-01-14 17:00:00,9.768,25,14,0.004,0.300,0.038,0.010,2.6,,35,2.5,290,2.6,-11.3,1003.7,1020.9,.4,,2.4
2016-01-14 18:00:00,0.636,28,14,0.005,0.400,0.033,0.015,1.6,,36,1.7,340,2.5,-11.8,1003.9,1021.2,0,,0
2016-01-14 19:00:00,0,33,16,0.005,0.600,0.017,0.030,.2,,43,.4,0,2.7,-10.9,1004.5,1021.9,,,-.3
2016-01-14 20:00:00,0,46,21,0.004,0.500,0.015,0.026,-1.1,,50,.3,0,2.8,-10.2,1004.8,1022.3,,,-.7
2016-01-14 21:00:00,0,41,21,0.004,0.600,0.011,0.028,-2.3,,55,.2,0,2.8,-10.1,1005.3,1022.9,,,-1.1
2016-01-14 22:00:00,0,44,21,0.004,0.600,0.013,0.024,-3.1,,61,.4,0,3,-9.5,1005.5,1023.1,,,-1.5
2016-01-14 23:00:00,0,44,20,0.004,0.500,0.017,0.016,-3.8,,63,.2,0,2.9,-9.8,1005.6,1023.3,,,-1.9
2016-01-15 00:00:00,0,42,19,0.004,0.500,0.018,0.013,-4.4,,67,.8,70,3,-9.6,1005.4,1023.1,,,-2.3
2016-01-15 01:00:00,0,37,18,0.004,0.500,0.015,0.010,-5.1,,68,.3,0,2.9,-10,1005.4,1023.2,,,-2.6
2016-01-15 02:00:00,0,39,27,0.004,0.400,0.018,0.007,-5.7,,72,.3,0,2.9,-9.9,1005.2,1023,,,-2.8
2016-01-15 03:00:00,0,32,21,0.004,0.400,0.017,0.007,-6,,75,.2,0,2.9,-9.7,1005,1022.8,,,-3.1
2016-01-15 04:00:00,0,33,17,0.004,0.400,0.017,0.006,-6.4,,76,.3,0,2.9,-9.9,1004.7,1022.5,,,-2.9
2016-01-15 05:00:00,0,31,18,0.004,0.400,0.017,0.006,-5.9,,76,.7,340,3,-9.4,1004.6,1022.4,,,-2.1
2016-01-15 06:00:00,0,37,12,0.004,0.400,0.015,0.007,-5.2,,75,.5,320,3.1,-8.9,1004.7,1022.5,,,-1.7
2016-01-15 07:00:00,0,33,14,0.004,0.400,0.016,0.007,-4.5,,72,.2,0,3.2,-8.7,1005.1,1022.8,,,-1.5
2016-01-15 08:00:00,0,28,17,0.004,0.400,0.012,0.011,-4.2,,72,.7,250,3.2,-8.5,1005,1022.7,0,,-1.5
2016-01-15 09:00:00,1.376,33,22,0.004,0.400,0.009,0.014,-3.3,,69,.6,340,3.3,-8.1,1005.4,1023,0,,-.7
2016-01-15 10:00:00,6.776,47,24,0.004,0.500,0.009,0.017,-1.1,,60,1.4,270,3.4,-7.8,1005.6,1023.1,.7,,.4
2016-01-15 11:00:00,13.912,57,30,0.005,0.500,0.015,0.019,1,,57,1.4,290,3.8,-6.5,1005.5,1022.9,1,,3.3
2016-01-15 12:00:00,21.076,66,29,0.006,0.400,0.030,0.012,3.1,,53,1.7,320,4.1,-5.5,1004.7,1021.9,1,,7.4
2016-01-15 13:00:00,24.056,67,30,0.006,0.400,0.038,0.009,4.4,,47,2.2,320,3.9,-5.9,1003.5,1020.6,1,,8.3
2016-01-15 14:00:00,24.944,72,36,0.006,0.400,0.043,0.009,5.2,,43,2.8,340,3.8,-6.3,1002.8,1019.8,1,,9.4
2016-01-15 15:00:00,12.34,68,36,0.008,0.500,0.039,0.015,6.1,,38,1.7,340,3.6,-7.1,1002.6,1019.6,.9,,7.6
2016-01-15 16:00:00,6.836,66,37,0.011,0.700,0.037,0.020,6.2,,38,1.5,110,3.6,-7,1002.6,1019.6,.6,,6
2016-01-15 17:00:00,4.768,88,46,0.014,0.700,0.032,0.027,5.7,,37,1.5,140,3.4,-7.8,1002.9,1019.9,.3,,3.8
2016-01-15 18:00:00,0.34,100,48,0.008,0.600,0.029,0.026,4,,39,.9,340,3.2,-8.7,1003.5,1020.6,0,,.9
2016-01-15 19:00:00,0,78,37,0.009,1.000,0.009,0.044,1.9,,48,.1,0,3.4,-7.9,1004,1021.3,,,-.2
2016-01-15 20:00:00,0,85,47,0.006,0.800,0.015,0.033,.3,,53,.4,0,3.3,-8.1,1004.5,1021.9,,,-.4
2016-01-15 21:00:00,0,76,43,0.005,0.600,0.022,0.021,-.7,,58,.2,0,3.4,-7.9,1005.2,1022.7,,,-.6
2016-01-15 22:00:00,0,74,36,0.005,0.600,0.025,0.016,-1.8,,62,.2,0,3.3,-8.1,1005.4,1022.9,,,-.9
2016-01-15 23:00:00,0,60,33,0.005,0.600,0.021,0.016,-2.7,,66,.1,0,3.3,-8.1,1005.4,1023,,,-1.2
2016-01-16 00:00:00,0,63,40,0.004,0.500,0.023,0.013,-3.4,,72,.4,0,3.4,-7.7,1005.4,1023.1,,,-1.6
2016-01-16 01:00:00,0,59,34,0.004,0.500,0.023,0.011,-3.9,,74,.2,0,3.4,-7.8,1005.6,1023.3,,,-1.9
2016-01-16 02:00:00,0,61,30,0.004,0.500,0.025,0.008,-4.6,,76,.2,0,3.3,-8.1,1005.9,1023.7,,,-2.1
2016-01-16 03:00:00,0,59,34,0.004,0.500,0.024,0.008,-4.5,,78,.3,0,3.4,-7.7,1006,1023.7,,,-2.4
2016-01-16 04:00:00,0,63,34,0.004,0.500,0.022,0.008,-4.5,,79,.4,0,3.5,-7.5,1006.1,1023.8,,,-2
2016-01-16 05:00:00,0,61,29,0.004,0.500,0.023,0.008,-4.8,,78,.4,0,3.3,-8,1006.1,1023.9,,,-2.5
2016-01-16 06:00:00,0,65,37,0.005,0.500,0.020,0.009,-4.8,,78,.2,0,3.3,-8,1006,1023.8,,,-2.5
2016-01-16 07:00:00,0,64,32,0.005,0.500,0.019,0.011,-4.5,,79,.4,0,3.5,-7.5,1006.5,1024.3,,,-2.3
2016-01-16 08:00:00,0,63,37,0.005,0.500,0.015,0.014,-4.2,,78,.6,70,3.5,-7.4,1006.8,1024.5,0,,-2.1
2016-01-16 09:00:00,0.868,66,36,0.005,0.500,0.011,0.019,-3,,76,.3,0,3.7,-6.6,1007,1024.7,0,,-.7
2016-01-16 10:00:00,4.768,76,39,0.005,0.600,0.013,0.019,-1.1,,69,.4,0,3.9,-6,1007.5,1025,.2,,.3
2016-01-16 11:00:00,8.864,87,46,0.006,0.500,0.019,0.017,1.5,,61,.5,200,4.2,-5.2,1006.9,1024.2,.4,,2.5
2016-01-16 12:00:00,8.108,83,47,0.006,0.500,0.031,0.012,3.4,,49,.5,250,3.8,-6.3,1005.6,1022.8,.6,,4.4
2016-01-16 13:00:00,7.896,73,37,0.006,0.500,0.036,0.012,6.1,,34,.4,0,3.2,-8.6,1004.3,1021.3,1,,7.4
2016-01-16 14:00:00,10.42,75,38,0.006,0.400,0.042,0.009,7.2,,33,1.1,180,3.3,-8,1003.6,1020.5,.6,,6.4
2016-01-16 15:00:00,18.104,68,43,0.006,0.400,0.046,0.008,8.3,,31,1.6,20,3.4,-7.8,1003.3,1020.1,.6,,9
2016-01-16 16:00:00,13.3,77,43,0.007,0.400,0.042,0.012,8.7,,27,2.1,290,3,-9.3,1003.7,1020.5,1,,6.5
2016-01-16 17:00:00,5.716,76,41,0.017,1.000,0.023,0.032,7.6,,26,3,290,2.7,-10.7,1004.1,1021,.5,,3.5
2016-01-16 18:00:00,0.444,103,54,0.017,1.200,0.015,0.042,4.9,,32,.5,290,2.8,-10.4,1003.9,1021,0,,.5
2016-01-16 19:00:00,0,107,50,0.012,1.100,0.009,0.044,2.5,,41,.6,20,3,-9.4,1005.2,1022.4,,,-.2
2016-01-16 20:00:00,0,109,53,0.007,0.800,0.011,0.036,1.3,,47,.3,0,3.2,-8.7,1005.7,1023,,,-.4
2016-01-16 21:00:00,0,88,43,0.005,0.700,0.014,0.030,-.1,,54,.5,50,3.3,-8.3,1005.4,1022.8,,,-.6
2016-01-16 22:00:00,0,86,43,0.005,0.600,0.019,0.021,-1.3,,58,.6,250,3.2,-8.5,1005.7,1023.2,,,-.8
2016-01-16 23:00:00,0,81,38,0.004,0.600,0.018,0.018,-1.7,,62,.3,0,3.3,-8,1005.6,1023.1,,,-.9
2016-01-17 00:00:00,0,72,37,0.004,0.600,0.022,0.013,-2,,64,.1,0,3.4,-7.9,1005.2,1022.8,,,-.9
2016-01-17 01:00:00,0,59,32,0.004,0.600,0.020,0.013,-1.9,,65,.7,250,3.5,-7.6,1004.7,1022.2,,,-.7
2016-01-17 02:00:00,0,77,37,0.004,0.500,0.025,0.009,-2,,66,.1,0,3.5,-7.5,1004.1,1021.6,,,-.9
2016-01-17 03:00:00,0,71,39,0.004,0.500,0.025,0.008,-2,,67,.1,0,3.5,-7.3,1004.6,1022.1,,,-.9
2016-01-17 04:00:00,0,64,35,0.004,0.500,0.021,0.010,-2.1,,69,.3,0,3.6,-7,1004.6,1022.1,,,-1.3
2016-01-17 05:00:00,0,74,38,0.004,0.500,0.023,0.007,-2.2,,70,.4,0,3.6,-6.9,1004.2,1021.7,,,-1.4
2016-01-17 06:00:00,0,65,31,0.005,0.500,0.022,0.008,-2.7,,73,.2,0,3.7,-6.8,1003.8,1021.4,,,-1.3
2016-01-17 07:00:00,0,62,33,0.005,0.500,0.023,0.009,-2.6,,74,1,70,3.7,-6.6,1002.6,1020.1,,,-1.2
2016-01-17 08:00:00,0,66,41,0.006,0.500,0.019,0.015,-2,,73,.4,0,3.8,-6.2,1003.2,1020.7,0,,-.7
2016-01-17 09:00:00,0,75,42,0.005,0.600,0.019,0.015,-1.2,,70,.2,0,3.9,-5.9,1003.1,1020.6,0,,-.3
2016-01-17 10:00:00,0.292,81,45,0.006,0.600,0.017,0.019,-.4,,64,.2,0,3.8,-6.3,1002.8,1020.2,0,,-.1
2016-01-17 11:00:00,3.124,83,49,0.005,0.600,0.017,0.020,.3,,63,.1,0,3.9,-5.9,1002.3,1019.7,0,,0
2016-01-17 12:00:00,3.692,88,43,0.006,0.600,0.023,0.020,1,,60,.7,320,3.9,-5.9,1000.5,1017.8,0,,.4
2016-01-17 13:00:00,0.932,72,49,0.005,0.400,0.035,0.013,1.9,,55,.6,290,3.8,-6.2,999.2,1016.4,0,,.5
2016-01-17 14:00:00,3.396,66,40,0.006,0.500,0.029,0.019,1.5,,64,.5,270,4.4,-4.5,998.7,1015.9,0,,0
2016-01-17 15:00:00,3.156,61,37,0.004,0.400,0.032,0.014,.9,1,80,.1,0,5.2,-2.1,998.7,1016,0,,0
2016-01-17 16:00:00,1.128,56,31,0.005,0.500,0.030,0.015,1,,82,.6,320,5.4,-1.7,998.4,1015.6,0,,0
2016-01-17 17:00:00,0.624,49,23,0.005,0.500,0.026,0.018,1.1,,83,.6,250,5.5,-1.4,998,1015.2,0,,0
2016-01-17 18:00:00,0.04,44,27,0.005,0.400,0.033,0.012,1,0,84,.2,0,5.5,-1.4,997.6,1014.8,0,,0
2016-01-17 19:00:00,0,42,26,0.005,0.500,0.023,0.019,1.2,,86,1.3,290,5.8,-.8,997.3,1014.5,,,0
2016-01-17 20:00:00,0,46,26,0.004,0.500,0.022,0.016,1.2,,87,.9,270,5.8,-.7,996.9,1014.1,,,0
2016-01-17 21:00:00,0,45,29,0.004,0.500,0.025,0.011,1.3,1,88,.7,250,5.9,-.4,996.2,1013.4,,,0
2016-01-17 22:00:00,0,55,28,0.004,0.400,0.028,0.010,1.5,,90,.4,0,6.1,0,995.7,1012.9,,,0
2016-01-17 23:00:00,0,40,25,0.004,0.400,0.026,0.010,1.6,,90,.9,230,6.2,.1,995.1,1012.2,,,0
2016-01-18 00:00:00,0,36,23,0.004,0.400,0.029,0.007,1.4,0,90,.4,0,6.1,0,994.4,1011.5,,,0
2016-01-18 01:00:00,0,26,23,0.004,0.400,0.029,0.006,1.4,,90,.7,250,6.1,0,993.6,1010.7,,,0
2016-01-18 02:00:00,0,27,10,0.004,0.400,0.029,0.005,1.4,,90,.7,290,6.1,0,993.3,1010.4,,,0
2016-01-18 03:00:00,0,23,15,0.004,0.300,0.035,0.004,2.9,0,91,2,340,6.8,1.5,993.2,1010.2,,,0
2016-01-18 04:00:00,0,14,10,0.005,0.400,0.040,0.005,3.1,,71,2.2,340,5.4,-1.6,992.9,1009.9,,,-.1
2016-01-18 05:00:00,0,37,23,0.006,0.400,0.044,0.005,2.5,,67,2.4,340,4.9,-3,992.3,1009.3,,,-.2
2016-01-18 06:00:00,0,56,29,0.006,0.400,0.044,0.006,3.9,0,64,4.3,290,5.2,-2.3,992.4,1009.3,,,0
2016-01-18 07:00:00,0,61,32,0.006,0.500,0.040,0.006,3.9,,52,4.3,290,4.2,-5,992.6,1009.5,,,0
2016-01-18 08:00:00,0,49,23,0.006,0.500,0.041,0.007,3.1,,48,6,290,3.7,-6.8,993.2,1010.2,0,,.2
2016-01-18 09:00:00,0.124,48,27,0.006,0.500,0.039,0.008,2,0,45,6.6,320,3.2,-8.7,993.8,1010.9,0,,.5
2016-01-18 10:00:00,4.668,60,32,0.005,0.400,0.039,0.007,1.8,,48,6.4,270,3.3,-8,994.4,1011.5,.2,,1.7
2016-01-18 11:00:00,6.04,51,24,0.005,0.500,0.036,0.008,1.1,,43,6.5,290,2.8,-10.1,994.7,1011.9,.4,,1.8
2016-01-18 12:00:00,8.356,48,18,0.004,0.400,0.037,0.006,.5,,44,6.6,290,2.8,-10.3,994.7,1011.9,.3,,3
2016-01-18 13:00:00,9.312,35,17,0.004,0.300,0.038,0.006,.6,,40,6,290,2.6,-11.4,993.6,1010.8,.8,,5.3
2016-01-18 14:00:00,24.304,41,14,0.004,0.300,0.038,0.005,-.4,,38,8,290,2.3,-13,993.8,1011,1,,3.3
2016-01-18 15:00:00,20.412,21,9,0.004,0.200,0.038,0.005,-1.6,0,45,7.9,290,2.4,-12,994.8,1012.1,.8,,1.5
2016-01-18 16:00:00,6.748,7,6,0.004,0.300,0.037,0.005,-2.2,,39,9.2,290,2,-14.3,995.7,1013.1,.6,,-.1
2016-01-18 17:00:00,3.252,26,7,0.004,0.300,0.037,0.006,-3.1,,43,8.2,290,2.1,-13.9,996.5,1014,0,,-.9
2016-01-18 18:00:00,0.064,31,7,0.005,0.300,0.037,0.006,-3.6,,38,7.6,290,1.8,-15.8,996.9,1014.4,0,,-1.7
2016-01-18 19:00:00,0,21,9,0.005,0.300,0.036,0.007,-4.2,,48,6.7,290,2.2,-13.5,997.8,1015.4,,,-1.9
2016-01-18 20:00:00,0,22,7,0.005,0.300,0.036,0.006,-4.2,,48,6.4,290,2.2,-13.5,998.4,1016,,,-2.1
2016-01-18 21:00:00,0,19,9,0.005,0.300,0.036,0.005,-4.1,,42,7.2,290,1.9,-15.1,999,1016.6,,,-2.7
2016-01-18 22:00:00,0,15,10,0.004,0.300,0.036,0.004,-4.5,,44,7.2,290,1.9,-14.9,999.3,1016.9,,,-2.8
2016-01-18 23:00:00,0,14,7,0.004,0.300,0.035,0.005,-4.9,,54,6.2,290,2.3,-12.7,999.4,1017.1,,,-2.9
2016-01-19 00:00:00,0,13,10,0.005,0.200,0.035,0.004,-4.7,,49,6.4,290,2.1,-13.8,999.6,1017.2,,,-2.9
2016-01-19 01:00:00,0,20,8,0.005,0.300,0.035,0.004,-4.8,,51,6.2,290,2.2,-13.4,999.6,1017.3,,,-2.8
2016-01-19 02:00:00,0,13,9,0.004,0.200,0.036,0.003,-5,,51,6.9,290,2.2,-13.5,999.8,1017.5,,,-2.9
2016-01-19 03:00:00,0,20,12,0.004,0.200,0.038,0.003,-5.1,0,44,6.6,290,1.8,-15.4,999.9,1017.6,,,-3.3
2016-01-19 04:00:00,0,40,8,0.004,0.200,0.038,0.002,-5.4,,47,8.6,320,1.9,-14.9,999.7,1017.4,,,-3.6
2016-01-19 05:00:00,0,23,5,0.004,0.200,0.038,0.002,-5.9,,42,7.2,290,1.7,-16.7,999.6,1017.3,,,-4.2
2016-01-19 06:00:00,0,10,2,0.004,0.200,0.037,0.003,-6.5,,40,8.7,320,1.5,-17.9,999.9,1017.7,,,-5.1
2016-01-19 07:00:00,0,20,7,0.004,0.200,0.035,0.004,-7.2,,38,7.1,320,1.4,-19.1,1000.5,1018.3,,,-5.6
2016-01-19 08:00:00,0.012,17,6,0.005,0.200,0.033,0.004,-7.7,,42,6.1,320,1.4,-18.4,1000.8,1018.7,0,,-5.6
2016-01-19 09:00:00,2.548,27,6,0.005,0.200,0.033,0.005,-7.1,,42,6.5,320,1.5,-17.9,1001.8,1019.6,.3,,-4.4
2016-01-19 10:00:00,10.476,26,10,0.005,0.200,0.034,0.005,-6.3,,40,7.8,290,1.5,-17.7,1002.3,1020.1,1,,-3.3
2016-01-19 11:00:00,16.784,25,12,0.005,0.200,0.034,0.004,-5.5,,39,7.6,320,1.6,-17.3,1002,1019.7,1,,.1
2016-01-19 12:00:00,16.132,24,8,0.004,0.200,0.034,0.005,-4.9,,38,7.9,290,1.6,-17.1,1001.6,1019.3,1,,1.1
2016-01-19 13:00:00,14.48,19,6,0.004,0.200,0.035,0.005,-5,,40,8.6,290,1.7,-16.5,1000.8,1018.5,1,,1.2
2016-01-19 14:00:00,7.492,19,9,0.004,0.200,0.035,0.006,-4.6,,42,8.7,290,1.8,-15.5,1000.6,1018.3,1,,1
2016-01-19 15:00:00,4.736,20,6,0.004,0.200,0.034,0.006,-4.7,,41,9.1,290,1.8,-15.9,1000.7,1018.4,.7,,-.5
2016-01-19 16:00:00,4.704,31,7,0.004,0.200,0.035,0.005,-4.8,,40,8.6,290,1.7,-16.3,1001.5,1019.2,.3,,-2.1
2016-01-19 17:00:00,2.04,19,5,0.004,0.300,0.033,0.006,-5,,41,9,270,1.7,-16.2,1002.3,1020,.1,,-3.3
2016-01-19 18:00:00,0.148,18,5,0.004,0.300,0.033,0.006,-5.1,,38,8.6,290,1.6,-17.2,1003.4,1021.1,0,,-4.2
2016-01-19 19:00:00,0,21,12,0.005,0.300,0.033,0.005,-5.4,,39,7.8,290,1.6,-17.2,1004.2,1022,,,-4.6
2016-01-19 20:00:00,0,28,8,0.005,0.200,0.035,0.004,-5.4,,39,8.6,270,1.6,-17.2,1004.5,1022.3,,,-4.9
2016-01-19 21:00:00,0,35,8,0.004,0.200,0.036,0.004,-5.3,,41,8.1,290,1.7,-16.5,1005.3,1023.1,,,-4.9
2016-01-19 22:00:00,0,21,8,0.004,0.200,0.038,0.004,-5.3,,41,6,290,1.7,-16.5,1006.6,1024.4,,,-4.8
2016-01-19 23:00:00,0,22,5,0.004,0.200,0.037,0.004,-5.3,,40,6.5,320,1.6,-16.8,1007.7,1025.5,,,-5.1
2016-01-20 00:00:00,0,23,5,0.004,0.300,0.036,0.004,-5.2,,38,7.2,290,1.6,-17.3,1007.6,1025.4,,,-5.2
2016-01-20 01:00:00,0,26,6,0.004,0.200,0.036,0.003,-5.1,,34,8.5,290,1.4,-18.5,1007.4,1025.2,,,-5.3
2016-01-20 02:00:00,0,31,7,0.004,0.200,0.037,0.003,-5.3,,34,5.1,290,1.4,-18.7,1008,1025.8,,,-5.5
2016-01-20 03:00:00,0,20,8,0.004,0.200,0.038,0.002,-5,,32,5.9,290,1.4,-19.1,1008.4,1026.2,,,-5.5
2016-01-20 04:00:00,0,19,8,0.004,0.200,0.039,0.002,-4.8,,31,4.7,290,1.3,-19.3,1008.8,1026.6,,,-5.5
2016-01-20 05:00:00,0,7,,0.004,0.200,0.039,0.002,-5.2,,32,4.4,340,1.3,-19.3,1009,1026.9,,,-5.6
2016-01-20 06:00:00,0,7,,0.005,0.300,0.038,0.003,-5.6,,37,4.2,340,1.5,-18,1009.5,1027.4,,,-5.8
2016-01-20 07:00:00,0,11,8,0.005,0.300,0.034,0.006,-6.4,,41,2.7,360,1.6,-17.5,1010.2,1028.1,,,-6.1
2016-01-20 08:00:00,0,15,11,0.004,0.300,0.025,0.008,-6.5,,41,3.4,360,1.5,-17.6,1010.8,1028.8,0,,-6
2016-01-20 09:00:00,1.12,15,9,0.005,0.400,0.016,0.017,-5.8,,39,2.4,20,1.6,-17.5,1011.8,1029.7,.3,,-4.3
2016-01-20 10:00:00,7.112,28,12,0.005,0.300,0.029,0.009,-4.3,,31,2.2,360,1.4,-18.9,1012.7,1030.6,1,,-3.3
2016-01-20 11:00:00,13.06,31,14,0.005,0.300,0.036,0.006,-3,,25,4.9,340,1.2,-20.3,1012.7,1030.5,.9,,-1
2016-01-20 12:00:00,20.692,21,12,,,,,-2.3,,25,4.1,340,1.3,-19.7,1011.7,1029.4,.4,,.6
2016-01-20 13:00:00,24.9,29,13,,,,,-1.1,,22,4.6,340,1.2,-20.1,1011.2,1028.8,.9,,1.7
2016-01-20 14:00:00,20.084,30,15,0.003,0.300,0.039,0.005,-.8,,23,5.2,320,1.3,-19.4,1010.9,1028.5,0,,2.2
2016-01-20 15:00:00,8.476,27,16,0.003,0.300,0.040,0.005,-.9,,24,4.3,340,1.4,-18.9,1010.2,1027.8,0,,1.4
2016-01-20 16:00:00,4.58,21,12,0.003,0.300,0.037,0.008,-.9,,22,3.6,340,1.3,-20,1009.8,1027.4,0,,.7
2016-01-20 17:00:00,2.684,21,11,0.003,0.300,0.036,0.010,-1.5,,26,3.2,360,1.4,-18.5,1010.3,1027.9,0,,-.4
2016-01-20 18:00:00,0.884,28,17,0.003,0.300,0.036,0.009,-2.3,,29,2.8,360,1.5,-17.9,1010.3,1028,0,,-2.2
2016-01-20 19:00:00,0,29,17,0.003,0.400,0.032,0.013,-3.3,,33,1.2,320,1.6,-17.3,1010.2,1027.9,,,-3.3
2016-01-20 20:00:00,0,29,16,0.003,0.400,0.033,0.010,-4.4,,39,.9,200,1.7,-16.3,1011.2,1029,,,-4.2
2016-01-20 21:00:00,0,37,15,0.003,0.300,0.032,0.010,-5.8,,45,.9,250,1.8,-15.8,1011.3,1029.2,,,-4.9
2016-01-20 22:00:00,0,27,19,0.003,0.400,0.030,0.011,-5.7,,45,1.2,230,1.8,-15.7,1011.3,1029.2,,,-4.7
2016-01-20 23:00:00,0,27,22,0.003,0.300,0.030,0.010,-5.7,,46,2.2,230,1.8,-15.5,1011.6,1029.5,,,-4.7
2016-01-21 00:00:00,0,28,15,0.003,0.300,0.029,0.009,-6.2,,48,.2,0,1.8,-15.4,1010.8,1028.7,,,-4.5
2016-01-21 01:00:00,0,33,19,0.003,0.300,0.028,0.010,-6.1,,50,.8,270,1.9,-14.8,1010.7,1028.6,,,-4.5
2016-01-21 02:00:00,0,38,24,0.003,0.300,0.029,0.009,-5.8,,47,1.1,230,1.9,-15.3,1010.5,1028.4,,,-4.4
2016-01-21 03:00:00,0,38,19,0.003,0.300,0.029,0.008,-5.5,,43,1.5,250,1.7,-16.1,1010.7,1028.6,,,-4.5
2016-01-21 04:00:00,0,41,20,0.003,0.300,0.027,0.008,-5.3,,40,.4,0,1.6,-16.8,1010.5,1028.4,,,-4.2
2016-01-21 05:00:00,0,38,22,0.003,0.300,0.028,0.008,-5.4,,43,2,270,1.8,-16,1009.9,1027.8,,,-3.9
2016-01-21 06:00:00,0,36,20,0.003,0.300,0.029,0.007,-5.4,,42,.2,0,1.7,-16.3,1009.2,1027,,,-4
2016-01-21 07:00:00,0,39,21,0.003,0.300,0.028,0.008,-6.2,,45,0,0,1.7,-16.2,1009.3,1027.2,,,-5.2
2016-01-21 08:00:00,0,33,17,0.003,0.300,0.025,0.010,-6.7,,50,.5,200,1.8,-15.4,1009.6,1027.5,0,,-4.7
2016-01-21 09:00:00,1.032,36,20,0.003,0.300,0.028,0.011,-4.5,,38,.7,320,1.7,-16.7,1009.7,1027.5,0,,-2.5
2016-01-21 10:00:00,3.532,38,20,0.003,0.300,0.030,0.010,-3.3,,29,1.4,270,1.4,-18.8,1009.8,1027.5,0,,-.4
2016-01-21 11:00:00,5.436,34,12,0.003,0.300,0.031,0.011,-1.2,,20,1.1,250,1.1,-21.3,1009.3,1026.9,0,,1.5
2016-01-21 12:00:00,6.716,31,15,0.003,0.300,0.033,0.009,.3,,12,3.6,360,.8,-25.8,1008.9,1026.4,0,,3
2016-01-21 13:00:00,12.136,22,16,0.003,0.300,0.035,0.009,.6,,13,4.1,340,.8,-24.7,1008,1025.4,0,,3
2016-01-21 14:00:00,8.78,25,13,0.003,0.300,0.038,0.008,.6,,16,4.8,290,1,-22.4,1007.3,1024.7,.2,,3.3
2016-01-21 15:00:00,11.328,16,10,0.003,0.300,0.037,0.010,.2,,18,4.9,340,1.1,-21.3,1006.9,1024.3,.7,,2.3
2016-01-21 16:00:00,9.976,26,15,0.003,0.300,0.036,0.011,.8,,17,4,340,1.1,-21.5,1006.8,1024.2,.8,,.9
2016-01-21 17:00:00,7.088,19,13,0.003,0.300,0.037,0.010,.3,,20,4.7,320,1.2,-20.1,1007.3,1024.7,.2,,-.2
2016-01-21 18:00:00,0.668,20,13,0.003,0.300,0.035,0.012,-.8,,26,3.5,320,1.5,-17.9,1007.7,1025.2,0,,-.8
2016-01-21 19:00:00,0,25,14,0.003,0.400,0.033,0.014,-1.4,,29,3.5,320,1.6,-17.1,1008.2,1025.8,,,-1.3
2016-01-21 20:00:00,0,31,14,0.003,0.400,0.032,0.015,-1.8,,28,3,320,1.5,-17.9,1008.7,1026.3,,,-1.9
2016-01-21 21:00:00,0,28,12,0.003,0.400,0.032,0.013,-2.5,,29,4.4,340,1.5,-18.1,1009.3,1027,,,-2.6
2016-01-21 22:00:00,0,31,16,0.003,0.400,0.030,0.014,-2.9,,30,4.5,340,1.5,-18,1010,1027.7,,,-3.2
2016-01-21 23:00:00,0,32,21,0.003,0.400,0.031,0.013,-3,,30,4.6,340,1.5,-18.1,1010.2,1027.9,,,-3.5
2016-01-22 00:00:00,0,40,24,0.003,0.400,0.032,0.011,-3.4,,33,4.8,340,1.6,-17.4,1010.4,1028.1,,,-3.9
2016-01-22 01:00:00,0,39,22,0.003,0.300,0.035,0.008,-3.8,,36,2.3,20,1.7,-16.7,1010.1,1027.9,,,-4.3
2016-01-22 02:00:00,0,31,17,0.003,0.300,0.033,0.008,-4,,34,2.8,340,1.6,-17.5,1010.2,1028,,,-4.7
2016-01-22 03:00:00,0,33,18,0.003,0.300,0.033,0.007,-3.6,,30,2.6,340,1.4,-18.7,1010.9,1028.7,,,-4.9
2016-01-22 04:00:00,0,27,17,0.002,0.300,0.028,0.007,-3.6,,25,3.7,340,1.2,-20.8,1010.7,1028.5,,,-5.1
2016-01-22 05:00:00,0,29,18,0.002,0.300,0.025,0.008,-4.2,,26,2.8,340,1.2,-20.8,1010.6,1028.4,,,-5.4
2016-01-22 06:00:00,0,40,14,0.002,0.300,0.022,0.007,-4.3,,25,2.7,320,1.1,-21.4,1010.4,1028.2,,,-5.6
2016-01-22 07:00:00,0,30,17,0.002,0.300,0.021,0.008,-4.5,,25,2.4,340,1.1,-21.6,1011.3,1029.1,,,-5.9
2016-01-22 08:00:00,0,21,13,0.002,0.400,0.015,0.012,-5.4,,27,.8,270,1.1,-21.5,1012.1,1030,0,,-6.1
2016-01-22 09:00:00,1.312,28,18,0.002,0.400,0.014,0.015,-2.5,,18,4.1,340,.9,-23.6,1012.5,1030.2,.3,,-3.7
2016-01-22 10:00:00,7.508,38,17,0.002,0.400,0.019,0.016,-.9,,14,4.7,340,.8,-25.1,1012.5,1030.1,1,,-1.1
2016-01-22 11:00:00,17.052,38,17,0.003,0.300,0.031,0.010,.6,,12,4.4,320,.8,-25.6,1012.1,1029.6,1,,3.3
2016-01-22 12:00:00,20.488,25,11,0.003,0.300,0.036,0.008,1.4,,12,4.3,320,.8,-25,1011.1,1028.5,1,,5.6
2016-01-22 13:00:00,26.252,28,15,0.002,0.300,0.039,0.006,2.5,,10,4.2,340,.7,-26.1,1010.3,1027.6,1,,7.2
2016-01-22 14:00:00,27.56,24,11,0.002,0.300,0.039,0.008,3.4,,9,3.8,340,.7,-26.6,1009.9,1027.2,1,,6.7
2016-01-22 15:00:00,21.184,25,9,0.002,0.300,0.039,0.008,2.8,,10,5.1,290,.7,-25.9,1010.1,1027.4,.9,,4.7
2016-01-22 16:00:00,11.324,27,14,0.003,0.300,0.038,0.010,1.9,,12,3.5,320,.8,-24.6,1010.5,1027.9,.1,,2
2016-01-22 17:00:00,3.932,34,11,0.002,0.300,0.037,0.011,.9,,12,2.8,320,.8,-25.3,1010.9,1028.4,0,,-.3
2016-01-22 18:00:00,0.3,23,9,0.002,0.300,0.035,0.013,.1,,16,2.1,340,1,-22.8,1011.3,1028.8,0,,-.4
2016-01-22 19:00:00,0,25,11,0.003,0.400,0.032,0.014,-.7,,19,2.8,340,1.1,-21.5,1011.9,1029.5,,,-.8
2016-01-22 20:00:00,0,21,11,0.003,0.400,0.030,0.015,-1.1,,17,3.3,360,1,-23.1,1011.8,1029.4,,,-1.2
2016-01-22 21:00:00,0,27,13,0.003,0.400,0.027,0.016,-1.4,,17,2.6,20,.9,-23.3,1012.2,1029.8,,,-1.2
2016-01-22 22:00:00,0,37,16,0.003,0.400,0.027,0.015,-1.5,,17,2.4,20,.9,-23.4,1012.3,1029.9,,,-1.4
2016-01-22 23:00:00,0,29,13,0.003,0.400,0.026,0.015,-1.6,,16,3.6,360,.9,-24.2,1012.9,1030.6,,,-1.5
2016-01-23 00:00:00,0,27,14,0.003,0.400,0.025,0.015,-1.7,,16,4.3,360,.9,-24.3,1012.6,1030.3,,,-1.7
2016-01-23 01:00:00,0,29,13,0.004,0.400,0.026,0.014,-1.5,,11,3.7,320,.6,-28.2,1012.8,1030.4,,,-1.8
2016-01-23 02:00:00,0,29,16,0.004,0.400,0.029,0.011,-1.9,,10,4.7,290,.5,-29.5,1012.8,1030.5,,,-2
2016-01-23 03:00:00,0,32,13,0.004,0.400,0.031,0.010,-2.3,,11,3.9,320,.6,-28.8,1012.3,1030,,,-2.1
2016-01-23 04:00:00,0,36,14,0.004,0.400,0.032,0.009,-2.6,,13,4.8,290,.7,-27.3,1011.8,1029.5,,,-2.3
2016-01-23 05:00:00,0,28,20,0.005,0.400,0.032,0.008,-3.4,,24,5.7,290,1.1,-21.1,1012,1029.8,,,-2.5
2016-01-23 06:00:00,0,39,15,0.005,0.400,0.032,0.008,-3.9,,27,3.7,340,1.2,-20.2,1011.4,1029.2,,,-2.7
2016-01-23 07:00:00,0,38,21,0.005,0.400,0.031,0.008,-4.3,,30,2.7,20,1.3,-19.3,1010.9,1028.7,,,-3.5
2016-01-23 08:00:00,0,33,20,0.005,0.400,0.029,0.011,-4.7,,32,3,340,1.4,-18.9,1011.2,1029.1,0,,-3.7
2016-01-23 09:00:00,1.152,41,21,0.005,0.500,0.021,0.020,-3.8,,33,4.4,320,1.5,-17.7,1011.2,1029,.2,,-1.1
2016-01-23 10:00:00,4.968,50,22,0.004,0.400,0.026,0.015,-4.3,,33,3.9,320,1.5,-18.2,1011.6,1029.4,0,,-.7
2016-01-23 11:00:00,10.1,46,26,0.005,0.400,0.029,0.012,-3.8,,30,3.2,320,1.4,-18.8,1011.4,1029.2,.7,,1.9
2016-01-23 12:00:00,18.664,40,22,0.005,0.400,0.033,0.008,-4,,33,3.8,340,1.5,-17.9,1010.6,1028.4,.5,,1.3
2016-01-23 13:00:00,25.776,41,16,0.005,0.400,0.036,0.007,-4.3,,31,3.5,20,1.4,-18.9,1009.6,1027.4,.6,,1.1
2016-01-23 14:00:00,28.552,48,20,0.004,0.300,0.037,0.007,-3.5,,21,4.8,290,1,-22.7,1008.9,1026.6,.8,,2.9
2016-01-23 15:00:00,27.72,68,19,0.004,0.300,0.038,0.006,-3.5,,18,4.8,290,.9,-24.4,1008.1,1025.8,.9,,2.2
2016-01-23 16:00:00,22.82,32,8,0.004,0.300,0.038,0.006,-4.1,,17,5.5,290,.8,-25.6,1007.9,1025.7,1,,-.1
2016-01-23 17:00:00,12.84,22,9,0.004,0.300,0.037,0.007,-5,,19,4,290,.8,-25.1,1008.1,1025.9,.7,,-1.8
2016-01-23 18:00:00,1.928,19,11,0.004,0.300,0.035,0.008,-6.2,,25,4.4,290,1,-23,1009,1026.9,0,,-2.9
2016-01-23 19:00:00,0,17,9,0.004,0.300,0.033,0.009,-7.6,,39,3,320,1.4,-19.1,1009.5,1027.5,,,-3.9
2016-01-23 20:00:00,0,18,9,0.003,0.300,0.032,0.008,-8.3,,31,4.5,340,1,-22.4,1010,1028.1,,,-4.9
2016-01-23 21:00:00,0,15,8,0.003,0.300,0.032,0.007,-8.8,,44,3.6,340,1.4,-18.8,1009.9,1028,,,-4.9
2016-01-23 22:00:00,0,15,6,0.003,0.300,0.034,0.005,-9,,41,3.3,290,1.3,-19.8,1009.5,1027.6,,,-5.2
2016-01-23 23:00:00,0,11,9,0.003,0.300,0.035,0.004,-9.4,,50,2.2,270,1.5,-17.9,1008.7,1026.8,,,-4.9
2016-01-24 00:00:00,0,9,8,0.003,0.300,0.036,0.003,-9.9,0,65,1.5,340,1.9,-15.2,1008.3,1026.5,,,-5
2016-01-24 01:00:00,0,11,6,0.003,0.300,0.034,0.003,-10.6,,73,3.8,340,2,-14.5,1007.4,1025.6,,,-4.8
2016-01-24 02:00:00,0,14,8,0.003,0.300,0.036,0.004,-10.6,,77,.5,70,2.1,-13.8,1006.3,1024.5,,,-3.4
2016-01-24 03:00:00,0,16,10,0.003,0.300,0.037,0.003,-9.7,1,75,2.3,270,2.2,-13.3,1005.7,1023.8,,,-2.9
2016-01-24 04:00:00,0,15,8,0.003,0.300,0.039,0.003,-9.6,,61,2.9,320,1.8,-15.7,1005,1023.1,,,-2.6
2016-01-24 05:00:00,0,16,8,0.003,0.300,0.038,0.003,-9.6,,53,3.7,320,1.6,-17.4,1004.7,1022.8,,,-2.6
2016-01-24 06:00:00,0,22,7,0.003,0.300,0.036,0.004,-9.8,0,47,3.7,290,1.4,-19,1004.4,1022.5,,,-2.6
2016-01-24 07:00:00,0,14,9,0.003,0.300,0.035,0.004,-10.6,,56,2.4,320,1.5,-17.6,1004.5,1022.6,,,-2.7
2016-01-24 08:00:00,0,15,8,0.003,0.300,0.033,0.005,-11.7,,57,3.2,320,1.4,-18.5,1005.3,1023.5,0,,-2.7
2016-01-24 09:00:00,0.308,16,9,0.004,0.300,0.031,0.006,-12.1,0,63,2.7,340,1.5,-17.7,1005.6,1023.9,0,,-2.5
2016-01-24 10:00:00,4.028,23,8,0.005,0.300,0.030,0.006,-11.3,,54,2.5,340,1.4,-18.7,1005.9,1024.1,0,,-2.1
2016-01-24 11:00:00,11.812,20,10,0.006,0.300,0.029,0.007,-9.9,,45,4.3,320,1.3,-19.6,1005.8,1023.9,.9,,-1.6
2016-01-24 12:00:00,20.384,27,13,0.005,0.300,0.031,0.006,-9.7,0,41,5.5,290,1.2,-20.5,1005.4,1023.5,1,,-1.3
2016-01-24 13:00:00,30.796,31,12,0.005,0.300,0.033,0.006,-8.7,,38,5.5,290,1.2,-20.4,1004.6,1022.6,1,,-.9
2016-01-24 14:00:00,33.092,34,17,0.004,0.300,0.035,0.006,-8.1,,32,6,290,1.1,-21.9,1004.3,1022.3,1,,-.7
2016-01-24 15:00:00,27.12,35,13,0.004,0.300,0.036,0.006,-7.5,,29,5.4,290,1,-22.5,1004.3,1022.2,1,,-.9
2016-01-24 16:00:00,23.056,25,12,0.003,0.300,0.037,0.006,-7.2,,24,4.5,290,.9,-24.3,1004.8,1022.7,1,,-1.4
2016-01-24 17:00:00,13.94,22,13,0.004,0.300,0.037,0.005,-7.7,,27,5.2,290,.9,-23.5,1006,1024,.7,,-2.4
2016-01-24 18:00:00,2.584,24,10,0.003,0.300,0.038,0.005,-7.9,,30,4.4,290,1,-22.4,1007.1,1025.1,0,,-3.1
2016-01-24 19:00:00,0,23,7,0.003,0.300,0.037,0.005,-8.7,,39,5.1,270,1.2,-20.1,1008.1,1026.2,,,-3.5
2016-01-24 20:00:00,0,14,9,0.003,0.300,0.037,0.005,-8.9,,37,4.4,320,1.2,-20.9,1009.1,1027.2,,,-3.7
2016-01-24 21:00:00,0,12,7,0.003,0.200,0.037,0.005,-8.4,,43,4.2,340,1.4,-18.7,1009.5,1027.6,,,-3.8
2016-01-24 22:00:00,0,9,8,0.002,0.200,0.037,0.004,-9.2,,47,2.8,360,1.4,-18.4,1009.8,1027.9,,,-4
2016-01-24 23:00:00,0,7,7,0.002,0.200,0.036,0.004,-8.2,,49,3.6,360,1.6,-17,1009.7,1027.8,,,-4.1
2016-01-25 00:00:00,0,7,,0.003,0.300,0.036,0.004,-7.8,,50,2.6,320,1.7,-16.4,1009.8,1027.8,,,-4
2016-01-25 01:00:00,0,9,9,0.003,0.300,0.036,0.004,-7.5,,51,2.6,360,1.8,-15.9,1009.7,1027.7,,,-3.8
2016-01-25 02:00:00,0,11,7,0.003,0.300,0.035,0.004,-7.1,,52,4.5,340,1.9,-15.3,1009.2,1027.2,,,-3.9
2016-01-25 03:00:00,0,10,,0.003,0.300,0.034,0.005,-7,,52,4.1,360,1.9,-15.2,1009.2,1027.2,,,-4
2016-01-25 04:00:00,0,11,9,0.003,0.300,0.036,0.004,-7.1,,52,3,360,1.9,-15.3,1009.1,1027.1,,,-4
2016-01-25 05:00:00,0,10,,0.003,0.300,0.036,0.004,-6.2,,49,3.4,320,1.9,-15.1,1009,1026.9,,,-4
2016-01-25 06:00:00,0,12,8,0.003,0.300,0.036,0.004,-6.8,,50,3.4,360,1.8,-15.5,1009.4,1027.4,,,-3.9
2016-01-25 07:00:00,0,16,9,0.003,0.300,0.033,0.006,-6.9,,50,3.9,360,1.8,-15.6,1009.7,1027.7,,,-4
2016-01-25 08:00:00,0,22,13,0.003,0.300,0.027,0.011,-7.2,,50,3.2,360,1.8,-15.8,1010.2,1028.2,0,,-4
2016-01-25 09:00:00,1.204,16,10,0.003,0.300,0.016,0.020,-5.5,,45,4.5,340,1.8,-15.5,1010.6,1028.5,.3,,-3.3
2016-01-25 10:00:00,7.932,25,10,0.003,0.300,0.024,0.014,-3.8,,38,4.8,340,1.8,-16,1010.8,1028.6,1,,-3
2016-01-25 11:00:00,17.34,40,11,0.003,0.300,0.035,0.008,-2.6,,35,6.1,340,1.8,-15.9,1010.8,1028.5,1,,-1.3
2016-01-25 12:00:00,25.388,30,15,0.003,0.300,0.038,0.006,-1.4,,34,4.9,320,1.9,-15.2,1010.3,1027.9,1,,-.1
2016-01-25 13:00:00,30.504,34,12,0.003,0.300,0.040,0.006,-.8,,33,6.3,290,1.9,-15.1,1009.8,1027.3,1,,.1
2016-01-25 14:00:00,32.928,37,9,0.003,0.300,0.041,0.006,-.1,,33,5.9,290,2,-14.4,1009.1,1026.6,1,,3
2016-01-25 15:00:00,31.092,37,14,0.003,0.300,0.042,0.006,.2,,33,5.3,290,2,-14.2,1009,1026.5,1,,2.8
2016-01-25 16:00:00,24.852,30,11,0.003,0.300,0.042,0.006,-.2,,33,7.3,270,2,-14.5,1008.8,1026.3,1,,.3
2016-01-25 17:00:00,15.444,32,13,0.003,0.300,0.041,0.008,-.9,,37,5.6,270,2.1,-13.7,1009.3,1026.8,.8,,-.4
2016-01-25 18:00:00,2.848,34,17,0.003,0.300,0.039,0.010,-1.3,,39,5.7,270,2.2,-13.5,1009.7,1027.3,0,,-1.3
2016-01-25 19:00:00,0,35,14,0.003,0.400,0.037,0.012,-1.7,,40,4.5,290,2.2,-13.5,1010.1,1027.7,,,-1.9
2016-01-25 20:00:00,0,33,14,0.003,0.400,0.037,0.010,-1.6,,41,5,270,2.2,-13.1,1010.3,1027.9,,,-2.7
2016-01-25 21:00:00,0,35,12,0.003,0.300,0.038,0.007,-1.6,,41,5.4,270,2.2,-13.1,1010.5,1028.1,,,-3.2
2016-01-25 22:00:00,0,28,12,0.003,0.300,0.038,0.006,-2.3,,45,3.6,290,2.3,-12.6,1011.1,1028.8,,,-3.7
2016-01-25 23:00:00,0,30,11,0.003,0.300,0.036,0.007,-2.5,,48,3.5,290,2.4,-12,1011.4,1029.1,,,-3.6
2016-01-26 00:00:00,0,31,13,0.003,0.300,0.036,0.006,-3.5,,52,2.5,20,2.5,-11.9,1011.3,1029.1,,,-3.7
2016-01-26 01:00:00,0,31,13,0.003,0.400,0.031,0.008,-3.3,,53,2.7,20,2.5,-11.5,1010.6,1028.3,,,-4
2016-01-26 02:00:00,0,31,12,0.002,0.400,0.030,0.006,-3.3,,54,2.7,320,2.6,-11.3,1010,1027.7,,,-4.4
2016-01-26 03:00:00,0,25,14,0.002,0.300,0.029,0.005,-2.7,,54,2.7,340,2.7,-10.7,1010.2,1027.9,,,-4.4
2016-01-26 04:00:00,0,32,14,0.002,0.400,0.026,0.005,-1.7,,52,2.8,360,2.8,-10.2,1009.9,1027.5,,,-3.4
2016-01-26 05:00:00,0,25,16,0.002,0.400,0.026,0.005,-1.3,,53,1.6,340,3,-9.6,1009.5,1027.1,,,-2.8
2016-01-26 06:00:00,0,31,12,0.002,0.400,0.025,0.006,-.3,,47,4.2,290,2.8,-10.2,1009.2,1026.7,,,-2.5
2016-01-26 07:00:00,0,30,13,0.002,0.400,0.027,0.006,-.2,,47,3,320,2.8,-10.1,1009.5,1027,,,-2.1
2016-01-26 08:00:00,0,33,16,0.002,0.400,0.024,0.011,.1,,46,2.9,290,2.8,-10.1,1009.5,1027,0,,-1.8
2016-01-26 09:00:00,0.156,38,18,0.002,0.400,0.019,0.019,.9,,43,3.3,290,2.8,-10.2,1009.8,1027.2,0,,-.6
2016-01-26 10:00:00,3.076,41,18,0.003,0.400,0.023,0.018,1.8,,45,3.8,340,3.1,-8.8,1010.1,1027.5,.6,,1
2016-01-26 11:00:00,7.324,62,25,0.004,0.400,0.032,0.012,3,,42,3.6,320,3.2,-8.6,1009.9,1027.2,1,,4.8
2016-01-26 12:00:00,9.744,54,20,0.004,0.400,0.037,0.010,3.5,,37,6.8,290,2.9,-9.8,1010,1027.3,1,,9.2
2016-01-26 13:00:00,20.656,55,28,0.003,0.300,0.041,0.009,3.4,,37,5,290,2.9,-9.9,1009.4,1026.6,1,,11.5
2016-01-26 14:00:00,29.608,43,15,0.003,0.300,0.045,0.008,3.3,,31,5.7,320,2.4,-12.2,1009,1026.2,1,,8.8
2016-01-26 15:00:00,30.196,49,18,0.003,0.400,0.047,0.008,3.1,,32,7.1,270,2.4,-12,1009,1026.3,1,,6.8
2016-01-26 16:00:00,19.756,52,20,0.004,0.400,0.046,0.009,3.3,,32,4.9,290,2.5,-11.8,1009.2,1026.5,1,,5
2016-01-26 17:00:00,8.144,52,25,0.005,0.400,0.045,0.010,2.6,,35,4.2,290,2.6,-11.3,1009.1,1026.4,.6,,.9
2016-01-26 18:00:00,0.988,59,28,0.005,0.500,0.041,0.015,1.9,,41,3.6,320,2.9,-9.9,1009.7,1027.1,0,,-.3
2016-01-26 19:00:00,0,59,26,0.005,0.500,0.040,0.014,1.3,,45,3.1,340,3,-9.3,1009.5,1026.9,,,-.5
2016-01-26 20:00:00,0,61,28,0.004,0.600,0.033,0.017,1.6,,44,2.9,320,3,-9.3,1009.8,1027.2,,,-.7
2016-01-26 21:00:00,0,66,32,0.003,0.500,0.029,0.016,1.4,,44,1.6,20,3,-9.5,1010.3,1027.7,,,-.5
2016-01-26 22:00:00,0,68,38,0.003,0.600,0.027,0.017,1.8,,45,1.5,20,3.1,-8.8,1010.7,1028.1,,,-.3
2016-01-26 23:00:00,0,65,35,0.004,0.500,0.028,0.016,3.1,,38,2.7,270,2.9,-9.8,1011.1,1028.4,,,-.1
2016-01-27 00:00:00,0,67,32,0.004,0.500,0.030,0.013,2.1,,45,1.8,340,3.2,-8.6,1010.8,1028.2,,,-.3
2016-01-27 01:00:00,0,66,35,0.004,0.500,0.031,0.011,1.9,,47,1.7,20,3.3,-8.2,1010.5,1027.9,,,-.3
2016-01-27 02:00:00,0,65,33,0.004,0.400,0.034,0.010,2.4,,45,2.1,340,3.3,-8.3,1010.5,1027.8,,,-.4
2016-01-27 03:00:00,0,71,25,0.004,0.400,0.033,0.010,2.8,,43,3.7,290,3.2,-8.5,1011,1028.3,,,-.6
2016-01-27 04:00:00,0,68,25,0.004,0.500,0.031,0.011,2.6,,43,2.9,320,3.2,-8.7,1010.6,1027.9,,,-.7
2016-01-27 05:00:00,0,64,28,0.004,0.400,0.030,0.011,2,,41,2.3,290,2.9,-9.9,1010.4,1027.8,,,-1.2
2016-01-27 06:00:00,0,61,31,0.003,0.400,0.030,0.010,1.9,,41,2.5,340,2.9,-9.9,1011.1,1028.5,,,-1.3
2016-01-27 07:00:00,0,65,29,0.004,0.500,0.029,0.014,1.6,,44,2.6,320,3,-9.3,1011.7,1029.1,,,-1.5
2016-01-27 08:00:00,0.044,68,28,0.004,0.500,0.023,0.019,1.2,,48,2.6,340,3.2,-8.6,1011.7,1029.2,0,,-1.4
2016-01-27 09:00:00,1.84,75,29,0.004,0.500,0.019,0.025,2,,45,1.6,360,3.2,-8.7,1012.1,1029.5,.2,,-.1
2016-01-27 10:00:00,6.944,73,32,0.004,0.500,0.016,0.027,3.7,,39,1.1,160,3.1,-9,1012.1,1029.4,1,,.5
2016-01-27 11:00:00,13.524,80,36,0.005,0.500,0.031,0.018,4.6,,33,1.3,360,2.8,-10.3,1012.6,1029.8,1,,3.2
2016-01-27 12:00:00,19.328,80,37,0.005,0.400,0.042,0.011,5.9,,29,1.4,340,2.7,-10.8,1012.9,1030.1,1,,8.2
2016-01-27 13:00:00,21.984,85,29,0.006,0.400,0.045,0.010,6.9,,24,2.5,320,2.4,-12.3,1011.9,1029,1,,10.5
2016-01-27 14:00:00,25.528,79,31,0.006,0.400,0.051,0.007,6.5,,24,3.8,340,2.3,-12.6,1011.7,1028.8,1,,10.3
2016-01-27 15:00:00,19.904,71,28,0.006,0.400,0.051,0.009,6.2,,24,4.3,340,2.3,-12.9,1011.4,1028.5,1,,7.6
2016-01-27 16:00:00,19.068,56,27,0.006,0.400,0.051,0.010,6.3,,18,3.3,320,1.7,-16.3,1011.9,1029,1,,5.4
2016-01-27 17:00:00,9.444,78,36,0.005,0.400,0.049,0.015,5.5,,23,3.2,290,2.1,-14,1012.1,1029.3,.8,,1.6
2016-01-27 18:00:00,1.776,70,35,0.005,0.500,0.047,0.016,4.4,,29,1.5,20,2.4,-12.1,1012.4,1029.6,0,,-1.2
2016-01-27 19:00:00,0,71,36,0.005,0.600,0.026,0.038,1.9,,38,.5,290,2.7,-10.9,1013.2,1030.6,,,-.6
2016-01-27 20:00:00,0,86,35,0.005,0.600,0.035,0.025,.3,,44,.4,0,2.8,-10.5,1013.5,1031.1,,,-1
2016-01-27 21:00:00,0,74,27,0.004,0.600,0.028,0.023,-1.1,,51,.3,0,2.9,-9.9,1013.2,1030.8,,,-1.4
2016-01-27 22:00:00,0,75,33,0.003,0.600,0.023,0.025,-2.1,,56,.6,360,2.9,-9.7,1013.2,1030.9,,,-1.7
2016-01-27 23:00:00,0,67,36,0.003,0.600,0.029,0.019,-2.7,,60,.1,0,3,-9.4,1013.5,1031.2,,,-2
2016-01-28 00:00:00,0,65,32,0.003,0.500,0.033,0.012,-3.5,,64,.7,70,3,-9.3,1013.5,1031.3,,,-2.3
2016-01-28 01:00:00,0,62,28,0.003,0.500,0.027,0.012,-3.9,,66,.1,0,3,-9.3,1013.1,1030.9,,,-2.2
2016-01-28 02:00:00,0,69,32,0.003,0.500,0.025,0.011,-3.6,,67,.3,0,3.1,-8.8,1013.1,1030.9,,,-1.2
2016-01-28 03:00:00,0,70,40,0.003,0.500,0.025,0.010,-3,,66,.7,90,3.2,-8.4,1012.8,1030.6,,,-1
2016-01-28 04:00:00,0,75,39,0.003,0.500,0.029,0.009,-2.6,,63,.3,0,3.2,-8.6,1012.2,1029.9,,,-.8
2016-01-28 05:00:00,0,77,39,0.003,0.500,0.030,0.007,-2.2,,62,.4,0,3.2,-8.5,1011.8,1029.5,,,-.8
2016-01-28 06:00:00,0,68,32,0.003,0.500,0.028,0.009,-2,,62,.2,0,3.3,-8.3,1011.4,1029.1,,,-.9
2016-01-28 07:00:00,0,67,33,0.003,0.500,0.025,0.012,-1.8,,61,.3,0,3.3,-8.3,1011.8,1029.5,,,-.8
2016-01-28 08:00:00,0,74,34,0.003,0.500,0.022,0.015,-1.3,,60,.3,0,3.3,-8,1012.3,1029.9,0,,-.6
2016-01-28 09:00:00,0.288,74,38,0.003,0.600,0.014,0.028,-.8,,59,.1,0,3.4,-7.8,1013,1030.6,0,,-.3
2016-01-28 10:00:00,0.96,88,41,0.003,0.600,0.016,0.030,.1,,54,.4,0,3.3,-8.1,1012.9,1030.5,0,,.3
2016-01-28 11:00:00,1.148,88,39,0.004,0.500,0.022,0.026,1,,51,.8,250,3.3,-8,1012.7,1030.2,0,,1
2016-01-28 12:00:00,1.936,82,39,0.004,0.600,0.017,0.032,2.3,,46,.8,320,3.3,-8.1,1011.5,1028.9,0,,1.4
2016-01-28 13:00:00,1.732,89,42,0.004,0.500,0.027,0.028,2.8,,44,.6,320,3.3,-8.2,1010.3,1027.6,0,,.9
2016-01-28 14:00:00,2.096,86,38,0.005,0.400,0.044,0.012,3.1,,45,.6,320,3.4,-7.7,1009.8,1027.1,0,,1.1
2016-01-28 15:00:00,1.5,77,34,0.003,0.500,0.037,0.016,1.4,.4,73,1.7,340,4.9,-2.9,1009.9,1027.3,0,,1.1
2016-01-28 16:00:00,0.856,70,39,0.003,0.500,0.038,0.014,1.2,,80,.5,290,5.4,-1.8,1009.9,1027.3,0,,.6
2016-01-28 17:00:00,0.144,61,34,0.002,0.400,0.040,0.011,1,,82,1.1,340,5.4,-1.7,1010.2,1027.6,0,,.4
2016-01-28 18:00:00,0,62,31,0.002,0.500,0.034,0.015,.9,3.6,84,.8,270,5.5,-1.5,1010,1027.4,0,,.2
2016-01-28 19:00:00,0,53,32,0.002,0.500,0.035,0.014,.8,,85,.7,320,5.5,-1.4,1010.1,1027.6,,,.1
2016-01-28 20:00:00,0,49,30,0.002,0.400,0.044,0.007,.8,,86,.6,20,5.6,-1.2,1010,1027.5,,,.2
2016-01-28 21:00:00,0,30,20,0.002,0.300,0.043,0.006,.9,5,87,.1,0,5.7,-1,1009.6,1027,,,.2
2016-01-28 22:00:00,0,23,15,0.002,0.400,0.040,0.007,.8,,89,.4,0,5.8,-.8,1009,1026.4,,,.2
2016-01-28 23:00:00,0,18,17,0.002,0.400,0.040,0.006,.9,,90,.3,0,5.9,-.5,1008.8,1026.2,,,.2
2016-01-29 00:00:00,0,22,9,0.002,0.300,0.042,0.005,1,4,91,.3,0,6,-.3,1008.2,1025.6,,,.2
2016-01-29 01:00:00,0,17,7,0.002,0.300,0.044,0.004,1.1,,91,.1,0,6,-.2,1008.2,1025.6,,,.2
2016-01-29 02:00:00,0,15,7,0.002,0.300,0.044,0.004,1.1,,92,.5,230,6.1,0,1008.1,1025.5,,,.2
2016-01-29 03:00:00,0,9,9,0.002,0.300,0.043,0.004,1.3,3,92,1,230,6.2,.1,1007.8,1025.2,,,.3
2016-01-29 04:00:00,0,,6,0.002,0.300,0.043,0.004,1.4,,93,.8,270,6.2,.3,1007.4,1024.8,,,.3
2016-01-29 05:00:00,0,19,7,0.002,0.300,0.042,0.004,1.4,,93,.4,0,6.2,.3,1007.1,1024.5,,,.2
2016-01-29 06:00:00,0,14,7,0.002,0.300,0.041,0.004,1.2,4,93,.2,0,6.2,.1,1006.8,1024.2,,,.1
2016-01-29 07:00:00,0,14,10,0.002,0.300,0.041,0.004,.9,,93,.5,290,6.1,-.1,1007.7,1025.1,,,.1
2016-01-29 08:00:00,0,10,8,0.002,0.300,0.040,0.005,.8,,93,.4,0,6,-.2,1007.5,1024.9,0,,.1
2016-01-29 09:00:00,0.08,5,,0.002,0.400,0.037,0.008,.9,3,93,.2,0,6.1,-.1,1007.5,1024.9,0,,.1
2016-01-29 10:00:00,1.78,7,6,0.002,0.400,0.038,0.007,.9,,93,.9,340,6.1,-.1,1007.6,1025,0,,.1
2016-01-29 11:00:00,3.116,10,6,0.002,0.400,0.038,0.007,1.4,,94,.4,0,6.3,.5,1007.5,1024.9,0,,.1
2016-01-29 12:00:00,4.716,11,7,0.002,0.400,0.038,0.008,2,1,94,.2,0,6.6,1.1,1005.9,1023.2,0,,1.7
2016-01-29 13:00:00,4.58,9,5,0.002,0.400,0.040,0.006,2.5,,94,.5,90,6.9,1.6,1006,1023.3,0,,1.6
2016-01-29 14:00:00,3.212,8,,0.002,0.400,0.039,0.007,2.9,,94,1.2,270,7.1,2,1005.2,1022.4,0,,1.7
2016-01-29 15:00:00,1.304,10,,0.002,0.400,0.037,0.008,2.8,0,93,1.1,340,6.9,1.7,1005.2,1022.4,0,,1.4
2016-01-29 16:00:00,1.388,9,,0.002,0.400,0.037,0.008,2.2,,90,.8,20,6.4,.7,1005.1,1022.4,0,,1.2
2016-01-29 17:00:00,0.64,7,,0.002,0.400,0.036,0.010,1.9,,88,.7,20,6.2,.1,1005.8,1023.1,0,,.9
2016-01-29 18:00:00,0.012,6,,0.002,0.400,0.036,0.012,1.9,3,88,.6,290,6.2,.1,1005.6,1022.9,0,,.5
2016-01-29 19:00:00,0,9,,0.002,0.400,0.038,0.010,1.8,,89,.3,0,6.2,.1,1006.4,1023.7,,,.4
2016-01-29 20:00:00,0,11,,0.002,0.400,0.039,0.008,1.8,,89,.4,0,6.2,.1,1006.7,1024,,,.4
2016-01-29 21:00:00,0,9,,0.002,0.300,0.038,0.008,1.7,1,89,.1,0,6.1,0,1006.5,1023.8,,,.3
2016-01-29 22:00:00,0,7,,0.002,0.300,0.040,0.006,1.7,,90,.5,230,6.2,.2,1006.5,1023.8,,,.3
2016-01-29 23:00:00,0,6,,0.002,0.300,0.040,0.005,1.6,,90,.4,0,6.2,.1,1006.5,1023.8,,,.2
2016-01-30 00:00:00,0,4,,0.002,0.300,0.040,0.004,1.6,0,90,.5,340,6.2,.1,1006.6,1023.9,,,.2
2016-01-30 01:00:00,0,3,,0.002,0.300,0.040,0.005,1.5,,91,.4,0,6.2,.1,1006.6,1023.9,,,.2
2016-01-30 02:00:00,0,5,,0.002,0.300,0.040,0.004,1.6,,91,.5,290,6.2,.2,1007,1024.3,,,.2
2016-01-30 03:00:00,0,7,,0.002,0.300,0.038,0.004,1.7,,91,.3,0,6.2,.3,1007.5,1024.8,,,.2
2016-01-30 04:00:00,0,11,6,0.002,0.400,0.024,0.007,1.8,,91,.6,360,6.3,.4,1007.2,1024.5,,,.3
2016-01-30 05:00:00,0,17,9,0.002,0.400,0.025,0.007,1.8,,91,.1,0,6.3,.4,1006.9,1024.2,,,.3
2016-01-30 06:00:00,0,18,8,0.002,0.400,0.029,0.006,1.8,,91,.1,0,6.3,.4,1007.1,1024.4,,,.2
2016-01-30 07:00:00,0,15,7,0.002,0.400,0.025,0.007,1.8,,91,.8,230,6.3,.4,1007.3,1024.6,,,.3
2016-01-30 08:00:00,0,24,8,0.002,0.400,0.017,0.013,1.8,,91,.1,0,6.3,.4,1007.8,1025.1,0,,.3
2016-01-30 09:00:00,0.284,21,7,0.002,0.500,0.012,0.017,2,,91,.3,0,6.4,.6,1008.4,1025.7,0,,1.1
2016-01-30 10:00:00,1.916,27,13,0.002,0.400,0.018,0.011,2.4,,91,.4,0,6.6,1,1008.9,1026.2,0,,2
2016-01-30 11:00:00,7.228,32,16,0.003,0.400,0.024,0.012,3.1,,90,.8,250,6.9,1.6,1008.4,1025.7,0,,3.9
2016-01-30 12:00:00,7.548,23,16,0.002,0.300,0.038,0.004,4.1,,83,1,340,6.8,1.4,1008.1,1025.3,0,,5.5
2016-01-30 13:00:00,8.436,15,12,0.002,0.300,0.038,0.004,5.6,,70,.6,20,6.3,.5,1007.5,1024.6,0,,8.3
2016-01-30 14:00:00,7.056,16,10,0.002,0.300,0.038,0.005,6.5,,68,.7,290,6.6,1,1007,1024,0,,10
2016-01-30 15:00:00,5.536,17,9,0.002,0.300,0.038,0.005,6.3,,65,1.3,320,6.2,.1,1006.9,1023.9,.4,,9.7
2016-01-30 16:00:00,1.884,16,11,0.002,0.300,0.037,0.006,6.4,,63,1.2,320,6.1,-.1,1007,1024,.4,,8.8
2016-01-30 17:00:00,1.464,18,8,0.002,0.300,0.034,0.007,6.2,,63,1.4,270,6,-.3,1007.3,1024.3,.1,,6.8
2016-01-30 18:00:00,0.452,17,6,0.002,0.300,0.034,0.008,4.8,,69,.5,70,5.9,-.4,1007.5,1024.7,0,,4.1
2016-01-30 19:00:00,0,16,12,0.002,0.400,0.026,0.014,3.5,,78,1,160,6.1,0,1008.3,1025.5,,,2.5
2016-01-30 20:00:00,0,23,10,0.002,0.500,0.017,0.022,2.1,,81,.2,0,5.8,-.8,1008.4,1025.7,,,1
2016-01-30 21:00:00,0,25,16,0.002,0.600,0.009,0.027,1.3,,85,.2,0,5.7,-.9,1009.3,1026.7,,,.6
2016-01-30 22:00:00,0,27,14,0.002,0.500,0.015,0.016,.9,,86,.1,0,5.6,-1.1,1009.6,1027,,,.8
2016-01-30 23:00:00,0,23,18,0.002,0.400,0.017,0.013,.8,,87,.2,0,5.6,-1.1,1009.6,1027,,,.2
2016-01-31 00:00:00,0,25,11,0.002,0.400,0.023,0.010,.2,,88,.3,0,5.5,-1.5,1009.8,1027.3,,,.1
2016-01-31 01:00:00,0,40,12,0.002,0.400,0.021,0.008,-.1,,88,.2,0,5.4,-1.8,1010.5,1028,,,.1
2016-01-31 02:00:00,0,34,10,0.002,0.400,0.025,0.008,-1.3,,88,.3,0,4.9,-3,1010.7,1028.3,,,.2
2016-01-31 03:00:00,0,27,12,0.002,0.400,0.031,0.008,-.5,,90,.4,0,5.3,-1.9,1011,1028.5,,,0
2016-01-31 04:00:00,0,36,18,0.003,0.400,0.032,0.008,-.8,,79,.8,250,4.6,-3.9,1010.4,1028,,,-.4
2016-01-31 05:00:00,0,42,25,0.003,0.400,0.030,0.007,-.9,,75,2.4,250,4.3,-4.7,1009.9,1027.5,,,-.7
2016-01-31 06:00:00,0,47,23,0.003,0.400,0.030,0.006,-1.3,,75,1.4,270,4.2,-5.1,1009.6,1027.2,,,-.9
2016-01-31 07:00:00,0,46,21,0.003,0.400,0.027,0.007,-1.9,,71,.9,250,3.8,-6.4,1009.5,1027.1,,,-1.1
2016-01-31 08:00:00,0,43,25,0.004,0.400,0.031,0.009,-2.3,,76,.5,320,3.9,-5.9,1010.1,1027.8,0,,-1
2016-01-31 09:00:00,1.424,50,18,0.005,0.400,0.033,0.009,-1,,66,2.2,270,3.8,-6.5,1011,1028.6,.3,,-.1
2016-01-31 10:00:00,5.476,58,25,0.006,0.500,0.033,0.010,.6,,51,4.5,340,3.3,-8.3,1011.4,1028.9,1,,.3
2016-01-31 11:00:00,12.848,69,29,0.007,0.500,0.036,0.010,1.9,,32,4.2,340,2.3,-13,1011.5,1028.9,1,,.4
2016-01-31 12:00:00,19.86,73,32,0.007,0.400,0.039,0.010,2.7,,31,3.3,340,2.3,-12.7,1010.6,1027.9,1,,1.3
2016-01-31 13:00:00,20.048,70,29,0.007,0.500,0.040,0.010,3.2,,30,4.4,340,2.3,-12.7,1010.4,1027.7,1,,4.8
2016-01-31 14:00:00,16.492,73,29,0.007,0.400,0.042,0.009,3.1,,29,4.1,340,2.2,-13.2,1010,1027.3,.7,,4.9
2016-01-31 15:00:00,14.848,74,28,0.007,0.400,0.042,0.009,3.4,,29,3.8,290,2.3,-12.9,1008.4,1025.6,.3,,5.2
2016-01-31 16:00:00,11.2,62,33,0.007,0.400,0.040,0.010,3.1,,33,3.1,320,2.5,-11.6,1008.8,1026.1,.1,,4.3
2016-01-31 17:00:00,4.404,57,29,0.005,0.400,0.039,0.010,2.5,,32,2.9,320,2.3,-12.5,1008.8,1026.1,0,,2.4
2016-01-31 18:00:00,0.888,65,26,0.004,0.400,0.037,0.011,1.7,,35,3.6,320,2.4,-12.1,1010,1027.4,0,,.5
2016-01-31 19:00:00,0,62,22,0.004,0.400,0.034,0.012,.4,,44,4.8,360,2.8,-10.4,1010.4,1027.9,,,.3
2016-01-31 20:00:00,0,51,23,0.004,0.400,0.034,0.011,.2,,42,4.4,340,2.6,-11.2,1010.8,1028.3,,,.2
2016-01-31 21:00:00,0,39,20,0.003,0.400,0.036,0.009,-.1,,41,4.7,340,2.5,-11.8,1010.6,1028.1,,,.1
2016-01-31 22:00:00,0,33,19,0.003,0.300,0.037,0.007,-.4,,44,2.6,20,2.6,-11.1,1010.6,1028.1,,,-.2
2016-01-31 23:00:00,0,29,10,0.003,0.300,0.037,0.007,-.7,,45,3.3,20,2.6,-11.1,1011,1028.6,,,-.8
2016-02-01 00:00:00,0,19,9,0.003,0.300,0.036,0.006,-.9,,43,2.1,20,2.5,-11.9,1011.3,1028.9,,,-1.3
2016-02-01 01:00:00,0,23,11,0.003,0.300,0.036,0.006,-1.2,,44,2,20,2.5,-11.9,1011.1,1028.7,,,-1.5
2016-02-01 02:00:00,0,23,9,0.003,0.300,0.033,0.006,-1.4,,43,4,340,2.4,-12.3,1010.8,1028.4,,,-1.6
2016-02-01 03:00:00,0,24,7,0.003,0.300,0.031,0.006,-1.5,,43,3.5,360,2.4,-12.4,1010.5,1028.1,,,-1.6
2016-02-01 04:00:00,0,25,12,0.003,0.300,0.033,0.007,-1.7,,44,2.7,340,2.4,-12.3,1009.9,1027.5,,,-1.7
2016-02-01 05:00:00,0,25,12,0.003,0.300,0.031,0.007,-1.6,,40,3.9,340,2.2,-13.4,1010.1,1027.7,,,-1.8
2016-02-01 06:00:00,0,19,10,0.003,0.300,0.030,0.007,-1.9,,32,4.5,360,1.7,-16.4,1010,1027.6,,,-2.7
2016-02-01 07:00:00,0,23,10,0.003,0.300,0.032,0.007,-2.2,,29,3,20,1.5,-17.8,1010.7,1028.4,,,-2.5
2016-02-01 08:00:00,0,24,10,0.003,0.300,0.031,0.010,-2.8,,35,2.8,20,1.7,-16.1,1010.7,1028.4,0,,-3
2016-02-01 09:00:00,1.68,24,12,0.003,0.300,0.027,0.013,-2.6,,35,3.6,360,1.8,-15.9,1011.8,1029.5,.4,,-1.8
2016-02-01 10:00:00,8.036,32,13,0.004,0.300,0.033,0.009,-1.7,,33,5.3,340,1.8,-15.9,1011,1028.6,1,,-1.8
2016-02-01 11:00:00,17.892,30,11,0.003,0.300,0.035,0.008,-.7,,29,5.1,340,1.7,-16.5,1011.1,1028.7,1,,-.1
2016-02-01 12:00:00,26.008,29,10,0.003,0.300,0.037,0.009,.2,,28,5.4,340,1.7,-16.2,1010,1027.5,1,,1.5
2016-02-01 13:00:00,31.108,37,13,0.003,0.300,0.038,0.008,1.4,,22,4,320,1.5,-18,1009,1026.4,1,,4.4
2016-02-01 14:00:00,33.86,39,17,0.003,0.300,0.041,0.007,2,,23,5.7,290,1.6,-17,1008.3,1025.6,1,,4.8
2016-02-01 15:00:00,31.828,41,11,0.003,0.300,0.042,0.007,2,,25,5.3,270,1.8,-16,1008,1025.3,1,,5.4
2016-02-01 16:00:00,25.844,34,14,0.003,0.300,0.041,0.009,1.7,,25,5.3,290,1.7,-16.2,1008.6,1026,1,,3.3
2016-02-01 17:00:00,15.148,40,16,0.003,0.400,0.040,0.010,.1,,29,6.5,270,1.8,-15.8,1008.3,1025.8,1,,-.1
2016-02-01 18:00:00,1.956,35,15,0.004,0.400,0.037,0.011,-1.3,,37,5.2,290,2.1,-14.1,1008.7,1026.3,0,,-.4
2016-02-01 19:00:00,0,38,17,0.004,0.300,0.036,0.010,-2.1,,40,4.8,290,2.1,-13.9,1009.2,1026.8,,,-.9
2016-02-01 20:00:00,0,33,14,0.003,0.300,0.037,0.009,-2.5,,41,3.2,270,2.1,-13.9,1010.4,1028.1,,,-1.4
2016-02-01 21:00:00,0,23,11,0.003,0.300,0.039,0.008,-2.9,,43,3,320,2.1,-13.7,1010.7,1028.4,,,-1.6
2016-02-01 22:00:00,0,23,13,0.003,0.300,0.038,0.008,-3.3,,42,4.3,290,2,-14.4,1010.3,1028,,,-2.3
2016-02-01 23:00:00,0,22,17,0.003,0.300,0.039,0.007,-3.5,,40,3.1,320,1.9,-15.1,1010.1,1027.8,,,-2.6
2016-02-02 00:00:00,0,18,8,0.003,0.300,0.040,0.006,-3.9,,38,3.3,340,1.7,-16.1,1010.3,1028.1,,,-2.9
2016-02-02 01:00:00,0,20,10,0.003,0.300,0.041,0.005,-3.7,,31,3.4,340,1.4,-18.4,1010.7,1028.5,,,-3.1
2016-02-02 02:00:00,0,13,8,0.003,0.300,0.040,0.005,-4.3,,31,4.3,340,1.4,-18.9,1010.3,1028.1,,,-3.7
2016-02-02 03:00:00,0,19,6,0.003,0.300,0.040,0.004,-4.6,,30,3.3,20,1.3,-19.5,1010,1027.8,,,-4.2
2016-02-02 04:00:00,0,14,4,0.003,0.200,0.041,0.004,-5,,33,2.4,20,1.4,-18.8,1009.7,1027.5,,,-4.3
2016-02-02 05:00:00,0,12,7,0.003,0.300,0.037,0.005,-4.8,,31,4,20,1.3,-19.3,1009.5,1027.3,,,-4.7
2016-02-02 06:00:00,0,11,6,0.003,0.300,0.030,0.005,-4.9,,32,2.6,50,1.4,-19,1009.8,1027.6,,,-4.7
2016-02-02 07:00:00,0,17,9,0.002,0.300,0.025,0.007,-5.5,,37,.6,270,1.5,-17.9,1010.1,1028,,,-4.6
2016-02-02 08:00:00,0,24,10,0.002,0.300,0.017,0.015,-5.9,,41,2.9,230,1.6,-17,1010.7,1028.6,0,,-4.7
2016-02-02 09:00:00,1.296,33,8,0.002,0.300,0.019,0.013,-3.6,,32,2.6,320,1.5,-17.9,1011,1028.8,.5,,-.8
2016-02-02 10:00:00,8.668,33,11,0.003,0.300,0.029,0.012,-1.6,,23,3.6,340,1.3,-20,1010.8,1028.4,1,,-1.9
2016-02-02 11:00:00,18.484,32,9,0.004,0.300,0.035,0.010,-.4,,16,4.6,320,.9,-23.2,1010.3,1027.8,1,,.2
2016-02-02 12:00:00,25.944,26,8,0.003,0.300,0.037,0.010,1,,19,3.5,340,1.2,-20.1,1009.3,1026.7,1,,4.5
2016-02-02 13:00:00,30.956,27,11,0.003,0.300,0.040,0.008,1.9,,18,3.5,320,1.3,-19.9,1008.4,1025.7,1,,3.8
2016-02-02 14:00:00,32.624,31,9,0.003,0.300,0.043,0.006,2.6,,18,3,340,1.3,-19.4,1007.7,1025,1,,4.5
2016-02-02 15:00:00,30.712,20,10,0.002,0.300,0.043,0.008,3.3,,19,3.6,340,1.5,-18.1,1007.4,1024.6,1,,3.8
2016-02-02 16:00:00,25.248,28,13,0.003,0.300,0.043,0.009,3.6,,19,3.2,340,1.5,-17.9,1007.3,1024.5,1,,2.1
2016-02-02 17:00:00,15.524,15,12,0.003,0.300,0.041,0.013,3.7,,20,2.1,320,1.6,-17.2,1007.6,1024.8,1,,-.1
2016-02-02 18:00:00,4.62,48,19,0.003,0.300,0.039,0.013,1.9,,27,1.5,320,1.9,-15.1,1008.4,1025.7,0,,0
2016-02-02 19:00:00,0,42,15,0.003,0.400,0.036,0.016,.6,,31,1.3,20,2,-14.6,1008.7,1026.1,,,-.1
2016-02-02 20:00:00,0,34,10,0.004,0.400,0.035,0.016,-1,,37,.8,230,2.1,-13.8,1008.9,1026.4,,,-.2
2016-02-02 21:00:00,0,24,10,0.004,0.400,0.035,0.014,-1.7,,42,.6,200,2.3,-12.9,1009.3,1026.9,,,-.4
2016-02-02 22:00:00,0,40,14,0.004,0.400,0.033,0.014,-3.3,,53,1.4,230,2.5,-11.5,1009.8,1027.5,,,-.7
2016-02-02 23:00:00,0,38,20,0.004,0.400,0.032,0.014,-3.4,,51,1.4,230,2.4,-12.1,1009.8,1027.5,,,-1
2016-02-03 00:00:00,0,45,23,0.004,0.400,0.033,0.012,-3.8,,52,1.4,230,2.4,-12.2,1010,1027.8,,,-1.4
2016-02-03 01:00:00,0,45,22,0.004,0.400,0.034,0.011,-5.2,,60,.9,250,2.5,-11.7,1010.1,1028,,,-1.9
2016-02-03 02:00:00,0,49,20,0.004,0.400,0.033,0.010,-5.7,,62,.3,0,2.5,-11.8,1010,1027.9,,,-2.5
2016-02-03 03:00:00,0,47,21,0.004,0.400,0.032,0.009,-6.2,,65,.8,270,2.5,-11.7,1010.1,1028,,,-2.9
2016-02-03 04:00:00,0,49,20,0.004,0.400,0.031,0.008,-6.3,,64,1.5,230,2.4,-12,1010.1,1028,,,-3.3
2016-02-03 05:00:00,0,41,21,0.004,0.400,0.027,0.008,-6.5,,64,2.6,230,2.4,-12.1,1010.1,1028,,,-3.8
2016-02-03 06:00:00,0,44,22,0.004,0.400,0.028,0.008,-6.1,,58,1.8,230,2.3,-13,1010.7,1028.6,,,-3.9
2016-02-03 07:00:00,0,42,22,0.003,0.400,0.022,0.007,-5.1,,43,.7,320,1.8,-15.7,1011,1028.9,,,-3.8
2016-02-03 08:00:00,0,39,18,0.003,0.400,0.015,0.013,-5.6,,45,.9,270,1.8,-15.6,1011.3,1029.2,0,,-3.7
2016-02-03 09:00:00,1.752,51,23,0.004,0.400,0.018,0.016,-3.7,,39,1.2,230,1.8,-15.6,1011.5,1029.3,.6,,-1.1
2016-02-03 10:00:00,8.748,57,29,0.004,0.400,0.024,0.013,-.4,,37,2.5,340,2.2,-13.3,1011.2,1028.7,1,,-1
2016-02-03 11:00:00,17.848,57,22,0.004,0.400,0.027,0.015,1.9,,33,3.4,320,2.3,-12.7,1010.7,1028.1,1,,.2
2016-02-03 12:00:00,25.352,59,24,0.004,0.300,0.037,0.010,2.7,,29,4.8,290,2.1,-13.6,1009.8,1027.1,1,,2.8
2016-02-03 13:00:00,29.888,40,19,0.003,0.300,0.041,0.008,4.4,,26,3.4,320,2.2,-13.4,1008.5,1025.7,1,,5.1
2016-02-03 14:00:00,31.62,,,,,,,4.8,,25,4,340,2.1,-13.6,1007.9,1025.1,1,,6.3
2016-02-03 15:00:00,29.936,46,4,0.004,0.400,0.037,0.012,5.6,,24,3.4,320,2.2,-13.4,1007.6,1024.7,1,,5.6
2016-02-03 16:00:00,24.348,64,38,0.007,0.600,0.038,0.016,5.6,,24,5.2,270,2.2,-13.4,1008,1025.1,1,,3.4
2016-02-03 17:00:00,14.66,52,32,0.004,0.400,0.045,0.010,4.7,,24,4.3,270,2,-14.2,1008.7,1025.9,1,,.6
2016-02-03 18:00:00,3.74,38,18,0.004,0.400,0.046,0.011,3,,30,4.7,270,2.3,-12.9,1008.9,1026.2,.1,,0
2016-02-03 19:00:00,0,40,23,0.004,0.500,0.043,0.015,2.5,,32,3.9,290,2.3,-12.5,1009.9,1027.2,,,0
2016-02-03 20:00:00,0,47,20,0.004,0.400,0.046,0.012,1.4,,36,3.1,320,2.4,-12,1010.4,1027.8,,,-.1
2016-02-03 21:00:00,0,41,14,0.004,0.400,0.049,0.007,.6,,41,3.1,360,2.6,-11.1,1009.8,1027.3,,,-.2
2016-02-03 22:00:00,0,23,17,0.004,0.400,0.049,0.007,-.4,,44,1.6,320,2.6,-11.1,1010,1027.5,,,-.5
2016-02-03 23:00:00,0,19,14,0.004,0.400,0.042,0.010,-.5,,39,2,340,2.3,-12.7,1010.2,1027.7,,,-.6
2016-02-04 00:00:00,0,31,21,0.003,0.400,0.038,0.008,-.5,,33,2.2,340,1.9,-14.8,1010.7,1028.2,,,-.8
2016-02-04 01:00:00,0,43,26,0.003,0.400,0.035,0.008,.1,,31,2.7,340,1.9,-15,1010.1,1027.6,,,-1.1
2016-02-04 02:00:00,0,43,27,0.005,0.500,0.038,0.008,.3,,33,1.8,340,2.1,-14.1,1010,1027.5,,,-1.4
2016-02-04 03:00:00,0,64,34,0.005,0.500,0.037,0.006,0,,40,2.1,360,2.4,-12,1009.5,1027,,,-1.7
2016-02-04 04:00:00,0,63,35,0.005,0.500,0.036,0.005,.1,,43,2.1,20,2.6,-11,1008.7,1026.2,,,-2
2016-02-04 05:00:00,0,65,35,0.004,0.500,0.033,0.004,-.3,,42,2,20,2.5,-11.6,1008.6,1026.1,,,-2.4
2016-02-04 06:00:00,0,47,29,0.003,0.500,0.031,0.005,-1.1,,42,2.2,50,2.4,-12.4,1008.7,1026.2,,,-2.8
2016-02-04 07:00:00,0,56,34,0.003,0.500,0.027,0.005,-1,,39,1.9,20,2.2,-13.2,1009.1,1026.6,,,-3
2016-02-04 08:00:00,0.024,52,31,0.003,0.500,0.017,0.015,-.4,,34,1.6,340,2,-14.3,1009.8,1027.3,0,,-2.8
2016-02-04 09:00:00,1.736,61,32,0.003,0.500,0.017,0.017,2.3,,30,3,270,2.2,-13.5,1009.8,1027.1,.6,,-.4
2016-02-04 10:00:00,7.812,74,39,0.004,0.500,0.020,0.018,3.2,,32,4,290,2.5,-11.9,1009.6,1026.9,1,,-.1
2016-02-04 11:00:00,9.584,79,44,0.004,0.500,0.020,0.023,4.2,,32,4.7,290,2.6,-11,1009.5,1026.7,1,,.8
2016-02-04 12:00:00,11.904,88,39,0.005,0.400,0.041,0.012,4.3,,30,3.5,290,2.5,-11.7,1008.3,1025.5,.3,,1.1
2016-02-04 13:00:00,11.936,56,25,0.005,0.400,0.046,0.010,4.6,,28,4.2,270,2.4,-12.3,1007.4,1024.5,0,,1.4
2016-02-04 14:00:00,21.596,59,27,0.005,0.400,0.048,0.010,5.2,,26,5.4,270,2.3,-12.7,1006.5,1023.6,.6,,2.7
2016-02-04 15:00:00,23.924,56,28,0.004,0.400,0.048,0.010,5.5,,23,5,270,2.1,-14,1005.8,1022.9,1,,3.4
2016-02-04 16:00:00,17.052,48,30,0.004,0.400,0.047,0.011,5.5,,20,5.1,270,1.8,-15.7,1005.6,1022.7,.5,,2.2
2016-02-04 17:00:00,5.92,49,35,0.004,0.400,0.047,0.011,5.6,,21,2.4,290,1.9,-15,1005.8,1022.9,1,,1.3
2016-02-04 18:00:00,1.268,45,24,0.003,0.400,0.046,0.011,4.5,,26,2.9,340,2.2,-13.3,1006,1023.1,.1,,-.4
2016-02-04 19:00:00,0,41,16,0.003,0.400,0.041,0.014,3.2,,33,2.3,320,2.5,-11.5,1006.7,1023.9,,,.1
2016-02-04 20:00:00,0,34,19,0.004,0.500,0.043,0.011,2.8,,37,3,290,2.8,-10.4,1007.3,1024.6,,,0
2016-02-04 21:00:00,0,43,19,0.005,0.600,0.041,0.015,2.7,,37,5.4,270,2.8,-10.5,1007.8,1025.1,,,-.1
2016-02-04 22:00:00,0,62,31,0.005,0.600,0.041,0.014,2.4,,33,4.9,270,2.4,-12.2,1007.7,1025,,,-.2
2016-02-04 23:00:00,0,65,29,0.006,0.600,0.041,0.013,1.9,,29,2.5,320,2,-14.3,1007.6,1024.9,,,-.2
2016-02-05 00:00:00,0,64,35,0.006,0.600,0.040,0.012,1.7,,23,3,320,1.6,-17.2,1007.7,1025,,,-.4
2016-02-05 01:00:00,0,45,33,0.005,0.500,0.037,0.010,1.2,,22,3.7,340,1.5,-18.2,1007.6,1025,,,-.7
2016-02-05 02:00:00,0,53,30,0.004,0.500,0.034,0.009,1.2,,18,3.1,320,1.2,-20.5,1007.6,1025,,,-.9
2016-02-05 03:00:00,0,38,22,0.003,0.500,0.030,0.008,.4,,19,2.8,340,1.2,-20.6,1007.7,1025.1,,,-1.4
2016-02-05 04:00:00,0,46,24,0.003,0.500,0.031,0.007,.1,,20,2.8,340,1.2,-20.2,1007.4,1024.9,,,-1.9
2016-02-05 05:00:00,0,38,25,0.003,0.500,0.027,0.008,-.3,,22,3.7,320,1.3,-19.4,1006.8,1024.3,,,-2.4
2016-02-05 06:00:00,0,41,25,0.003,0.500,0.025,0.007,-.8,,26,3.4,340,1.5,-17.9,1006.6,1024.1,,,-2.8
2016-02-05 07:00:00,0,40,23,0.003,0.500,0.022,0.007,-1.4,,30,2.3,290,1.7,-16.7,1006.6,1024.1,,,-3
2016-02-05 08:00:00,0,41,25,0.002,0.500,0.017,0.010,-2,,35,2.4,250,1.8,-15.4,1006.4,1024,0,,-3
2016-02-05 09:00:00,1.64,38,22,0.003,0.500,0.015,0.018,0,,31,3,320,1.9,-15.1,1006.8,1024.3,.6,,-.6
2016-02-05 10:00:00,8.532,53,24,0.004,0.300,0.037,0.011,2.8,,17,3.4,340,1.3,-19.9,1006.6,1023.8,1,,-.5
2016-02-05 11:00:00,17.972,40,13,0.003,0.300,0.041,0.010,4,,13,3.6,340,1.1,-22,1006,1023.1,1,,.3
2016-02-05 12:00:00,25.208,42,15,0.003,0.300,0.045,0.007,5,,12,4,340,1,-22.1,1005.6,1022.7,1,,3.8
2016-02-05 13:00:00,29.796,32,13,0.003,0.300,0.045,0.007,5.6,,12,3.9,320,1.1,-21.6,1004.6,1021.6,1,,6.6
2016-02-05 14:00:00,31.756,23,12,0.002,0.300,0.044,0.007,5.9,,12,4.2,340,1.1,-21.4,1004,1021,1,,8.3
2016-02-05 15:00:00,30.376,46,28,0.003,0.300,0.043,0.008,6.5,,11,3.1,320,1.1,-21.9,1003.6,1020.6,1,,7
2016-02-05 16:00:00,23.672,24,13,0.003,0.300,0.043,0.009,6.1,,13,4.6,270,1.2,-20.3,1003.4,1020.4,1,,4
2016-02-05 17:00:00,13.112,22,8,0.003,0.300,0.043,0.010,4.9,,15,4.2,270,1.3,-19.6,1003.8,1020.9,1,,.7
2016-02-05 18:00:00,2.464,21,8,0.003,0.300,0.039,0.014,3.3,,21,1.7,290,1.6,-17,1003.8,1021,.1,,0
2016-02-05 19:00:00,0,29,15,0.003,0.300,0.041,0.011,2.3,,28,2.4,290,2,-14.3,1004.3,1021.5,0,,0
2016-02-05 20:00:00,0,26,13,0.003,0.300,0.042,0.009,1.2,,35,1.8,340,2.3,-12.6,1004.4,1021.7,,,-.1
2016-02-05 21:00:00,0,18,13,0.003,0.300,0.038,0.012,.7,,39,1.8,290,2.5,-11.7,1004.9,1022.3,,,-.3
2016-02-05 22:00:00,0,23,9,0.003,0.300,0.043,0.007,.3,,41,2.2,270,2.6,-11.4,1005.2,1022.6,,,-.4
2016-02-05 23:00:00,0,17,5,0.003,0.300,0.042,0.007,-.1,,43,1.1,340,2.6,-11.2,1005.3,1022.7,,,-.6
2016-02-06 00:00:00,0,13,5,0.003,0.300,0.040,0.007,.2,,32,4,290,2,-14.5,1005.3,1022.7,,,-.9
2016-02-06 01:00:00,0,12,5,0.003,0.300,0.040,0.007,0,,31,2.4,290,1.9,-15.1,1004.8,1022.2,,,-1.1
2016-02-06 02:00:00,0,36,11,0.003,0.300,0.038,0.007,-1.1,,39,2.4,340,2.2,-13.3,1004.7,1022.2,,,-1.1
2016-02-06 03:00:00,0,25,13,0.003,0.300,0.033,0.005,-1.1,,40,2.2,340,2.3,-13,1004.3,1021.8,,,-1.5
2016-02-06 04:00:00,0,26,17,0.002,0.300,0.029,0.005,-2.1,,47,.8,320,2.5,-11.9,1003.9,1021.4,,,-1.4
2016-02-06 05:00:00,0,25,15,0.002,0.400,0.025,0.006,-1.2,,46,2.4,360,2.6,-11.3,1004.2,1021.7,,,-2
2016-02-06 06:00:00,0,25,14,0.002,0.400,0.023,0.005,-2.2,,54,.9,250,2.8,-10.2,1004.1,1021.6,,,-2.4
2016-02-06 07:00:00,0,28,13,0.002,0.400,0.021,0.006,-.9,,52,2.6,320,3,-9.5,1004.2,1021.7,,,-2.3
2016-02-06 08:00:00,0.04,22,17,0.002,0.400,0.017,0.008,-.4,,45,4.3,290,2.7,-10.9,1004.7,1022.1,0,,-2.1
2016-02-06 09:00:00,1.78,25,12,0.002,0.400,0.017,0.009,.1,,39,3.2,320,2.4,-12.2,1004.7,1022.1,.6,,-.3
2016-02-06 10:00:00,8.808,38,18,0.003,0.400,0.023,0.009,.9,,35,4.3,290,2.3,-12.8,1004.8,1022.2,1,,-.2
2016-02-06 11:00:00,17.86,44,20,0.003,0.300,0.039,0.007,1.1,,35,5.1,290,2.3,-12.6,1004.8,1022.1,1,,.4
2016-02-06 12:00:00,26.1,37,20,0.003,0.300,0.040,0.007,2.1,,30,5.1,320,2.1,-13.7,1004.5,1021.8,1,,3.3
2016-02-06 13:00:00,30.496,44,13,0.003,0.300,0.042,0.006,2.9,,26,4.9,290,2,-14.7,1004.2,1021.4,1,,5.5
2016-02-06 14:00:00,32.476,33,23,0.003,0.300,0.042,0.008,3.4,,25,4.9,270,1.9,-14.8,1003.6,1020.7,1,,6.8
2016-02-06 15:00:00,31.508,59,32,0.003,0.300,0.042,0.008,3.1,,26,6.5,270,2,-14.5,1003.6,1020.8,1,,5.6
2016-02-06 16:00:00,26.2,48,25,0.003,0.300,0.040,0.009,2.3,,30,7,270,2.2,-13.5,1003.6,1020.8,1,,2.7
2016-02-06 17:00:00,15.836,51,23,0.004,0.400,0.040,0.009,2.1,,29,4.8,290,2.1,-14.1,1004.1,1021.4,1,,.1
2016-02-06 18:00:00,5.256,41,18,0.004,0.400,0.041,0.009,.6,,33,5.2,270,2.1,-13.8,1004.7,1022.1,.1,,0
2016-02-06 19:00:00,0,38,14,0.004,0.400,0.039,0.010,-.2,,37,4.4,290,2.2,-13.1,1005.6,1023.1,0,,-.2
2016-02-06 20:00:00,0,29,10,0.004,0.300,0.041,0.007,-.8,,36,4.8,270,2.1,-14,1006.3,1023.8,,,-.5
2016-02-06 21:00:00,0,8,5,0.003,0.300,0.041,0.006,-1.5,,37,2.7,290,2,-14.3,1006.8,1024.3,,,-.7
2016-02-06 22:00:00,0,12,8,0.003,0.300,0.041,0.005,-2,,39,2.7,340,2.1,-14.1,1007.3,1024.9,,,-1
2016-02-06 23:00:00,0,19,9,0.004,0.300,0.040,0.006,-2.4,,40,3,340,2.1,-14.1,1007.4,1025,,,-1.4
2016-02-07 00:00:00,0,26,12,0.003,0.300,0.041,0.005,-2.9,,43,2.4,20,2.1,-13.7,1007.5,1025.2,,,-2
2016-02-07 01:00:00,0,27,14,0.003,0.300,0.034,0.006,-3.6,,45,1,50,2.1,-13.8,1007.6,1025.3,,,-2.5
2016-02-07 02:00:00,0,25,12,0.003,0.300,0.033,0.005,-4.9,,53,1.3,270,2.3,-13,1007.6,1025.4,,,-3.1
2016-02-07 03:00:00,0,25,17,0.003,0.300,0.032,0.006,-5.9,,55,.9,230,2.2,-13.5,1007.6,1025.5,,,-3.8
2016-02-07 04:00:00,0,30,14,0.003,0.300,0.033,0.006,-6.7,,59,.5,250,2.2,-13.3,1007.4,1025.3,,,-4.2
2016-02-07 05:00:00,0,28,18,0.003,0.300,0.033,0.006,-7.3,,62,.9,250,2.2,-13.3,1007.3,1025.2,,,-4.6
2016-02-07 06:00:00,0,32,19,0.004,0.300,0.034,0.006,-8.2,,68,.7,70,2.3,-13,1007,1025,,,-4.8
2016-02-07 07:00:00,0,34,19,0.004,0.300,0.031,0.007,-8.6,,73,.3,0,2.3,-12.5,1007,1025,,,-4.9
2016-02-07 08:00:00,0.012,36,18,0.004,0.400,0.029,0.009,-9,,74,.3,0,2.3,-12.7,1007.5,1025.6,0,,-4.8
2016-02-07 09:00:00,1.516,41,19,0.004,0.400,0.029,0.009,-5.7,,66,.3,0,2.6,-11,1007.7,1025.5,.6,,-1.6
2016-02-07 10:00:00,8.748,38,22,0.004,0.400,0.032,0.009,-3.5,,45,1.1,270,2.1,-13.7,1007.3,1025,1,,-1.8
2016-02-07 11:00:00,18.412,45,22,0.004,0.400,0.035,0.010,-.9,,30,1.1,290,1.7,-16.3,1006.6,1024.1,1,,.1
2016-02-07 12:00:00,25.636,55,25,0.004,0.300,0.038,0.009,2.7,,22,1.3,290,1.6,-16.9,1005.6,1022.8,1,,3.9
2016-02-07 13:00:00,29.912,40,16,0.004,0.300,0.042,0.008,3.6,,14,1.2,250,1.1,-21.4,1004.1,1021.2,1,,6.4
2016-02-07 14:00:00,31.916,48,22,0.003,0.300,0.043,0.008,5.2,,15,.9,200,1.3,-19.4,1003.1,1020.2,1,,8.5
2016-02-07 15:00:00,30.62,48,24,0.013,1.000,0.039,0.018,6.5,,13,1.2,200,1.3,-20,1002.5,1019.4,1,,8.5
2016-02-07 16:00:00,25.844,82,49,0.008,0.700,0.041,0.014,5.7,,10,2.8,290,.9,-23.6,1002.3,1019.3,1,,5.1
2016-02-07 17:00:00,15.692,43,25,0.007,0.400,0.040,0.014,4.4,,11,2.7,320,.9,-23.6,1002.4,1019.5,1,,1.1
2016-02-07 18:00:00,6.188,35,18,0.003,0.300,0.038,0.011,3,,16,2.1,360,1.2,-20.4,1002.7,1019.9,.1,,0
2016-02-07 19:00:00,0,22,6,0.004,0.400,0.030,0.017,2,,22,3,360,1.6,-17.5,1003.1,1020.3,0,,-.1
2016-02-07 20:00:00,0,21,14,0.003,0.500,0.026,0.021,.4,,27,.5,20,1.7,-16.4,1003.3,1020.7,,,-.2
2016-02-07 21:00:00,0,24,14,0.003,0.300,0.037,0.009,-.7,,30,.4,0,1.7,-16.1,1003.6,1021,,,-.4
2016-02-07 22:00:00,0,25,9,0.002,0.300,0.036,0.008,-2.7,,40,.6,230,2,-14.4,1003.8,1021.4,,,-.6
2016-02-07 23:00:00,0,20,4,0.002,0.300,0.038,0.007,-3.1,,42,.3,0,2,-14.2,1004,1021.6,,,-.9
2016-02-08 00:00:00,0,16,5,0.002,0.300,0.040,0.005,-3,,41,.8,230,2,-14.4,1003.7,1021.3,,,-1.2
2016-02-08 01:00:00,0,15,5,0.003,0.300,0.042,0.004,-2.5,,43,1,340,2.2,-13.3,1003.7,1021.3,,,-1.5
2016-02-08 02:00:00,0,10,4,0.003,0.300,0.042,0.004,-1.6,,40,2,340,2.2,-13.4,1003.6,1021.1,,,-1.9
2016-02-08 03:00:00,0,18,6,0.003,0.300,0.040,0.004,-1.3,,42,1.6,320,2.3,-12.5,1003.5,1021,,,-2.2
2016-02-08 04:00:00,0,17,12,0.003,0.300,0.037,0.005,-2.7,,48,.8,270,2.4,-12.2,1003,1020.6,,,-2.6
2016-02-08 05:00:00,0,22,16,0.003,0.300,0.034,0.007,-3.7,,52,1.2,230,2.4,-12.1,1002.6,1020.2,,,-3.2
2016-02-08 06:00:00,0,19,12,0.003,0.400,0.027,0.007,-3.3,,56,.8,290,2.7,-10.8,1002.8,1020.4,,,-3.5
2016-02-08 07:00:00,0,23,12,0.002,0.400,0.021,0.009,-3,,57,.9,200,2.8,-10.3,1003,1020.6,,,-3.7
2016-02-08 08:00:00,0.016,27,15,0.003,0.400,0.018,0.012,-3.4,,60,.8,200,2.9,-10,1003.2,1020.8,0,,-3.6
2016-02-08 09:00:00,1.708,30,19,0.003,0.400,0.020,0.011,-1.2,,53,.5,70,3,-9.5,1003.1,1020.6,.7,,-1
2016-02-08 10:00:00,8.444,35,20,0.003,0.400,0.027,0.010,1.9,,42,.7,140,3,-9.6,1002.9,1020.1,1,,-.5
2016-02-08 11:00:00,17.192,42,20,0.003,0.400,0.040,0.007,4,,28,1,110,2.3,-12.9,1002.8,1019.9,1,,.4
2016-02-08 12:00:00,24.492,48,26,0.004,0.400,0.049,0.006,4.9,,26,1.7,70,2.3,-13,1001.8,1018.9,1,,4.4
2016-02-08 13:00:00,28.428,56,27,0.005,0.400,0.054,0.006,7,,18,3.9,290,1.8,-15.7,1000.7,1017.6,1,,6.8
2016-02-08 14:00:00,28.344,68,46,0.005,0.400,0.057,0.006,7.6,,16,3.5,290,1.7,-16.6,999.7,1016.5,1,,8
2016-02-08 15:00:00,25.036,61,27,0.005,0.400,0.060,0.006,8.5,,13,3.8,290,1.4,-18.4,999.1,1015.8,1,,7.4
2016-02-08 16:00:00,22.256,62,34,0.006,0.400,0.062,0.006,8.3,,13,5.7,290,1.4,-18.6,998.7,1015.4,1,,5.2
2016-02-08 17:00:00,12.596,62,27,0.008,0.400,0.065,0.007,7.6,,17,3.9,270,1.8,-15.9,998.7,1015.5,1,,2.1
2016-02-08 18:00:00,2.836,72,31,0.008,0.400,0.065,0.007,6.2,,20,2.1,250,1.9,-15.1,998.6,1015.5,.2,,-.9
2016-02-08 19:00:00,0,81,37,0.006,0.400,0.066,0.007,4.4,,24,1.4,110,2,-14.4,998.6,1015.6,0,,0
2016-02-08 20:00:00,0,87,40,0.006,0.500,0.065,0.007,2.2,,32,2.1,110,2.3,-12.8,998.6,1015.8,,,0
2016-02-08 21:00:00,0,85,47,0.007,0.500,0.064,0.008,.8,,40,.8,140,2.6,-11.2,998.7,1016,,,-.1
2016-02-08 22:00:00,0,90,47,0.008,0.500,0.066,0.007,-.2,,46,.6,70,2.8,-10.4,998.6,1015.9,,,-.3
2016-02-08 23:00:00,0,95,41,0.008,0.400,0.065,0.006,1.8,,40,1.6,90,2.8,-10.3,998.3,1015.5,,,-.4
2016-02-09 00:00:00,0,97,40,0.007,0.400,0.065,0.005,6.8,,35,6.6,270,3.5,-7.6,998.2,1015,,,.1
2016-02-09 01:00:00,0,110,44,0.007,0.500,0.063,0.005,6.5,,37,8,270,3.6,-7.1,997.8,1014.7,,,.3
2016-02-09 02:00:00,0,122,52,0.006,0.500,0.058,0.005,4.7,,35,6.8,290,3,-9.4,999.2,1016.2,,,.1
2016-02-09 03:00:00,0,132,60,0.005,0.400,0.051,0.005,3.8,,38,6.1,290,3,-9.2,999.5,1016.5,,,-.1
2016-02-09 04:00:00,0,92,45,0.005,0.600,0.046,0.006,3.3,,30,8.1,290,2.3,-12.6,1000.1,1017.2,,,-.3
2016-02-09 05:00:00,0,109,51,0.005,0.500,0.042,0.005,2.5,,30,6.2,290,2.2,-13.3,1000.7,1017.9,,,-.6
2016-02-09 06:00:00,0,85,41,0.005,0.400,0.041,0.005,2.3,,29,5.1,290,2.1,-13.9,1001.6,1018.8,,,-.7
2016-02-09 07:00:00,0,50,25,0.004,0.400,0.041,0.005,2.1,,28,4,320,2,-14.5,1002.5,1019.7,,,-.9
2016-02-09 08:00:00,0.016,55,22,0.004,0.400,0.040,0.005,1.9,,28,4.7,290,2,-14.7,1003.5,1020.8,0,,-.9
2016-02-09 09:00:00,1.556,52,19,0.004,0.400,0.039,0.006,2.6,,28,4.5,320,2.1,-14.1,1004.3,1021.5,.7,,.4
2016-02-09 10:00:00,8.756,43,17,0.003,0.300,0.040,0.005,3.8,,24,5,290,1.9,-14.9,1004.7,1021.8,1,,.3
2016-02-09 11:00:00,18.268,38,20,0.003,0.300,0.041,0.005,5.1,,20,5.4,290,1.8,-16,1004.9,1022,1,,1.2
2016-02-09 12:00:00,26.144,36,19,0.003,0.300,0.041,0.006,6.4,,17,5.7,270,1.6,-16.9,1004.4,1021.4,1,,5.5
2016-02-09 13:00:00,31.516,38,13,0.003,0.300,0.043,0.005,7.1,,13,5.2,290,1.3,-19.5,1004.3,1021.2,1,,8.2
2016-02-09 14:00:00,34.12,38,11,0.003,0.300,0.044,0.005,7.3,,13,6.6,320,1.3,-19.3,1004.1,1021,1,,9.4
2016-02-09 15:00:00,32.628,29,12,0.003,0.300,0.044,0.005,7.3,,13,5.6,290,1.3,-19.3,1004.4,1021.3,1,,8.9
2016-02-09 16:00:00,27.332,33,9,0.003,0.300,0.045,0.006,7.6,,15,4.5,290,1.6,-17.4,1004.5,1021.4,1,,6.7
2016-02-09 17:00:00,15.92,30,8,0.003,0.300,0.044,0.007,6.6,,16,5.9,270,1.6,-17.5,1004.8,1021.8,1,,3.3
2016-02-09 18:00:00,5.412,32,7,0.003,0.300,0.044,0.006,5.3,,20,4.5,270,1.8,-15.9,1005.8,1022.9,.2,,.4
2016-02-09 19:00:00,0,32,9,0.003,0.300,0.044,0.006,4.2,,24,2.8,270,2,-14.6,1006.5,1023.6,0,,-1.1
2016-02-09 20:00:00,0,26,13,0.003,0.300,0.043,0.006,3.7,,28,3.4,290,2.2,-13.1,1007.1,1024.3,,,0
2016-02-09 21:00:00,0,25,10,0.003,0.300,0.040,0.009,2.2,,33,1.3,360,2.4,-12.4,1007.5,1024.8,,,0
2016-02-09 22:00:00,0,34,14,0.003,0.400,0.037,0.010,1,,39,.9,50,2.6,-11.4,1007.7,1025.1,,,-.1
2016-02-09 23:00:00,0,35,14,0.003,0.400,0.033,0.010,0,,44,.4,0,2.7,-10.8,1007.8,1025.3,,,-.2
2016-02-10 00:00:00,0,32,11,0.003,0.400,0.034,0.008,-1.2,,50,.4,0,2.8,-10.3,1008.2,1025.7,,,-.4
2016-02-10 01:00:00,0,35,10,0.003,0.400,0.032,0.006,-1.9,,51,0,0,2.7,-10.7,1008.6,1026.2,,,-.5
2016-02-10 02:00:00,0,31,9,0.003,0.400,0.030,0.007,-2.9,,59,.5,340,2.9,-9.8,1009,1026.7,,,-.7
2016-02-10 03:00:00,0,20,16,0.002,0.400,0.029,0.005,-3.4,,61,0,0,2.9,-9.8,1008.6,1026.3,,,-.9
2016-02-10 04:00:00,0,33,15,0.002,0.400,0.027,0.005,-3.5,,63,.5,230,3,-9.5,1008.2,1025.9,,,-1.2
2016-02-10 05:00:00,0,30,17,0.002,0.400,0.025,0.005,-4.1,,64,.1,0,2.9,-9.9,1008.2,1026,,,-1.5
2016-02-10 06:00:00,0,31,18,0.002,0.400,0.023,0.006,-5,,71,.2,0,3,-9.4,1008.7,1026.5,,,-1.9
2016-02-10 07:00:00,0,25,13,0.002,0.400,0.022,0.006,-5.4,,73,.1,0,3,-9.4,1009.5,1027.3,,,-2.3
2016-02-10 08:00:00,0.024,29,16,0.003,0.400,0.019,0.010,-5.3,,73,.2,0,3,-9.3,1010.2,1028.1,0,,-2.3
2016-02-10 09:00:00,1.58,32,19,0.003,0.400,0.020,0.011,-2.4,,64,.5,110,3.3,-8.2,1010.4,1028.1,.7,,-.3
2016-02-10 10:00:00,8.852,40,24,0.003,0.300,0.028,0.009,.3,,48,.9,250,3,-9.4,1010.6,1028.1,1,,-.1
2016-02-10 11:00:00,18.168,48,20,0.003,0.300,0.036,0.008,3.7,,36,.7,320,2.9,-10,1010.5,1027.7,1,,.7
2016-02-10 12:00:00,25.34,52,23,0.003,0.300,0.042,0.006,7.4,,26,.7,290,2.7,-10.8,1009.7,1026.7,1,,5.5
2016-02-10 13:00:00,30.02,51,22,0.003,0.300,0.042,0.008,9.3,,15,2.7,90,1.8,-16,1008.7,1025.5,1,,9.2
2016-02-10 14:00:00,31.6,56,32,0.004,0.300,0.042,0.008,10.1,,12,2.6,90,1.5,-18.1,1007.7,1024.5,1,,10.9
2016-02-10 15:00:00,30.5,36,25,0.006,0.300,0.041,0.010,10.7,,11,2.4,70,1.4,-18.6,1007.7,1024.5,1,,11.6
2016-02-10 16:00:00,25.304,34,13,0.014,0.700,0.032,0.020,11,,10,2.4,90,1.3,-19.5,1007.8,1024.5,1,,9.6
2016-02-10 17:00:00,14.364,42,13,0.009,0.600,0.037,0.016,10.4,,11,2.7,90,1.4,-18.8,1008.1,1024.9,1,,6
2016-02-10 18:00:00,3.512,35,11,0.006,0.300,0.035,0.017,8.7,,12,2.9,70,1.3,-19.2,1008.4,1025.3,.2,,2.6
2016-02-10 19:00:00,0,22,18,0.010,0.300,0.024,0.027,7.6,,13,2.1,50,1.4,-19.1,1009.1,1026.1,0,,.8
2016-02-10 20:00:00,0,31,13,0.010,0.400,0.014,0.035,5.9,,20,1.7,70,1.8,-15.4,1009.5,1026.6,,,-.2
2016-02-10 21:00:00,0,33,12,0.008,0.400,0.019,0.024,4.9,,25,1.9,20,2.2,-13.5,1010.2,1027.4,,,-.9
2016-02-10 22:00:00,0,,17,0.007,0.600,0.010,0.031,2.6,,31,.2,0,2.3,-12.8,1010.8,1028.1,,,0
2016-02-10 23:00:00,0,56,18,0.006,0.700,0.008,0.031,1,,38,.2,0,2.5,-11.7,1011,1028.5,,,0
2016-02-11 00:00:00,0,38,23,0.006,0.700,0.009,0.027,0,,44,.2,0,2.7,-10.8,1011.2,1028.7,,,-.1
2016-02-11 01:00:00,0,42,20,0.007,0.800,0.010,0.023,-1,,48,.4,0,2.7,-10.6,1011,1028.6,,,-.1
2016-02-11 02:00:00,0,49,20,0.006,0.900,0.010,0.021,-1.8,,54,.6,230,2.9,-9.8,1011.3,1028.9,,,-.2
2016-02-11 03:00:00,0,45,22,0.006,0.800,0.011,0.018,-2.3,,57,.1,0,3,-9.6,1011.5,1029.2,,,-.3
2016-02-11 04:00:00,0,32,23,0.006,0.900,0.010,0.019,-2.6,,59,.1,0,3,-9.5,1011.4,1029.1,,,-.3
2016-02-11 05:00:00,0,26,22,0.006,0.900,0.010,0.018,-2.5,,59,.1,0,3,-9.4,1011.4,1029.1,,,-.3
2016-02-11 06:00:00,0,36,20,0.006,0.800,0.009,0.017,-2.2,,58,.1,0,3,-9.3,1011.6,1029.3,,,-.3
2016-02-11 07:00:00,0,41,21,0.004,0.800,0.008,0.016,-2.2,,59,0,0,3.1,-9.1,1011.7,1029.4,,,-.4
2016-02-11 08:00:00,0.112,41,20,0.005,0.900,0.005,0.021,-1.9,,59,.6,250,3.1,-8.8,1012.2,1029.9,0,,-.2
2016-02-11 09:00:00,2.988,45,22,0.006,0.800,0.006,0.023,-.2,,52,.3,0,3.1,-8.8,1012.4,1030,.5,,.1
2016-02-11 10:00:00,7.616,54,30,0.008,0.800,0.014,0.023,2.4,,43,.6,200,3.1,-8.9,1012.2,1029.6,1,,.3
2016-02-11 11:00:00,15.1,55,24,0.008,0.500,0.024,0.020,5.9,,33,.6,230,3.1,-9.1,1011.6,1028.7,1,,1.5
2016-02-11 12:00:00,19.548,48,28,0.007,0.400,0.035,0.016,9.2,,32,1.1,290,3.7,-6.6,1010.5,1027.4,.7,,7.7
2016-02-11 13:00:00,20.44,52,32,0.005,0.300,0.042,0.011,11.8,,29,4.1,70,4,-5.6,1009.2,1025.9,1,,11.1
2016-02-11 14:00:00,24.344,43,18,0.004,0.300,0.047,0.009,13.2,,31,2.8,70,4.7,-3.5,1008.4,1025,.5,,14.6
2016-02-11 15:00:00,19.56,52,18,0.005,0.300,0.049,0.012,13.2,,34,5.2,50,5.2,-2.3,1007.8,1024.4,1,,12.1
2016-02-11 16:00:00,11.324,54,24,0.005,0.300,0.046,0.015,13.1,,36,5,70,5.4,-1.6,1007.7,1024.3,.3,,10.3
2016-02-11 17:00:00,4.952,61,24,0.006,0.400,0.043,0.020,12.9,,36,3.5,70,5.4,-1.8,1007.8,1024.4,0,,8.4
2016-02-11 18:00:00,2.168,63,24,0.004,0.400,0.039,0.018,12.3,,39,1.8,70,5.6,-1.2,1007.9,1024.5,.1,,7.2
2016-02-11 19:00:00,0,55,25,0.004,0.400,0.025,0.031,11.6,,42,2.4,50,5.8,-.8,1008.2,1024.9,0,,6.5
2016-02-11 20:00:00,0,55,26,0.004,0.400,0.025,0.028,11.1,,46,3,50,6.1,-.1,1008.5,1025.2,,,6.2
2016-02-11 21:00:00,0,48,27,0.003,0.300,0.035,0.016,10.4,,48,3.7,50,6.1,-.1,1008.7,1025.5,,,6.2
2016-02-11 22:00:00,0,36,17,0.004,0.300,0.040,0.012,10.1,,53,3.7,50,6.5,.9,1008.4,1025.2,,,6.3
2016-02-11 23:00:00,0,27,16,0.006,0.400,0.027,0.024,9.8,,56,3.5,50,6.8,1.4,1007.7,1024.5,,,6.3
2016-02-12 00:00:00,0,38,16,0.005,0.400,0.030,0.018,9.3,0,63,3.4,50,7.4,2.6,1007.7,1024.5,,,6.3
2016-02-12 01:00:00,0,42,19,0.005,0.400,0.025,0.020,9.4,,64,4,50,7.5,2.9,1006.8,1023.6,,,6.4
2016-02-12 02:00:00,0,41,16,0.005,0.400,0.021,0.021,9.4,,63,.9,290,7.4,2.7,1006.8,1023.6,,,6.2
2016-02-12 03:00:00,0,41,26,0.005,0.400,0.018,0.020,9,.3,70,1.5,270,8,3.8,1006.2,1023,,,6.3
2016-02-12 04:00:00,0,38,20,0.004,0.400,0.015,0.020,8,,81,.9,200,8.7,4.9,1005.7,1022.6,,,6.4
2016-02-12 05:00:00,0,43,21,0.004,0.400,0.014,0.018,8,,84,2.1,290,9,5.4,1005.4,1022.3,,,6.6
2016-02-12 06:00:00,0,38,17,0.004,0.400,0.016,0.017,8,5.7,87,.9,20,9.3,5.9,1005.4,1022.3,,,6.6
2016-02-12 07:00:00,0,32,19,0.004,0.400,0.015,0.016,9.2,,89,2,360,10.3,7.4,1004.7,1021.5,,,7.2
2016-02-12 08:00:00,0,33,25,0.004,0.500,0.009,0.024,10,,88,2.9,20,10.7,8,1004.6,1021.4,0,,8.4
2016-02-12 09:00:00,0,36,18,0.004,0.500,0.005,0.028,10.6,4,87,4.1,20,11.1,8.5,1004.4,1021.1,0,,9.5
2016-02-12 10:00:00,0,31,20,0.004,0.600,0.004,0.032,11.1,,86,4.7,50,11.3,8.8,1003.9,1020.6,0,,11.1
2016-02-12 11:00:00,0.332,33,27,0.003,0.600,0.008,0.030,12,,85,4,50,11.9,9.5,1003.8,1020.4,0,,13.1
2016-02-12 12:00:00,0.484,35,26,0.004,0.500,0.012,0.028,12.5,3.5,85,3.8,50,12.3,10,1003,1019.5,0,,15.2
2016-02-12 13:00:00,0.82,28,22,0.003,0.500,0.012,0.032,12.6,,87,2.6,50,12.6,10.4,1002.3,1018.8,0,,16.5
2016-02-12 14:00:00,1.18,23,13,0.003,0.400,0.026,0.020,12.9,,86,2,20,12.8,10.6,1001.1,1017.6,0,,16.5
2016-02-12 15:00:00,0.756,17,9,0.003,0.400,0.024,0.024,12.8,3.5,87,1.8,360,12.8,10.6,1000.8,1017.3,0,,15.6
2016-02-12 16:00:00,0.028,17,6,0.003,0.400,0.026,0.022,12.4,,87,2.3,110,12.4,10.2,1000.6,1017.1,0,,14
2016-02-12 17:00:00,0,13,10,0.004,0.400,0.032,0.014,12.5,,89,2.1,110,12.9,10.7,1000.2,1016.7,0,,13.1
2016-02-12 18:00:00,0,8,7,0.005,0.500,0.026,0.019,12.3,6,90,1.1,50,12.9,10.7,1000.5,1017,0,,12.1
2016-02-12 19:00:00,0,9,7,0.008,0.900,0.025,0.022,12.3,,92,1.5,110,13.1,11,1000.7,1017.2,0,,11.6
2016-02-12 20:00:00,0,36,19,0.008,0.900,0.030,0.016,12.6,,94,.7,200,13.7,11.6,1000.8,1017.3,,,11.2
2016-02-12 21:00:00,0,26,9,0.007,0.600,0.034,0.011,13.1,1.5,95,3,50,14.3,12.3,1000.2,1016.6,,,11.5
2016-02-12 22:00:00,0,19,8,0.004,0.400,0.032,0.010,13,,94,4.5,50,14,12,1000.1,1016.6,,,11.8
2016-02-12 23:00:00,0,19,9,0.003,0.300,0.035,0.008,13.1,,91,3.4,50,13.7,11.6,999.7,1016.1,,,11.7
2016-02-13 00:00:00,0,18,9,0.003,0.300,0.034,0.010,13.1,1,91,2.7,50,13.7,11.6,999.5,1015.9,,,11.6
2016-02-13 01:00:00,0,13,6,0.003,0.300,0.035,0.008,12.7,,92,1.3,70,13.5,11.4,999.1,1015.6,,,11.3
2016-02-13 02:00:00,0,7,4,0.002,0.300,0.033,0.007,13.2,,90,3.1,70,13.6,11.5,998.5,1014.9,,,11.2
2016-02-13 03:00:00,0,7,4,0.002,0.300,0.031,0.008,12.5,1,89,.8,20,12.9,10.7,998.3,1014.8,,,10.8
2016-02-13 04:00:00,0,12,5,0.002,0.300,0.028,0.008,12.1,,91,.4,0,12.8,10.6,997.7,1014.2,,,10.4
2016-02-13 05:00:00,0,13,4,0.002,0.300,0.027,0.007,11.7,,93,.3,0,12.7,10.5,997.5,1014,,,10.3
2016-02-13 06:00:00,0,11,4,0.002,0.400,0.023,0.006,11,0,94,.6,360,12.3,10,996.9,1013.5,,,10.1
2016-02-13 07:00:00,0,13,10,0.002,0.400,0.018,0.009,10.9,,95,.1,0,12.4,10.1,996.8,1013.4,,,9.9
2016-02-13 08:00:00,0,21,8,0.002,0.500,0.015,0.014,10.7,,95,0,0,12.2,9.9,997.1,1013.7,0,,10.1
2016-02-13 09:00:00,0.08,12,10,0.002,0.400,0.009,0.017,10.8,,96,.3,0,12.4,10.1,997.2,1013.8,0,,10.6
2016-02-13 10:00:00,1.356,12,7,0.003,0.500,0.006,0.023,11.5,,96,.5,290,12.9,10.8,996.7,1013.2,0,,12.5
2016-02-13 11:00:00,3.016,22,3,0.003,0.500,0.007,0.024,12.1,,97,.4,0,13.7,11.6,996.1,1012.6,0,,13.6
2016-02-13 12:00:00,6.212,28,7,0.003,0.400,0.017,0.015,13.1,,94,.7,320,14.1,12.1,994.7,1011.1,0,,16.3
2016-02-13 13:00:00,5.04,24,7,0.003,0.300,0.023,0.011,13.6,,88,1,360,13.7,11.6,992.8,1009.1,0,,16.5
2016-02-13 14:00:00,0.992,22,5,0.003,0.400,0.018,0.017,14,,89,1.9,110,14.2,12.2,991.2,1007.4,0,,14.6
2016-02-13 15:00:00,0.476,24,7,0.002,0.400,0.015,0.020,14,1.5,91,1,90,14.5,12.5,989.8,1006,0,,14.2
2016-02-13 16:00:00,0.072,25,12,0.002,0.400,0.013,0.022,14.1,,92,1.7,360,14.8,12.8,989,1005.2,0,,13.8
2016-02-13 17:00:00,0.144,15,13,0.002,0.400,0.013,0.022,14.4,,92,1.9,20,15.1,13.1,988,1004.1,0,,13.7
2016-02-13 18:00:00,0,24,12,0.002,0.400,0.009,0.027,14.6,9,88,1.7,20,14.6,12.6,987.1,1003.2,0,,13.1
2016-02-13 19:00:00,0,13,10,0.003,0.500,0.008,0.029,14.8,,92,2,20,15.5,13.5,986.3,1002.5,0,,13
2016-02-13 20:00:00,0,27,8,0.003,0.600,0.006,0.029,14.5,,92,1.8,20,15.2,13.2,985.7,1001.8,,,13
2016-02-13 21:00:00,0,14,8,0.003,0.400,0.015,0.018,14.1,3,93,.9,110,14.9,12.9,985.5,1001.6,,,12.3
2016-02-13 22:00:00,0,16,8,0.002,0.300,0.029,0.007,13.9,,94,.8,360,14.9,12.9,985.5,1001.6,,,12.4
2016-02-13 23:00:00,0,14,6,0.002,0.300,0.033,0.005,13.6,,96,.3,0,14.9,12.9,985,1001.2,,,12
2016-02-14 00:00:00,0,8,,0.002,0.400,0.038,0.004,15.4,.5,75,4.4,290,13,10.9,985.3,1001.4,,,12.1
2016-02-14 01:00:00,0,5,3,0.002,0.400,0.036,0.004,13.1,,63,6,270,9.5,6.2,986.8,1003,,,11.1
2016-02-14 02:00:00,0,7,4,0.002,0.400,0.027,0.006,8.6,,75,3.9,320,8.4,4.4,989.3,1005.9,,,9.3
2016-02-14 03:00:00,0,7,4,0.002,0.500,0.031,0.005,7.5,,66,7.8,270,6.8,1.5,990.1,1006.8,,,7.4
2016-02-14 04:00:00,0,9,4,0.002,0.400,0.040,0.004,6.4,,66,5.8,290,6.3,.4,990.1,1006.8,,,6.5
2016-02-14 05:00:00,0,8,4,0.002,0.400,0.041,0.004,5.1,,66,6.5,270,5.8,-.7,991.2,1008.1,,,5.5
2016-02-14 06:00:00,0,5,3,0.002,0.400,0.039,0.004,4.5,,66,6.4,270,5.6,-1.3,991.4,1008.3,,,4.8
2016-02-14 07:00:00,0,5,3,0.002,0.400,0.037,0.004,3.3,,69,7.9,270,5.4,-1.8,992.8,1009.8,,,3.9
2016-02-14 08:00:00,0,11,5,0.002,0.400,0.033,0.004,2.8,,66,7.6,270,4.9,-2.9,993.6,1010.6,0,,3.3
2016-02-14 09:00:00,0.396,22,13,0.002,0.400,0.033,0.005,2.3,,64,9,270,4.6,-3.8,994.7,1011.8,0,,2.9
2016-02-14 10:00:00,6.216,26,11,0.002,0.300,0.033,0.005,2.4,,58,5.6,290,4.2,-5,994.9,1012,0,,4.1
2016-02-14 11:00:00,16.372,30,11,0.002,0.300,0.035,0.004,2.9,,49,7.8,270,3.7,-6.7,995.9,1013,.6,,7.9
2016-02-14 12:00:00,25.656,25,8,0.002,0.300,0.035,0.004,2.4,,44,7.7,270,3.2,-8.6,997.2,1014.3,.9,,7.7
2016-02-14 13:00:00,30.64,31,8,0.002,0.300,0.035,0.004,2,,44,7.2,290,3.1,-9,996.1,1013.2,.1,,5
2016-02-14 14:00:00,29.424,29,10,0.002,0.300,0.036,0.004,2.3,,43,5.8,290,3.1,-9,995.7,1012.8,.4,,5.9
2016-02-14 15:00:00,27.548,23,8,0.002,0.300,0.037,0.004,1.7,,46,6.7,290,3.2,-8.7,996.3,1013.5,.1,,4.9
2016-02-14 16:00:00,12.108,20,8,0.002,0.300,0.037,0.004,1,,46,5.5,320,3,-9.3,997.1,1014.3,0,,3.6
2016-02-14 17:00:00,5.128,17,6,0.002,0.300,0.037,0.004,.1,,46,7,290,2.8,-10.1,997.9,1015.2,0,,1.8
2016-02-14 18:00:00,1.876,18,7,0.002,0.300,0.036,0.004,-.7,,42,7.8,290,2.4,-12,998.5,1015.8,0,,.3
2016-02-14 19:00:00,0,13,8,0.002,0.300,0.036,0.004,-1.3,,45,7.4,290,2.5,-11.7,999.4,1016.8,0,,.1
2016-02-14 20:00:00,0,15,4,0.002,0.300,0.037,0.004,-1.6,,45,5.9,290,2.4,-12,999.8,1017.2,,,.1
2016-02-14 21:00:00,0,17,2,0.002,0.300,0.036,0.004,-1.9,,43,5.4,290,2.3,-12.8,1000.3,1017.8,,,-.3
2016-02-14 22:00:00,0,20,3,0.003,0.300,0.037,0.004,-2,,45,4.7,290,2.4,-12.3,1001.1,1018.6,,,-.6
2016-02-14 23:00:00,0,27,12,0.003,0.300,0.038,0.004,-2.4,,49,5.1,290,2.5,-11.6,1001.4,1018.9,,,-.9
2016-02-15 00:00:00,0,25,15,0.002,0.300,0.039,0.003,-2.6,,47,4.6,320,2.4,-12.3,1001.8,1019.3,,,-1.2
2016-02-15 01:00:00,0,20,12,0.002,0.300,0.040,0.003,-2.8,,45,4.4,290,2.2,-13.1,1002,1019.6,,,-1.6
2016-02-15 02:00:00,0,23,9,0.002,0.300,0.040,0.003,-2.8,,43,4.1,290,2.1,-13.6,1002.5,1020.1,,,-1.6
2016-02-15 03:00:00,0,20,8,0.002,0.300,0.040,0.003,-3.2,,42,4.7,290,2,-14.3,1003,1020.6,,,-1.9
2016-02-15 04:00:00,0,23,9,0.002,0.300,0.040,0.003,-3.6,,44,2.7,290,2.1,-14.1,1003.1,1020.7,,,-1.7
2016-02-15 05:00:00,0,21,11,0.002,0.300,0.041,0.003,-4,,41,6.4,290,1.9,-15.3,1003,1020.7,,,-2.7
2016-02-15 06:00:00,0,14,9,0.003,0.200,0.041,0.003,-4.6,0,40,4.4,320,1.7,-16.1,1003.2,1020.9,,,-3.3
2016-02-15 07:00:00,0,15,11,0.002,0.200,0.041,0.003,-4.9,,38,4.6,290,1.6,-17,1003.6,1021.3,,,-3.8
2016-02-15 08:00:00,0.04,16,7,0.002,0.200,0.039,0.004,-4.8,,33,6.4,290,1.4,-18.6,1004,1021.7,0,,-3.8
2016-02-15 09:00:00,1.728,23,6,0.003,0.300,0.038,0.006,-4,,30,6,290,1.4,-19,1004.3,1022,.9,,-1.4
2016-02-15 10:00:00,9.86,20,7,0.003,0.300,0.039,0.006,-3.5,,24,6.1,290,1.1,-21.2,1003.9,1021.5,1,,-2.3
2016-02-15 11:00:00,20.272,24,10,0.003,0.300,0.039,0.006,-2.8,,23,6.6,290,1.1,-21.1,1004.3,1021.9,1,,.9
2016-02-15 12:00:00,28.484,25,10,0.003,0.300,0.040,0.005,-1.7,,25,4.8,290,1.4,-19.1,1003.4,1020.9,1,,.6
2016-02-15 13:00:00,34.008,31,11,0.002,0.200,0.041,0.005,-1.1,,23,5.5,290,1.3,-19.6,1002.5,1019.9,1,,.8
2016-02-15 14:00:00,36.032,32,9,0.002,0.200,0.041,0.005,-.6,,23,6.2,270,1.3,-19.2,1001.9,1019.3,1,,1.5
2016-02-15 15:00:00,34.26,37,9,0.003,0.300,0.041,0.005,-.4,,24,6.9,270,1.4,-18.5,1001.3,1018.7,1,,.6
2016-02-15 16:00:00,30.172,35,12,0.002,0.300,0.042,0.005,0,,27,5.8,290,1.6,-16.8,1001.3,1018.7,1,,1.3
2016-02-15 17:00:00,19.544,29,9,0.003,0.300,0.042,0.006,-.5,,29,5.6,290,1.7,-16.3,1001.5,1018.9,1,,.1
2016-02-15 18:00:00,4.136,29,9,0.003,0.300,0.039,0.008,-1.6,,39,4.8,320,2.1,-13.7,1001.8,1019.3,.1,,0
2016-02-15 19:00:00,0,31,13,0.003,0.300,0.037,0.011,-1.8,,40,4.6,320,2.1,-13.6,1002.7,1020.2,0,,-.1
2016-02-15 20:00:00,0,29,12,0.003,0.300,0.038,0.009,-1.7,,42,5.2,290,2.3,-12.9,1003.2,1020.7,,,-.3
2016-02-15 21:00:00,0,26,17,0.002,0.300,0.039,0.007,-1.8,,44,4.4,290,2.4,-12.4,1003.5,1021,,,-.4
2016-02-15 22:00:00,0,25,18,0.003,0.400,0.041,0.006,-1.9,,45,5.7,290,2.4,-12.2,1003.6,1021.1,,,-.7
2016-02-15 23:00:00,0,21,14,0.003,0.400,0.041,0.005,-2,,46,4.7,290,2.4,-12.1,1003.9,1021.4,,,-.8
2016-02-16 00:00:00,0,24,15,0.003,0.400,0.040,0.005,-2.1,,46,4.6,320,2.4,-12.1,1003.8,1021.3,,,-1
2016-02-16 01:00:00,0,18,10,0.003,0.400,0.039,0.004,-1.7,,46,3.6,290,2.5,-11.8,1003.4,1020.9,,,-1
2016-02-16 02:00:00,0,16,10,0.002,0.300,0.040,0.004,-1.4,,47,3.8,290,2.6,-11.2,1003.2,1020.7,,,-1.2
2016-02-16 03:00:00,0,14,10,0.002,0.300,0.040,0.003,-1.5,,50,4.1,290,2.8,-10.5,1003.1,1020.6,,,-1.2
2016-02-16 04:00:00,0,13,12,0.002,0.400,0.039,0.003,-1.3,,49,5.5,290,2.7,-10.6,1003,1020.5,,,-1.3
2016-02-16 05:00:00,0,13,11,0.002,0.400,0.037,0.004,-1.3,,48,4.2,290,2.7,-10.9,1002.7,1020.2,,,-1.3
2016-02-16 06:00:00,0,13,12,0.002,0.300,0.036,0.004,-1.5,,53,2.5,340,2.9,-9.8,1002.8,1020.3,,,-.9
2016-02-16 07:00:00,0,12,,0.002,0.300,0.034,0.005,-2.3,,72,2.5,340,3.7,-6.6,1002.9,1020.4,,,-.8
2016-02-16 08:00:00,0.02,11,9,0.002,0.300,0.029,0.008,-1.6,,61,.8,230,3.3,-8.1,1003,1020.5,0,,-.7
2016-02-16 09:00:00,1.94,14,,0.002,0.300,0.028,0.010,-.1,0,52,2.1,320,3.2,-8.7,1003.2,1020.6,.5,,0
2016-02-16 10:00:00,4.576,21,13,0.002,0.300,0.031,0.009,1.6,,43,2.9,290,3,-9.6,1003.2,1020.5,.8,,.2
2016-02-16 11:00:00,8.324,29,13,0.003,0.300,0.036,0.008,2.2,,37,4.6,290,2.6,-11,1002.7,1019.9,.9,,.6
2016-02-16 12:00:00,14.72,34,13,0.003,0.300,0.038,0.007,2.7,,36,6,270,2.7,-10.9,1002,1019.2,.9,,1.4
2016-02-16 13:00:00,10.372,40,16,0.003,0.300,0.038,0.008,3,,38,5.8,290,2.9,-9.9,1001,1018.1,.8,,2.7
2016-02-16 14:00:00,6.112,40,22,0.003,0.300,0.039,0.008,3.5,,38,6.7,270,3,-9.5,1000.1,1017.2,.7,,4.5
2016-02-16 15:00:00,5.892,40,27,0.003,0.300,0.038,0.009,3.4,,45,3.8,290,3.5,-7.4,999.5,1016.6,.5,,5.2
2016-02-16 16:00:00,4.008,49,30,0.003,0.400,0.039,0.010,3.2,,46,8.3,270,3.5,-7.3,999.5,1016.6,.5,,4.2
2016-02-16 17:00:00,3.272,53,29,0.003,0.400,0.037,0.011,3.3,,44,6.3,270,3.4,-7.8,999.3,1016.4,.5,,2.6
2016-02-16 18:00:00,0.612,43,30,0.004,0.400,0.040,0.010,3,,44,7.1,270,3.3,-8,999.4,1016.5,0,,1.4
2016-02-16 19:00:00,0,55,27,0.004,0.400,0.038,0.013,2,,53,5.1,290,3.8,-6.5,1000.4,1017.6,0,,.8
2016-02-16 20:00:00,0,48,21,0.003,0.300,0.042,0.008,2.1,,42,6,290,3,-9.5,1001.2,1018.4,,,.4
2016-02-16 21:00:00,0,39,14,0.003,0.300,0.042,0.006,1.7,0,48,4.7,290,3.3,-8.1,1002.2,1019.5,,,.3
2016-02-16 22:00:00,0,33,10,0.003,0.400,0.040,0.006,1.5,,44,5.3,290,3,-9.4,1002.9,1020.2,,,.1
2016-02-16 23:00:00,0,24,11,0.002,0.300,0.040,0.005,1.4,,43,5.1,290,2.9,-9.8,1003.3,1020.6,,,.1
2016-02-17 00:00:00,0,12,8,0.002,0.300,0.042,0.003,1.4,,46,5.9,290,3.1,-8.9,1003.6,1020.9,,,.1
2016-02-17 01:00:00,0,22,11,0.002,0.300,0.042,0.003,1.7,,43,6,290,3,-9.5,1003.8,1021.1,,,0
2016-02-17 02:00:00,0,23,9,0.002,0.300,0.041,0.003,1.6,,50,4.5,320,3.4,-7.7,1004.4,1021.7,,,0
2016-02-17 03:00:00,0,27,8,0.002,0.300,0.041,0.003,-.2,0,70,3.1,360,4.2,-5,1004.8,1022.2,,,0
2016-02-17 04:00:00,0,22,10,0.002,0.300,0.040,0.003,-1.1,,80,1.2,320,4.5,-4.1,1005.5,1023,,,0
2016-02-17 05:00:00,0,27,10,0.002,0.300,0.039,0.004,-.6,,73,1,50,4.3,-4.8,1005.8,1023.3,,,0
2016-02-17 06:00:00,0,30,11,0.002,0.300,0.037,0.004,-1.1,.1,69,1.7,20,3.9,-6,1006.3,1023.8,,,0
2016-02-17 07:00:00,0,20,16,0.002,0.300,0.033,0.006,-1.5,,59,1.8,20,3.2,-8.4,1006.9,1024.4,,,-.1
2016-02-17 08:00:00,0.076,22,13,0.003,0.400,0.023,0.015,-2.8,,64,1.3,340,3.2,-8.6,1008,1025.7,0,,-.2
2016-02-17 09:00:00,1.788,30,21,0.003,0.300,0.028,0.013,-.3,,49,2.1,360,2.9,-9.7,1008.8,1026.3,.9,,0
2016-02-17 10:00:00,9.576,34,13,0.004,0.300,0.034,0.009,1.6,,36,2.4,320,2.5,-11.8,1009,1026.4,1,,0
2016-02-17 11:00:00,19.508,28,14,0.003,0.300,0.037,0.007,2.8,,25,4.2,290,1.9,-15.3,1008.9,1026.2,1,,2.2
2016-02-17 12:00:00,27.24,,,,,,,3.8,,23,4.2,290,1.8,-15.4,1008.2,1025.4,1,,10.7
2016-02-17 13:00:00,31.92,47,16,0.003,0.300,0.040,0.006,4.6,,21,4.1,290,1.8,-15.9,1007.2,1024.3,1,,13.8
2016-02-17 14:00:00,33.872,36,25,0.003,0.300,0.040,0.006,5.3,,21,3.8,320,1.9,-15.3,1006.6,1023.7,1,,14.1
2016-02-17 15:00:00,33.096,28,12,0.003,0.300,0.041,0.006,6.3,,23,3.2,290,2.2,-13.3,1006.4,1023.4,1,,13.4
2016-02-17 16:00:00,29.024,30,13,0.003,0.300,0.042,0.006,5.9,,22,4.8,270,2,-14.2,1006.5,1023.6,1,,9.7
2016-02-17 17:00:00,19.288,29,14,0.003,0.300,0.042,0.007,5.6,,24,4.9,270,2.2,-13.4,1006.5,1023.6,1,,5.5
2016-02-17 18:00:00,7.504,24,10,0.003,0.300,0.039,0.010,4.3,,29,3.1,290,2.4,-12.2,1006.9,1024,.5,,2.4
2016-02-17 19:00:00,0,25,10,0.002,0.300,0.034,0.013,3.1,,34,1.8,340,2.6,-11.2,1007.9,1025.1,0,,.6
2016-02-17 20:00:00,0,29,13,0.002,0.300,0.032,0.013,2.3,,38,1.5,360,2.8,-10.5,1008.4,1025.7,,,0
2016-02-17 21:00:00,0,26,15,0.002,0.300,0.033,0.012,1.5,,42,2.2,340,2.9,-10,1008.9,1026.3,,,.2
2016-02-17 22:00:00,0,20,9,0.002,0.300,0.037,0.008,1.5,,44,2.6,360,3,-9.4,1009.4,1026.8,,,0
2016-02-17 23:00:00,0,14,4,0.002,0.300,0.039,0.006,1,,46,2.8,360,3,-9.3,1009.3,1026.7,,,-.3
2016-02-18 00:00:00,0,20,3,0.003,0.300,0.041,0.005,.5,,48,1.5,340,3,-9.2,1009.1,1026.6,,,-.5
2016-02-18 01:00:00,0,14,3,0.003,0.300,0.043,0.004,.6,,49,3.2,340,3.1,-8.9,1008.6,1026,,,-.7
2016-02-18 02:00:00,0,11,4,0.002,0.300,0.040,0.003,.7,,46,4.1,360,3,-9.6,1007.9,1025.3,,,-.9
2016-02-18 03:00:00,0,10,7,0.002,0.300,0.033,0.005,-.8,,54,1.8,230,3.1,-8.9,1007.6,1025.1,,,-1.3
2016-02-18 04:00:00,0,23,9,0.002,0.300,0.028,0.007,-1.6,,55,.1,0,3,-9.4,1007.6,1025.2,,,-1.3
2016-02-18 05:00:00,0,25,10,0.002,0.300,0.024,0.006,-3,,64,.6,340,3.1,-8.8,1007.9,1025.6,,,-1.6
2016-02-18 06:00:00,0,25,10,0.002,0.300,0.022,0.005,-3.1,,69,.7,110,3.4,-7.9,1007.5,1025.2,,,-1.7
2016-02-18 07:00:00,0,25,10,0.002,0.300,0.019,0.007,-2.5,,69,1.3,160,3.5,-7.4,1007.5,1025.1,,,-2.2
2016-02-18 08:00:00,0.104,17,10,0.002,0.300,0.010,0.016,-2.5,,69,.6,230,3.5,-7.4,1007.5,1025.1,0,,-1.6
2016-02-18 09:00:00,2.528,29,13,0.002,0.300,0.013,0.016,.7,,57,.3,0,3.7,-6.8,1007.7,1025.1,.9,,.5
2016-02-18 10:00:00,9.504,32,16,0.003,0.300,0.020,0.014,3.6,,43,2,90,3.4,-7.8,1007.5,1024.7,1,,.2
2016-02-18 11:00:00,17.988,44,23,0.007,0.500,0.029,0.016,4.5,,32,3.9,90,2.7,-10.8,1007.3,1024.4,1,,1.8
2016-02-18 12:00:00,21.176,68,28,0.005,0.400,0.036,0.017,6.1,,31,2.7,70,2.9,-9.8,1006.3,1023.3,.7,,4.8
2016-02-18 13:00:00,24.888,65,28,0.004,0.400,0.046,0.011,7.3,,27,3,50,2.8,-10.5,1005.7,1022.6,1,,12.1
2016-02-18 14:00:00,25.988,68,34,0.004,0.300,0.050,0.010,9,,30,1.4,70,3.5,-7.6,1004.5,1021.3,1,,14.2
2016-02-18 15:00:00,30.168,64,31,0.004,0.300,0.052,0.008,10.2,,27,2.2,270,3.3,-8,1004.2,1020.9,1,,14.5
2016-02-18 16:00:00,26.756,53,23,0.004,0.300,0.053,0.009,10,,22,1.2,290,2.7,-10.7,1004.3,1021.1,1,,12.8
2016-02-18 17:00:00,18.068,48,17,0.003,0.300,0.054,0.009,9.1,,29,1.4,200,3.3,-8,1004.5,1021.3,.7,,8.1
2016-02-18 18:00:00,2.704,44,13,0.003,0.300,0.055,0.007,8,,32,1.3,70,3.4,-7.7,1004.9,1021.8,.2,,6
2016-02-18 19:00:00,0.016,28,12,0.003,0.300,0.051,0.009,6.4,,37,1.9,110,3.6,-7.2,1005.4,1022.4,0,,3.3
2016-02-18 20:00:00,0,27,11,0.003,0.400,0.036,0.020,3.9,,47,.3,0,3.8,-6.4,1005.8,1022.9,,,1.5
2016-02-18 21:00:00,0,33,11,0.002,0.400,0.035,0.016,2.5,,53,.4,0,3.9,-6.1,1006.5,1023.8,,,.2
2016-02-18 22:00:00,0,23,14,0.002,0.500,0.022,0.026,1.4,,58,.7,70,3.9,-5.9,1007.5,1024.9,,,.3
2016-02-18 23:00:00,0,26,16,0.002,0.400,0.022,0.021,0,,63,.4,0,3.8,-6.2,1007.6,1025.1,,,.1
2016-02-19 00:00:00,0,28,14,0.002,0.500,0.023,0.018,-.9,,67,.1,0,3.8,-6.2,1007.7,1025.2,,,.1
2016-02-19 01:00:00,0,23,11,0.002,0.400,0.025,0.013,-1.2,,72,.5,180,4,-5.6,1007.5,1025,,,0
2016-02-19 02:00:00,0,27,11,0.002,0.400,0.025,0.010,-1.5,,73,.6,50,4,-5.7,1007.9,1025.5,,,-.1
2016-02-19 03:00:00,0,26,11,0.002,0.400,0.032,0.007,-.9,,71,1.3,20,4.1,-5.5,1007.8,1025.3,,,-.3
2016-02-19 04:00:00,0,26,10,0.002,0.400,0.032,0.006,1.8,,70,1.7,90,4.9,-3,1008,1025.3,,,-.3
2016-02-19 05:00:00,0,27,9,0.002,0.400,0.025,0.011,4.1,,61,2.3,20,5,-2.7,1008.3,1025.5,,,-.1
2016-02-19 06:00:00,0,26,12,0.002,0.400,0.028,0.009,4.3,,57,1,180,4.8,-3.4,1008.7,1025.9,,,-.2
2016-02-19 07:00:00,0,27,20,0.002,0.400,0.021,0.014,1.8,,65,.4,0,4.5,-4,1009,1026.4,,,-.4
2016-02-19 08:00:00,0.104,37,20,0.003,0.500,0.009,0.027,.4,,72,.4,0,4.5,-4,1010.2,1027.7,0,,-.1
2016-02-19 09:00:00,2.676,61,26,0.003,0.500,0.015,0.024,2.6,,69,1.6,230,5.1,-2.5,1010.5,1027.8,.6,,.7
2016-02-19 10:00:00,8.696,73,34,0.003,0.500,0.022,0.023,7.3,,31,2.4,360,3.2,-8.7,1010.2,1027.2,1,,1.1
2016-02-19 11:00:00,17.06,116,43,0.005,0.500,0.039,0.014,9.2,,20,1.5,320,2.3,-12.6,1009.6,1026.4,1,,9.7
2016-02-19 12:00:00,22.736,101,53,0.009,0.600,0.043,0.017,10.8,,13,1.3,340,1.7,-16.5,1009.9,1026.7,1,,13.7
2016-02-19 13:00:00,19.604,91,51,0.006,0.500,0.046,0.013,11.8,,10,1.3,110,1.4,-18.9,1008.9,1025.6,1,,16.7
2016-02-19 14:00:00,17.172,83,35,0.009,0.700,0.039,0.023,12.6,,11,1,340,1.6,-17.1,1008.3,1024.9,1,,18.1
2016-02-19 15:00:00,14.364,90,40,0.014,1.000,0.035,0.030,12.6,,11,1.8,20,1.6,-17.1,1008.1,1024.7,.8,,14
2016-02-19 16:00:00,11.28,105,43,0.010,0.800,0.038,0.026,11.9,,10,2.1,320,1.4,-18.8,1008.3,1025,.5,,10.4
2016-02-19 17:00:00,1.928,75,41,0.009,0.600,0.046,0.024,11.2,,10,.7,340,1.3,-19.3,1008,1024.7,0,,8.7
2016-02-19 18:00:00,0.884,88,41,0.013,1.000,0.044,0.027,9.4,,13,.8,110,1.5,-17.7,1007.7,1024.5,0,,6.1
2016-02-19 19:00:00,0,112,48,0.013,1.100,0.035,0.033,8.8,,32,1.4,70,3.6,-7,1008.8,1025.7,0,,4.6
2016-02-19 20:00:00,0,111,51,0.010,0.900,0.028,0.032,8,,39,1.1,340,4.2,-5.1,1008.2,1025.1,,,4.2
2016-02-19 21:00:00,0,104,51,0.009,0.900,0.020,0.039,6.9,,43,.7,340,4.3,-4.8,1008.5,1025.5,,,3.8
2016-02-19 22:00:00,0,114,57,0.007,0.900,0.020,0.032,5.8,,47,.5,340,4.3,-4.6,1009,1026.1,,,3.4
2016-02-19 23:00:00,0,120,55,0.007,0.900,0.015,0.035,5.2,,48,.2,0,4.2,-4.9,1008.9,1026.1,,,3
2016-02-20 00:00:00,0,109,52,0.006,0.800,0.021,0.021,4.7,,48,.9,230,4.1,-5.3,1008.9,1026.1,,,2.8
2016-02-20 01:00:00,0,103,49,0.006,0.800,0.020,0.019,4.3,,50,.5,70,4.2,-5.2,1008.3,1025.5,,,2.6
2016-02-20 02:00:00,0,103,48,0.005,0.800,0.017,0.018,3.6,,53,.5,360,4.2,-5.1,1007.9,1025.1,,,2.4
2016-02-20 03:00:00,0,100,53,0.005,0.800,0.017,0.017,3.1,,55,.4,0,4.2,-5,1006.8,1024,,,2.1
2016-02-20 04:00:00,0,98,54,0.005,0.800,0.017,0.016,2.9,,55,.2,0,4.2,-5.2,1005.7,1022.9,,,2
2016-02-20 05:00:00,0,97,53,0.005,0.800,0.017,0.015,2.6,,58,1.5,50,4.3,-4.8,1005.4,1022.6,,,1.6
2016-02-20 06:00:00,0,91,49,0.006,0.800,0.018,0.016,2.2,,58,.7,250,4.2,-5.2,1005.2,1022.5,,,.8
2016-02-20 07:00:00,0,93,44,0.006,0.700,0.020,0.014,1.3,,62,.2,0,4.2,-5.1,1005.8,1023.1,,,.2
2016-02-20 08:00:00,0.016,83,43,0.004,0.600,0.019,0.015,1.1,,65,.2,0,4.3,-4.7,1005.3,1022.7,0,,.5
2016-02-20 09:00:00,2.148,102,44,0.004,0.600,0.020,0.015,2,,62,1,250,4.4,-4.5,1005,1022.3,0,,3
2016-02-20 10:00:00,5.38,103,44,0.005,0.600,0.020,0.017,4.8,,46,.7,320,4,-5.8,1004.9,1022,.5,,6.4
2016-02-20 11:00:00,12.136,92,39,0.005,0.500,0.028,0.014,7.7,,36,.5,360,3.8,-6.4,1003.6,1020.5,1,,13.4
2016-02-20 12:00:00,20.488,84,34,0.006,0.500,0.041,0.012,9.8,,25,2.4,340,3,-9.3,1002.6,1019.4,1,,15.6
2016-02-20 13:00:00,18.696,90,33,0.006,0.500,0.049,0.010,10.6,,24,3.7,320,3.1,-9.1,1001.1,1017.8,1,,15.7
2016-02-20 14:00:00,23.304,88,34,0.005,0.400,0.048,0.011,10.7,,16,4.8,290,2.1,-14.1,1000,1016.6,1,,15.4
2016-02-20 15:00:00,25.688,116,37,0.004,0.400,0.050,0.010,10.6,,15,4.7,290,1.9,-15,999.6,1016.2,1,,14.7
2016-02-20 16:00:00,22.872,97,34,0.004,0.400,0.047,0.012,10.1,,17,4.6,270,2.1,-13.9,1000.1,1016.8,1,,11.8
2016-02-20 17:00:00,13.368,94,27,0.004,0.400,0.048,0.011,8.5,,18,6.7,270,2,-14.5,1000.9,1017.7,1,,6.8
2016-02-20 18:00:00,3.496,85,22,0.004,0.400,0.039,0.016,6.5,,26,6.4,290,2.5,-11.6,1002.5,1019.4,.4,,3.4
2016-02-20 19:00:00,0.012,83,26,0.003,0.400,0.039,0.014,4.8,,39,6.4,270,3.3,-8,1004,1021.1,0,,2
2016-02-20 20:00:00,0,59,20,0.003,0.300,0.042,0.010,4.2,,35,5,270,2.9,-9.9,1004.9,1022,,,.8
2016-02-20 21:00:00,0,41,19,0.003,0.300,0.042,0.009,3.6,,33,4.3,290,2.6,-11.2,1005.6,1022.8,,,-.1
2016-02-20 22:00:00,0,32,15,0.003,0.300,0.043,0.007,2.6,,33,2.8,320,2.4,-12,1006.2,1023.5,,,.1
2016-02-20 23:00:00,0,38,12,0.003,0.300,0.043,0.006,2.1,,32,3.3,290,2.3,-12.9,1007,1024.3,,,0
2016-02-21 00:00:00,0,37,11,0.003,0.300,0.044,0.006,1.3,,35,2.6,320,2.3,-12.5,1007.2,1024.6,,,-.2
2016-02-21 01:00:00,0,34,11,0.004,0.300,0.044,0.006,.9,,36,2.7,320,2.3,-12.5,1007.6,1025,,,-.4
2016-02-21 02:00:00,0,37,9,0.004,0.400,0.044,0.006,.8,,32,4,290,2.1,-14,1008.2,1025.6,,,-.7
2016-02-21 03:00:00,0,33,10,0.004,0.300,0.045,0.005,.4,,32,4.3,270,2,-14.4,1008.7,1026.2,,,-.9
2016-02-21 04:00:00,0,36,13,0.004,0.300,0.043,0.005,0,,29,4.4,270,1.8,-15.9,1009,1026.5,,,-1.7
2016-02-21 05:00:00,0,35,14,0.003,0.300,0.042,0.004,-.5,,27,3.8,290,1.6,-17.2,1009.8,1027.3,,,-2.2
2016-02-21 06:00:00,0,21,13,0.003,0.200,0.042,0.004,-.8,,28,3.5,290,1.6,-17,1010.5,1028.1,,,-2.4
2016-02-21 07:00:00,0,19,11,0.003,0.300,0.039,0.006,-2.1,,34,1.6,360,1.8,-15.8,1011.4,1029.1,,,-2.5
2016-02-21 08:00:00,0.112,27,9,0.003,0.300,0.033,0.010,-1.7,,36,1.2,360,1.9,-14.8,1012.7,1030.4,0,,-1.1
2016-02-21 09:00:00,2.036,25,7,0.003,0.300,0.037,0.007,.4,,30,2.9,340,1.9,-15.2,1013.4,1030.9,1,,.9
2016-02-21 10:00:00,9.94,30,9,0.003,0.300,0.040,0.006,1.7,,29,3.1,320,2,-14.4,1013.9,1031.4,1,,1.9
2016-02-21 11:00:00,19.892,31,13,0.003,0.300,0.042,0.005,3,,26,3.8,290,2,-14.6,1013.7,1031.1,1,,5.5
2016-02-21 12:00:00,27.692,38,14,0.003,0.300,0.043,0.005,4,,23,3.9,320,1.9,-15.3,1013.3,1030.6,1,,9.2
2016-02-21 13:00:00,32.512,36,14,0.003,0.200,0.043,0.005,5.4,,23,3.9,270,2.1,-14.1,1012.5,1029.7,1,,13.6
2016-02-21 14:00:00,34.74,34,13,0.002,0.300,0.044,0.005,5.5,,21,4.8,270,1.9,-15.1,1011.8,1029,1,,14.1
2016-02-21 15:00:00,34.192,23,15,0.003,0.300,0.045,0.005,5.8,,20,3.7,270,1.8,-15.4,1012.1,1029.3,1,,13.7
2016-02-21 16:00:00,29.688,27,17,0.002,0.300,0.045,0.005,6.1,,20,3.3,340,1.9,-15.2,1012.1,1029.2,1,,10.8
2016-02-21 17:00:00,18.76,32,16,0.002,0.300,0.045,0.006,6.1,,21,3.3,290,2,-14.6,1012.6,1029.7,1,,6.3
2016-02-21 18:00:00,5.924,25,18,0.002,0.300,0.044,0.007,4.3,,24,2.8,320,2,-14.5,1012.6,1029.8,.4,,2.7
2016-02-21 19:00:00,0.052,25,18,0.002,0.300,0.039,0.011,2.7,,30,1.3,20,2.2,-13.1,1012.9,1030.3,0,,.5
2016-02-21 20:00:00,0,23,12,0.002,0.300,0.038,0.010,2.1,,32,1.6,230,2.3,-12.9,1013.2,1030.6,,,.3
2016-02-21 21:00:00,0,16,8,0.002,0.300,0.034,0.012,.5,,41,1,320,2.6,-11.2,1013.8,1031.3,,,.2
2016-02-21 22:00:00,0,25,6,0.002,0.300,0.037,0.008,-.3,,47,.4,0,2.8,-10.2,1014.5,1032.1,,,.1
2016-02-21 23:00:00,0,12,7,0.002,0.300,0.036,0.008,-.8,,50,.3,0,2.9,-9.9,1014.6,1032.2,,,0
2016-02-22 00:00:00,0,33,11,0.002,0.400,0.034,0.006,-1.6,,54,.4,0,2.9,-9.7,1015.2,1032.9,,,-.3
2016-02-22 01:00:00,0,22,14,0.002,0.400,0.034,0.006,-2,,57,.2,0,3,-9.3,1015.6,1033.3,,,-.2
2016-02-22 02:00:00,0,28,16,0.002,0.400,0.036,0.005,-1.8,,59,.4,0,3.2,-8.7,1015.9,1033.6,,,-.2
2016-02-22 03:00:00,0,32,17,0.002,0.400,0.034,0.005,-1.3,,55,.2,0,3.1,-9.1,1014.8,1032.5,,,-.2
2016-02-22 04:00:00,0,21,16,0.002,0.400,0.034,0.005,-1.3,,56,.5,70,3.1,-8.9,1014.6,1032.3,,,-.2
2016-02-22 05:00:00,0,35,13,0.002,0.400,0.032,0.005,-1.2,,55,.1,0,3.1,-9.1,1014.4,1032.1,,,-.3
2016-02-22 06:00:00,0,33,15,0.003,0.400,0.032,0.007,-1.2,,56,.1,0,3.1,-8.8,1014.6,1032.3,,,-.2
2016-02-22 07:00:00,0,29,17,0.003,0.400,0.031,0.008,-1.4,,60,.3,0,3.3,-8.1,1013.6,1031.3,,,-.3
2016-02-22 08:00:00,0.104,34,18,0.003,0.400,0.021,0.015,-1.2,,61,.5,230,3.4,-7.7,1013.7,1031.3,0,,-.1
2016-02-22 09:00:00,2.244,33,18,0.002,0.400,0.019,0.014,.4,,53,.7,70,3.3,-8,1014.3,1031.9,0,,.5
2016-02-22 10:00:00,5.64,40,17,0.003,0.400,0.027,0.014,2.1,,45,.8,290,3.2,-8.6,1014.3,1031.7,0,,1
2016-02-22 11:00:00,9.232,42,22,0.005,0.400,0.030,0.013,2.7,,39,.7,250,2.9,-9.9,1013.7,1031.1,0,,2.5
2016-02-22 12:00:00,8.572,39,20,0.012,0.700,0.030,0.018,3.9,,35,1.1,290,2.8,-10.2,1013.1,1030.4,0,,5.5
2016-02-22 13:00:00,12.712,52,21,0.015,0.900,0.035,0.018,5,,29,.7,340,2.5,-11.6,1012.4,1029.6,0,,8.2
2016-02-22 14:00:00,14.576,40,29,0.012,0.700,0.037,0.015,5.7,,25,.6,270,2.3,-12.8,1011.4,1028.6,0,,8.4
2016-02-22 15:00:00,9.144,52,25,0.017,0.800,0.030,0.024,5.8,,23,.8,340,2.1,-13.7,1010.7,1027.8,0,,7.5
2016-02-22 16:00:00,7.612,42,24,0.033,1.600,0.023,0.048,6.4,,21,.6,110,2,-14.3,1010.7,1027.8,0,,7.1
2016-02-22 17:00:00,3.964,85,33,0.029,1.300,0.027,0.049,6.3,,25,.7,90,2.4,-12.3,1010.6,1027.7,0,,5.7
2016-02-22 18:00:00,0.704,70,34,0.007,0.500,0.034,0.025,6,,28,.1,0,2.6,-11.1,1010.6,1027.7,0,,4.5
2016-02-22 19:00:00,0,45,22,0.004,0.400,0.032,0.021,4.6,,32,.8,270,2.7,-10.7,1011.1,1028.3,0,,3
2016-02-22 20:00:00,0,55,24,0.003,0.400,0.034,0.017,4.1,,32,0,0,2.6,-11.1,1011.4,1028.6,,,2.8
2016-02-22 21:00:00,0,50,25,0.003,0.400,0.035,0.014,3.8,,33,.6,180,2.6,-11,1011.7,1029,,,2.2
2016-02-22 22:00:00,0,52,18,0.002,0.300,0.031,0.015,3.4,,40,.1,0,3.1,-8.9,1011.8,1029.1,,,2.1
2016-02-22 23:00:00,0,50,21,0.002,0.400,0.030,0.015,3.2,,40,.2,0,3.1,-9.1,1011.8,1029.1,,,1.9
2016-02-23 00:00:00,0,46,18,0.002,0.400,0.029,0.012,2.8,,42,.2,0,3.1,-8.8,1011.7,1029,,,1.8
2016-02-23 01:00:00,0,43,17,0.002,0.300,0.030,0.011,2.4,,42,.4,0,3,-9.2,1011.8,1029.2,,,1.4
2016-02-23 02:00:00,0,53,20,0.003,0.400,0.024,0.012,1.6,,44,0,0,3,-9.3,1011.5,1028.9,,,0
2016-02-23 03:00:00,0,56,23,0.002,0.400,0.025,0.010,.5,,50,.3,0,3.2,-8.7,1011.5,1029,,,.1
2016-02-23 04:00:00,0,47,25,0.002,0.400,0.024,0.011,1,,44,.3,0,2.9,-9.9,1010.8,1028.3,,,0
2016-02-23 05:00:00,0,42,23,0.002,0.400,0.025,0.010,.4,,49,.6,200,3.1,-9,1010.5,1028,,,.1
2016-02-23 06:00:00,0,47,25,0.003,0.400,0.025,0.011,1.9,,42,2.4,230,3,-9.6,1010.4,1027.8,,,0
2016-02-23 07:00:00,0,50,21,0.002,0.400,0.023,0.012,2,,41,1.1,270,2.9,-9.9,1010.5,1027.9,,,0
2016-02-23 08:00:00,0.188,55,18,0.002,0.400,0.012,0.019,2.9,,47,1.5,340,3.5,-7.3,1010.6,1027.9,0,,.5
2016-02-23 09:00:00,2.676,57,24,0.002,0.400,0.015,0.017,5.8,,49,3,320,4.5,-4.1,1010.5,1027.6,.1,,2.4
2016-02-23 10:00:00,9.044,63,31,0.002,0.400,0.026,0.014,7.2,,42,3.1,320,4.3,-4.8,1010.1,1027.1,.9,,10.3
2016-02-23 11:00:00,17.044,71,34,0.002,0.400,0.037,0.012,8,,32,4,290,3.4,-7.7,1009.9,1026.8,1,,13.6
2016-02-23 12:00:00,23.128,69,34,0.002,0.400,0.044,0.009,9.5,,23,3.7,290,2.7,-10.6,1009.6,1026.4,1,,15.9
2016-02-23 13:00:00,21.948,70,33,0.003,0.400,0.048,0.009,10.1,,21,3.2,290,2.6,-11.2,1009.1,1025.9,1,,15.7
2016-02-23 14:00:00,24.208,95,32,0.003,0.400,0.050,0.009,10,,16,5.1,320,2,-14.7,1008.7,1025.5,1,,14.7
2016-02-23 15:00:00,26.732,109,39,0.004,0.400,0.052,0.009,9.4,,15,6.9,290,1.8,-16,1008.9,1025.7,1,,12.5
2016-02-23 16:00:00,15.84,110,38,0.004,0.400,0.052,0.010,8.5,,23,5.9,270,2.6,-11.4,1009.2,1026.1,.5,,9.3
2016-02-23 17:00:00,6.252,125,42,0.005,0.400,0.053,0.012,7.5,,27,5.1,290,2.8,-10.3,1009.9,1026.9,.2,,6.1
2016-02-23 18:00:00,1.94,135,52,0.005,0.500,0.053,0.013,6.4,,27,5.5,270,2.6,-11.2,1010.1,1027.2,0,,3.5
2016-02-23 19:00:00,0,130,52,0.004,0.500,0.051,0.012,5,,28,4.7,270,2.4,-12,1011.2,1028.4,0,,1.5
2016-02-23 20:00:00,0,85,42,0.005,0.500,0.049,0.010,3.5,,28,4.4,270,2.2,-13.3,1012.2,1029.5,,,.3
2016-02-23 21:00:00,0,78,33,0.005,0.500,0.046,0.010,2.5,,26,3.2,320,1.9,-15.1,1012.5,1029.9,,,0
2016-02-23 22:00:00,0,70,30,0.004,0.400,0.044,0.008,1.7,,27,3.3,320,1.9,-15.3,1012.7,1030.1,,,0
2016-02-23 23:00:00,0,48,19,0.003,0.300,0.043,0.007,.8,,29,2.5,320,1.9,-15.2,1012.7,1030.2,,,-.3
2016-02-24 00:00:00,0,19,11,0.003,0.300,0.042,0.006,.3,,30,3.2,320,1.9,-15.2,1013,1030.5,,,-.7
2016-02-24 01:00:00,0,21,10,0.003,0.300,0.042,0.005,-.3,,34,3.6,290,2,-14.2,1013.3,1030.9,,,-.8
2016-02-24 02:00:00,0,19,11,0.003,0.300,0.041,0.005,-.8,,37,2.7,340,2.1,-13.7,1013.5,1031.1,,,-.8
2016-02-24 03:00:00,0,24,11,0.003,0.300,0.038,0.005,-.7,,34,3.5,340,2,-14.6,1013.8,1031.4,,,-1.1
2016-02-24 04:00:00,0,21,9,0.003,0.300,0.034,0.005,-1.4,,37,2.8,340,2,-14.2,1013.5,1031.2,,,-1.4
2016-02-24 05:00:00,0,20,8,0.003,0.300,0.036,0.006,-1.8,,38,2.2,340,2,-14.2,1014.1,1031.8,,,-1.7
2016-02-24 06:00:00,0,17,10,0.003,0.300,0.036,0.006,-2.4,,38,2.2,20,1.9,-14.8,1013.7,1031.4,,,-2.2
2016-02-24 07:00:00,0,16,11,0.003,0.300,0.032,0.008,-2.7,,39,2.7,20,2,-14.7,1014.3,1032.1,,,-2.7
2016-02-24 08:00:00,0.184,19,9,0.003,0.300,0.023,0.015,-2.6,,38,2.3,360,1.9,-14.9,1015,1032.8,.1,,-2.1
2016-02-24 09:00:00,2.316,25,10,0.003,0.300,0.029,0.012,-1.5,,34,3.3,360,1.9,-15.3,1015.4,1033.1,1,,.7
2016-02-24 10:00:00,10.064,29,12,0.003,0.300,0.036,0.009,.1,,24,4.2,340,1.5,-18.1,1015.3,1032.9,1,,1.1
2016-02-24 11:00:00,20.34,25,13,0.004,0.300,0.038,0.008,1.2,,22,3.9,340,1.5,-18.2,1014.9,1032.4,1,,6.5
2016-02-24 12:00:00,28.568,28,15,0.003,0.300,0.040,0.007,2.5,,14,4.4,320,1,-22.3,1014.8,1032.2,1,,9
2016-02-24 13:00:00,31.452,32,15,0.003,0.300,0.041,0.007,2.8,,13,4.5,320,1,-22.9,1014.1,1031.5,1,,11.5
2016-02-24 14:00:00,32.396,25,13,0.003,0.300,0.042,0.007,3.6,,15,3.8,320,1.2,-20.7,1012.9,1030.2,1,,14.6
2016-02-24 15:00:00,34.688,29,13,0.003,0.300,0.042,0.007,3.7,,16,4.7,340,1.3,-19.8,1012.6,1029.9,1,,12.3
2016-02-24 16:00:00,30.232,28,15,0.003,0.300,0.043,0.007,3.9,,19,5.5,290,1.5,-17.6,1012.4,1029.7,1,,8.9
2016-02-24 17:00:00,20.748,29,16,0.003,0.300,0.040,0.009,2.7,,25,4.1,320,1.8,-15.4,1012.9,1030.3,1,,4.2
2016-02-24 18:00:00,9.148,38,18,0.003,0.300,0.040,0.008,1.2,,27,2.1,290,1.8,-15.7,1013.6,1031.1,.8,,.3
2016-02-24 19:00:00,0.048,36,20,0.003,0.300,0.040,0.009,-.3,,33,1.9,320,2,-14.6,1014.5,1032.1,0,,-.2
2016-02-24 20:00:00,0,32,16,0.003,0.300,0.041,0.007,-1.1,,37,3.6,320,2.1,-13.9,1015.4,1033.1,,,-.6
2016-02-24 21:00:00,0,21,19,0.003,0.300,0.043,0.006,-1.8,,38,2.8,320,2,-14.2,1015.9,1033.6,,,-1
2016-02-24 22:00:00,0,24,17,0.003,0.300,0.042,0.006,-2.3,,40,2.7,320,2.1,-14.1,1016.4,1034.2,,,-1.7
2016-02-24 23:00:00,0,16,8,0.003,0.300,0.042,0.005,-2.6,,43,2.5,320,2.2,-13.4,1016.6,1034.4,,,-2.1
2016-02-25 00:00:00,0,16,9,0.003,0.300,0.042,0.004,-2.7,,42,3.6,320,2.1,-13.8,1016.6,1034.4,,,-2.5
2016-02-25 01:00:00,0,20,10,0.003,0.300,0.041,0.004,-2.5,,33,4.5,320,1.7,-16.6,1017.1,1034.9,,,-3
2016-02-25 02:00:00,0,24,8,0.003,0.200,0.041,0.004,-3,,35,4.4,320,1.7,-16.3,1017.6,1035.4,,,-3.4
2016-02-25 03:00:00,0,13,6,0.003,0.200,0.041,0.003,-3.3,,38,3,320,1.8,-15.6,1017.3,1035.2,,,-3.5
2016-02-25 04:00:00,0,14,5,0.003,0.300,0.042,0.003,-4.2,,43,2.6,340,1.9,-14.9,1017.3,1035.2,,,-3.9
2016-02-25 05:00:00,0,11,5,0.003,0.300,0.036,0.004,-4.6,,44,1.1,320,1.9,-15,1017.2,1035.2,,,-4
2016-02-25 06:00:00,0,10,7,0.002,0.300,0.028,0.006,-5.6,,51,.9,230,2.1,-14.1,1017.3,1035.3,,,-4.3
2016-02-25 07:00:00,0,17,9,0.002,0.300,0.027,0.004,-5.9,,53,.6,230,2.1,-13.9,1017.3,1035.3,,,-4.1
2016-02-25 08:00:00,0.204,18,9,0.002,0.300,0.019,0.011,-5.6,,55,.7,230,2.2,-13.2,1017.9,1035.9,.1,,-3.2
2016-02-25 09:00:00,2.468,22,11,0.003,0.300,0.021,0.014,-1.6,,43,1.4,50,2.3,-12.5,1018.3,1036.1,1,,.2
2016-02-25 10:00:00,10.112,33,14,0.003,0.300,0.028,0.013,1.2,,29,3.1,340,1.9,-14.9,1018.2,1035.8,1,,1.5
2016-02-25 11:00:00,19.492,40,15,0.003,0.300,0.034,0.012,3,,22,3.1,290,1.7,-16.7,1018,1035.4,1,,7.8
2016-02-25 12:00:00,27.016,38,17,0.003,0.300,0.041,0.007,4.5,,14,3.7,320,1.2,-20.7,1017.5,1034.8,1,,11.1
2016-02-25 13:00:00,31.796,36,13,0.003,0.300,0.044,0.007,4.7,,17,3.4,290,1.5,-18.3,1016.2,1033.5,1,,13.2
2016-02-25 14:00:00,34.312,39,13,0.003,0.300,0.046,0.007,6,,14,4.1,270,1.3,-19.5,1015.2,1032.4,1,,12.9
2016-02-25 15:00:00,33.124,39,17,0.003,0.400,0.047,0.007,6.1,,12,4.5,290,1.1,-21.2,1014.6,1031.8,1,,11.7
2016-02-25 16:00:00,27.764,39,19,0.004,0.400,0.048,0.008,6.2,,12,4.8,290,1.1,-21.1,1014.3,1031.5,1,,8.9
2016-02-25 17:00:00,17.784,47,17,0.004,0.400,0.050,0.009,5.6,,15,4,290,1.4,-19,1014.6,1031.8,1,,5
2016-02-25 18:00:00,6.356,49,20,0.004,0.400,0.050,0.009,4.4,,16,4,270,1.3,-19.3,1014.9,1032.2,.8,,1.1
2016-02-25 19:00:00,0.064,48,25,0.004,0.400,0.049,0.010,3.4,,21,2.5,290,1.6,-16.9,1015.2,1032.5,0,,0
2016-02-25 20:00:00,0,42,26,0.004,0.500,0.040,0.019,1.5,,27,.5,360,1.8,-15.5,1015.6,1033.1,,,-.3
2016-02-25 21:00:00,0,58,20,0.004,0.500,0.036,0.020,-.5,,35,.3,0,2.1,-14.1,1015.6,1033.2,,,-.6
2016-02-25 22:00:00,0,48,25,0.003,0.500,0.040,0.013,-1.4,,40,.5,290,2.2,-13.2,1015.9,1033.6,,,-.8
2016-02-25 23:00:00,0,46,24,0.003,0.500,0.038,0.013,-2.1,,46,.9,70,2.4,-12.1,1016.3,1034.1,,,-1.3
2016-02-26 00:00:00,0,51,26,0.003,0.400,0.035,0.010,-2.4,,48,1.4,70,2.5,-11.9,1015.8,1033.6,,,-1.6
2016-02-26 01:00:00,0,52,29,0.003,0.400,0.030,0.010,-2.8,,53,1,90,2.6,-11,1015.4,1033.2,,,-1.9
2016-02-26 02:00:00,0,51,27,0.002,0.400,0.029,0.008,-3.2,,55,.3,0,2.7,-10.9,1015.3,1033.1,,,-2.1
2016-02-26 03:00:00,0,48,23,0.002,0.500,0.027,0.007,-3.8,,61,.9,230,2.8,-10.2,1014.8,1032.7,,,-2.4
2016-02-26 04:00:00,0,53,23,0.002,0.500,0.025,0.007,-4.1,,63,.8,140,2.8,-10.1,1014.1,1032,,,-2.7
2016-02-26 05:00:00,0,52,27,0.002,0.400,0.024,0.009,-4,,63,.8,160,2.9,-10,1014,1031.9,,,-2.9
2016-02-26 06:00:00,0,49,27,0.002,0.500,0.020,0.010,-4,,65,1.2,70,3,-9.6,1013.7,1031.5,,,-3
2016-02-26 07:00:00,0,50,30,0.002,0.400,0.019,0.009,-3.6,,66,1.3,90,3.1,-9,1013.6,1031.4,,,-2.6
2016-02-26 08:00:00,0.416,54,30,0.003,0.500,0.014,0.019,-1.7,,61,.6,70,3.3,-8.2,1014,1031.7,0,,-1.1
2016-02-26 09:00:00,3.688,65,34,0.003,0.600,0.010,0.026,-1.6,0,73,.5,180,4,-5.8,1014.2,1031.9,0,,-.4
2016-02-26 10:00:00,8.932,73,39,0.003,0.400,0.030,0.016,-.4,,72,.9,200,4.3,-4.8,1013.9,1031.5,0,,0
2016-02-26 11:00:00,14.172,80,35,0.004,0.400,0.043,0.014,1.3,,63,.4,0,4.2,-4.9,1013.9,1031.4,0,,.7
2016-02-26 12:00:00,13.916,80,38,0.004,0.400,0.045,0.014,.9,.2,76,.1,0,5,-2.8,1013.8,1031.3,0,,0
2016-02-26 13:00:00,11.856,81,42,0.004,0.400,0.046,0.013,2.2,,79,.9,360,5.7,-1,1012.8,1030.2,0,,3.1
2016-02-26 14:00:00,9.044,92,46,0.004,0.400,0.048,0.013,3.4,,76,1.1,290,5.9,-.4,1011.6,1028.9,0,,3.8
2016-02-26 15:00:00,5.524,87,55,0.004,0.500,0.047,0.015,4.5,.5,71,1.1,250,6,-.3,1010.7,1027.9,0,,4.9
2016-02-26 16:00:00,7.056,103,59,0.003,0.500,0.047,0.014,4.8,,69,.8,290,5.9,-.4,1010.5,1027.7,0,,3.3
2016-02-26 17:00:00,2.948,102,57,0.003,0.500,0.044,0.016,4.2,,75,.4,0,6.2,.1,1010.2,1027.4,0,,2.9
2016-02-26 18:00:00,0.644,95,56,0.003,0.500,0.040,0.021,3.5,0,76,.4,0,6,-.3,1010.2,1027.5,0,,1.9
2016-02-26 19:00:00,0,112,57,0.004,0.600,0.038,0.023,3.2,,80,0,0,6.1,0,1010,1027.3,0,,1.7
2016-02-26 20:00:00,0,104,57,0.003,0.500,0.039,0.018,2.4,,80,.4,0,5.8,-.7,1009.9,1027.2,,,.9
2016-02-26 21:00:00,0,100,55,0.003,0.500,0.035,0.015,1.8,0,83,.5,340,5.8,-.7,1009.9,1027.3,,,-.1
2016-02-26 22:00:00,0,100,54,0.002,0.500,0.033,0.013,1.3,,84,.9,290,5.6,-1.1,1009.9,1027.3,,,.4
2016-02-26 23:00:00,0,101,54,0.002,0.600,0.028,0.012,1.2,,85,.4,0,5.7,-1,1009.6,1027,,,.8
2016-02-27 00:00:00,0,110,57,0.002,0.600,0.023,0.013,.8,0,87,.5,70,5.6,-1.1,1008.8,1026.2,,,1
2016-02-27 01:00:00,0,111,61,0.002,0.600,0.019,0.013,.6,,89,1,320,5.7,-1,1008.3,1025.7,,,1
2016-02-27 02:00:00,0,104,61,0.002,0.600,0.018,0.011,.9,,91,.8,230,5.9,-.4,1007.8,1025.2,,,1.2
2016-02-27 03:00:00,0,103,60,0.002,0.600,0.017,0.010,.9,0,92,1,290,6,-.2,1006.6,1024,,,1.3
2016-02-27 04:00:00,0,109,58,0.002,0.600,0.018,0.009,1,,93,.6,360,6.1,0,1005.9,1023.3,,,1.2
2016-02-27 05:00:00,0,103,58,0.002,0.500,0.022,0.008,1,,93,.6,70,6.1,0,1005.3,1022.7,,,.9
2016-02-27 06:00:00,0,98,58,0.002,0.500,0.025,0.007,.9,0,93,.6,180,6.1,-.1,1005.4,1022.8,,,.6
2016-02-27 07:00:00,0,92,47,0.002,0.400,0.033,0.009,.3,,94,.3,0,5.9,-.5,1005.6,1023,,,0
2016-02-27 08:00:00,0.296,73,38,0.003,0.400,0.033,0.016,4,,86,1,70,7,1.8,1006,1023.1,0,,.7
2016-02-27 09:00:00,3.164,79,40,0.003,0.500,0.040,0.014,8,,41,3.1,290,4.4,-4.4,1006.7,1023.6,1,,6.3
2016-02-27 10:00:00,8.812,110,53,0.004,0.500,0.056,0.009,8.4,,36,5.6,270,4,-5.8,1007.2,1024.1,1,,10.2
2016-02-27 11:00:00,15.996,128,62,0.005,0.500,0.060,0.008,9.3,,33,6,250,3.9,-6.1,1007.3,1024.1,1,,13.7
2016-02-27 12:00:00,22.312,131,64,0.005,0.500,0.061,0.009,10.5,,37,3.1,320,4.7,-3.6,1007.1,1023.9,1,,18.1
2016-02-27 13:00:00,26.896,128,60,0.005,0.500,0.063,0.009,11.9,,24,3.8,290,3.3,-8,1006.5,1023.1,1,,19.7
2016-02-27 14:00:00,28.724,116,52,0.004,0.400,0.064,0.008,12,,24,3.6,340,3.4,-7.9,1005.3,1021.9,1,,19.4
2016-02-27 15:00:00,27.104,101,47,0.004,0.400,0.065,0.008,12.4,,22,3.4,360,3.2,-8.7,1005.3,1021.9,1,,17.9
2016-02-27 16:00:00,22.472,95,46,0.005,0.400,0.066,0.010,12.6,,20,3,340,2.9,-9.8,1005.3,1021.9,1,,14.8
2016-02-27 17:00:00,13.104,84,44,0.005,0.400,0.066,0.012,12,,23,3.8,340,3.2,-8.5,1005.7,1022.3,1,,10.4
2016-02-27 18:00:00,3.948,91,43,0.005,0.500,0.066,0.014,11,,26,1,50,3.4,-7.8,1006.3,1023,.3,,7.1
2016-02-27 19:00:00,0.072,94,47,0.005,0.600,0.054,0.024,8.9,,31,.7,320,3.5,-7.3,1006.8,1023.6,0,,4.9
2016-02-27 20:00:00,0,121,55,0.005,0.600,0.049,0.025,7.1,,38,.4,0,3.8,-6.2,1007.4,1024.4,,,3.9
2016-02-27 21:00:00,0,138,64,0.004,0.700,0.036,0.027,5.7,,45,.4,0,4.1,-5.3,1007.9,1025,,,3.3
2016-02-27 22:00:00,0,133,64,0.004,0.600,0.036,0.021,4.8,,50,.7,360,4.3,-4.7,1008.5,1025.7,,,3
2016-02-27 23:00:00,0,119,63,0.003,0.700,0.032,0.020,3.2,,57,.3,0,4.4,-4.5,1008.3,1025.5,,,1.2
2016-02-28 00:00:00,0,121,60,0.003,0.600,0.031,0.015,2.7,,58,.4,0,4.3,-4.7,1008.1,1025.4,,,1
2016-02-28 01:00:00,0,114,61,0.003,0.600,0.030,0.012,1.8,,61,.3,0,4.2,-4.9,1007.9,1025.2,,,.3
2016-02-28 02:00:00,0,103,62,0.002,0.600,0.030,0.010,.7,,69,.6,270,4.4,-4.3,1007.8,1025.2,,,.2
2016-02-28 03:00:00,0,103,56,0.002,0.600,0.030,0.010,.3,,69,.6,340,4.3,-4.7,1007.3,1024.7,,,0
2016-02-28 04:00:00,0,107,59,0.002,0.600,0.027,0.009,-.5,,73,.5,70,4.3,-4.7,1006.6,1024.1,,,-.2
2016-02-28 05:00:00,0,104,58,0.002,0.600,0.028,0.008,-.8,,76,.2,0,4.4,-4.5,1006.7,1024.2,,,-.2
2016-02-28 06:00:00,0,98,55,0.003,0.600,0.031,0.008,-1,,77,1.1,340,4.4,-4.5,1006.7,1024.2,,,-.2
2016-02-28 07:00:00,0,106,55,0.003,0.600,0.031,0.009,0,,74,.4,0,4.5,-4,1006.7,1024.2,,,0
2016-02-28 08:00:00,0,102,58,0.002,0.600,0.029,0.010,.1,,79,.1,0,4.9,-3.1,1006.8,1024.3,0,,.1
2016-02-28 09:00:00,2.208,104,59,0.002,0.600,0.029,0.011,1.6,1,81,.7,270,5.6,-1.3,1006.3,1023.6,.1,,1.6
2016-02-28 10:00:00,5.004,103,58,0.003,0.600,0.030,0.013,3.9,,74,.7,290,6,-.3,1005.9,1023.1,.8,,9
2016-02-28 11:00:00,12.528,111,61,0.003,0.600,0.034,0.012,5.5,,70,1,360,6.3,.4,1005,1022.1,.1,,10.6
2016-02-28 12:00:00,12.812,112,59,0.004,0.500,0.040,0.014,8.1,0,63,.9,320,6.8,1.4,1003.9,1020.7,.1,,13.4
2016-02-28 13:00:00,12.724,111,60,0.017,1.200,0.039,0.031,12.1,,48,4.1,70,6.8,1.4,1001.5,1018,.7,,16.7
2016-02-28 14:00:00,14.972,156,70,0.024,1.200,0.043,0.035,14.4,,32,3.3,110,5.2,-2.1,999.6,1015.9,1,,18
2016-02-28 15:00:00,6.04,162,70,0.014,0.700,0.045,0.026,13.3,0,42,4.6,70,6.4,.6,999.1,1015.5,.7,,14.6
2016-02-28 16:00:00,6.596,133,55,0.008,0.500,0.055,0.015,12.6,,46,4.8,70,6.7,1.2,998.3,1014.8,.3,,11.2
2016-02-28 17:00:00,4.604,100,38,0.006,0.400,0.056,0.012,11.9,,54,2.4,290,7.5,2.8,997.6,1014.1,0,,9.6
2016-02-28 18:00:00,0.536,74,25,0.004,0.300,0.057,0.007,7.4,2.5,73,3.2,320,7.5,2.8,1000.3,1017.1,0,,7.4
2016-02-28 19:00:00,0,69,18,0.003,0.400,0.048,0.008,7.6,,67,5,290,7,1.8,1000.2,1017,0,,6.8
2016-02-28 20:00:00,0,20,13,0.002,0.400,0.048,0.008,6.1,,64,6.4,270,6,-.2,1001.1,1018,,,4.6
2016-02-28 21:00:00,0,32,17,0.003,0.500,0.051,0.009,5.7,1,55,6.9,270,5,-2.6,1001.4,1018.4,,,3.3
2016-02-28 22:00:00,0,38,24,0.003,0.500,0.051,0.009,4.5,,56,5.2,290,4.7,-3.5,1003.1,1020.2,,,2.8
2016-02-28 23:00:00,0,51,30,0.003,0.500,0.048,0.010,3.3,,51,6.3,290,4,-5.8,1004.3,1021.5,,,2.1
2016-02-29 00:00:00,0,59,33,0.003,0.400,0.049,0.007,2.4,,41,4.7,290,3,-9.5,1004.9,1022.1,,,.7
2016-02-29 01:00:00,0,45,27,0.003,0.400,0.045,0.005,1.6,,40,5.5,270,2.8,-10.5,1005.4,1022.7,,,.1
2016-02-29 02:00:00,0,31,17,0.003,0.400,0.046,0.005,1.4,,41,4.5,290,2.8,-10.4,1005.6,1022.9,,,0
2016-02-29 03:00:00,0,33,16,0.003,0.300,0.047,0.004,1,,35,3.8,270,2.3,-12.7,1005.6,1023,,,-.6
2016-02-29 04:00:00,0,30,12,0.004,0.400,0.048,0.004,.6,,39,5.7,290,2.5,-11.7,1004.9,1022.3,,,-.9
2016-02-29 05:00:00,0,29,9,0.004,0.300,0.047,0.004,-.2,,55,3.6,320,3.3,-8.1,1005.5,1023,,,-.5
2016-02-29 06:00:00,0,,10,0.003,0.300,0.047,0.004,-.6,0,48,5.7,290,2.8,-10.2,1005.5,1023,,,-1.2
2016-02-29 07:00:00,0,30,19,0.003,0.300,0.044,0.004,-.6,,34,7,290,2,-14.5,1005.6,1023.1,,,-1.9
2016-02-29 08:00:00,0.576,40,19,0.003,0.300,0.042,0.005,-.5,,32,7.8,290,1.9,-15.2,1006,1023.5,.2,,-1.1
2016-02-29 09:00:00,3.452,55,16,0.003,0.300,0.040,0.005,-1.7,0,54,6.9,290,2.9,-9.8,1006.9,1024.5,.4,,-.5
2016-02-29 10:00:00,8.936,54,16,0.003,0.300,0.039,0.006,-1.6,,60,4.8,290,3.3,-8.3,1007.2,1024.8,.2,,.6
2016-02-29 11:00:00,13.716,63,13,0.003,0.300,0.039,0.006,-1.2,,53,7.8,290,3,-9.5,1007.1,1024.6,.6,,2.5
2016-02-29 12:00:00,17.484,66,15,0.003,0.300,0.040,0.006,-.6,0,44,8,290,2.6,-11.3,1006.9,1024.4,1,,4.1
2016-02-29 13:00:00,17.424,57,16,0.003,0.300,0.040,0.006,-.1,,38,5.3,290,2.3,-12.7,1006.3,1023.8,.8,,8.9
2016-02-29 14:00:00,13.184,44,13,0.002,0.300,0.038,0.007,.2,,36,5.4,290,2.2,-13.1,1005.9,1023.3,.8,,9.3
2016-02-29 15:00:00,20.692,37,12,0.002,0.300,0.040,0.006,-3.6,.3,79,5.9,290,3.7,-6.7,1006.4,1024.1,.5,,2.1
2016-02-29 16:00:00,11.712,29,11,0.002,0.300,0.041,0.006,-2.3,,58,5.6,340,3,-9.4,1006.8,1024.4,.8,,1.8
2016-02-29 17:00:00,6.952,33,11,0.003,0.300,0.041,0.008,-2.1,,56,4.7,290,2.9,-9.7,1007,1024.6,0,,1.5
2016-02-29 18:00:00,2.436,33,17,0.003,0.300,0.043,0.008,-2.5,.7,47,4.3,290,2.4,-12.2,1007.8,1025.4,0,,1
2016-02-29 19:00:00,0.032,32,19,0.003,0.300,0.041,0.009,-3,,46,5,290,2.3,-13,1008.9,1026.6,0,,.5
2016-02-29 20:00:00,0,30,20,0.003,0.300,0.041,0.008,-3,,47,3,320,2.3,-12.7,1009.7,1027.4,,,.5
2016-02-29 21:00:00,0,24,17,0.003,0.300,0.041,0.007,-3.1,,40,4.5,290,1.9,-14.8,1010.3,1028,,,.3
2016-02-29 22:00:00,0,28,17,0.003,0.300,0.040,0.008,-3.4,,38,3.9,290,1.8,-15.7,1010.8,1028.6,,,.2
2016-02-29 23:00:00,0,31,17,0.003,0.300,0.040,0.007,-3.6,,35,5.7,270,1.6,-16.8,1011.4,1029.2,,,0
2016-03-01 00:00:00,0,30,20,0.003,0.300,0.041,0.006,-3.9,,36,2.7,290,1.6,-16.8,1011.7,1029.5,,,-.3
2016-03-01 01:00:00,0,36,19,0.003,0.300,0.042,0.005,-4.6,,39,2.1,320,1.7,-16.4,1011.7,1029.6,,,-.7
2016-03-01 02:00:00,0,29,16,0.003,0.300,0.041,0.005,-4.7,,40,3.8,270,1.7,-16.2,1011.5,1029.4,,,-1
2016-03-01 03:00:00,0,22,9,0.003,0.300,0.033,0.005,-6,,47,1.4,360,1.8,-15.5,1011.5,1029.4,,,-1.2
2016-03-01 04:00:00,0,22,6,0.003,0.300,0.032,0.008,-5.6,,45,2,340,1.8,-15.6,1011.3,1029.2,,,-1.4
2016-03-01 05:00:00,0,24,15,0.004,0.300,0.031,0.010,-4.6,,39,4.3,290,1.7,-16.4,1011.3,1029.1,,,-1.7
2016-03-01 06:00:00,0,30,15,0.003,0.300,0.032,0.008,-4.4,,36,3.7,320,1.6,-17.2,1011.5,1029.3,,,-2
2016-03-01 07:00:00,0,30,17,0.003,0.300,0.030,0.005,-4.2,,38,3.5,290,1.7,-16.4,1011.7,1029.5,0,,-2.1
2016-03-01 08:00:00,0.276,26,15,0.003,0.300,0.027,0.006,-3.4,,37,4.8,290,1.8,-16,1011.8,1029.6,.3,,-1.7
2016-03-01 09:00:00,2.656,29,17,0.003,0.300,0.028,0.008,-2.5,,36,4.2,320,1.8,-15.5,1012,1029.7,1,,-.2
2016-03-01 10:00:00,11.2,35,17,0.003,0.300,0.036,0.008,-2,,35,3.5,320,1.8,-15.4,1011.9,1029.6,.3,,-.3
2016-03-01 11:00:00,18.304,37,16,0.003,0.300,0.040,0.007,-.7,,31,3.3,340,1.8,-15.7,1011.5,1029.1,.6,,0
2016-03-01 12:00:00,25.208,37,15,0.003,0.300,0.043,0.006,1.2,,28,4.5,340,1.9,-15.3,1010.8,1028.2,1,,2.6
2016-03-01 13:00:00,32.568,37,15,0.003,0.300,0.045,0.006,2.5,,26,4.4,340,1.9,-15.1,1009.8,1027.1,1,,9.6
2016-03-01 14:00:00,34.608,38,13,0.003,0.300,0.046,0.006,3.8,,27,3.8,320,2.2,-13.5,1008.8,1026,1,,13.4
2016-03-01 15:00:00,34.092,36,18,0.003,0.300,0.046,0.007,4.6,,21,4.1,320,1.8,-15.9,1008.1,1025.2,1,,12.8
2016-03-01 16:00:00,30.864,34,16,0.003,0.300,0.046,0.008,5.3,,19,4.7,270,1.7,-16.5,1007.8,1024.9,1,,9.8
2016-03-01 17:00:00,22.432,34,21,0.003,0.300,0.046,0.008,5.1,,21,3.5,290,1.8,-15.4,1007.9,1025,1,,6.1
2016-03-01 18:00:00,9.512,28,23,0.003,0.300,0.045,0.008,3.6,,26,4.2,270,2.1,-14.1,1008.3,1025.5,.9,,1.9
2016-03-01 19:00:00,0.22,26,19,0.003,0.300,0.042,0.010,2.2,,31,2.3,340,2.2,-13.2,1008.7,1026,0,,.3
2016-03-01 20:00:00,0,28,12,0.003,0.300,0.041,0.010,1.3,,34,2.2,340,2.3,-12.8,1009.3,1026.7,,,0
2016-03-01 21:00:00,0,21,11,0.002,0.300,0.039,0.011,.7,,36,2.9,360,2.3,-12.7,1010,1027.5,,,-.2
2016-03-01 22:00:00,0,25,9,0.002,0.300,0.038,0.010,.3,,32,1.9,20,2,-14.5,1010.2,1027.7,,,-.6
2016-03-01 23:00:00,0,,10,0.002,0.300,0.033,0.009,-.2,,36,1.6,50,2.2,-13.5,1010.6,1028.1,,,-.9
2016-03-02 00:00:00,0,19,13,0.002,0.300,0.036,0.007,-1.2,,43,1.5,340,2.4,-12.2,1010.8,1028.4,,,-1.4
2016-03-02 01:00:00,0,26,15,0.002,0.300,0.037,0.005,-2.2,,49,.8,250,2.6,-11.4,1011.1,1028.8,,,-1.8
2016-03-02 02:00:00,0,24,14,0.002,0.300,0.038,0.005,-2.9,,52,.7,270,2.6,-11.4,1011.4,1029.1,,,-2.1
2016-03-02 03:00:00,0,27,14,0.002,0.300,0.038,0.004,-3.8,,60,.8,340,2.8,-10.4,1011.1,1028.9,,,-2.5
2016-03-02 04:00:00,0,23,11,0.002,0.300,0.037,0.004,-4.2,,62,.4,0,2.8,-10.4,1011,1028.8,,,-2.9
2016-03-02 05:00:00,0,25,11,0.002,0.300,0.028,0.004,-4.8,,67,.2,0,2.9,-9.9,1011.1,1029,,,-3.1
2016-03-02 06:00:00,0,26,14,0.002,0.300,0.024,0.005,-5.2,,73,.1,0,3,-9.2,1011.4,1029.3,,,-3.5
2016-03-02 07:00:00,0,31,17,0.002,0.300,0.020,0.006,-5.3,,74,.8,70,3,-9.2,1011.4,1029.3,0,,-3.8
2016-03-02 08:00:00,0.376,28,19,0.002,0.300,0.016,0.011,-4.8,,76,.2,0,3.3,-8.3,1012.1,1030,.3,,-1.8
2016-03-02 09:00:00,3.044,32,14,0.002,0.300,0.022,0.012,-2.2,,63,.6,230,3.3,-8.3,1011.9,1029.6,1,,.9
2016-03-02 10:00:00,10.888,36,17,0.003,0.300,0.032,0.008,1.5,,47,.8,270,3.2,-8.6,1011.2,1028.6,1,,2.8
2016-03-02 11:00:00,19.968,36,19,0.004,0.400,0.034,0.012,4.1,,33,.6,320,2.7,-10.7,1010.2,1027.4,1,,9.1
2016-03-02 12:00:00,26.944,47,20,0.005,0.400,0.035,0.014,7.4,,25,1.2,250,2.6,-11.3,1009.3,1026.3,1,,13.8
2016-03-02 13:00:00,31.572,58,23,0.007,0.600,0.033,0.021,9.3,,20,1.3,320,2.3,-12.5,1008,1024.8,1,,18
2016-03-02 14:00:00,34.5,64,31,0.007,0.500,0.041,0.019,10.6,,14,.6,50,1.8,-15.8,1006.9,1023.7,1,,19.9
2016-03-02 15:00:00,33.896,55,33,0.004,0.300,0.046,0.011,11.7,,13,1.2,340,1.8,-15.8,1006.3,1023,1,,19.1
2016-03-02 16:00:00,29.848,43,17,0.003,0.300,0.047,0.010,11.4,,16,3.8,320,2.2,-13.5,1006.1,1022.8,1,,14.2
2016-03-02 17:00:00,21.164,41,10,0.003,0.300,0.051,0.008,11.5,,14,2.3,320,1.9,-15.1,1006,1022.7,1,,10.5
2016-03-02 18:00:00,9.532,36,10,0.003,0.300,0.052,0.007,10,,16,2.3,320,2,-14.7,1006.2,1023,1,,6
2016-03-02 19:00:00,0.28,29,12,0.003,0.300,0.050,0.008,8,,25,1.6,160,2.7,-10.8,1006.9,1023.8,0,,2.9
2016-03-02 20:00:00,0,23,10,0.003,0.300,0.048,0.009,5.5,,32,1.6,160,2.9,-9.9,1007.1,1024.2,,,1.3
2016-03-02 21:00:00,0,17,9,0.002,0.300,0.042,0.010,2.9,,42,.1,0,3.2,-8.7,1007.7,1025,,,.1
2016-03-02 22:00:00,0,23,8,0.002,0.300,0.042,0.009,1.5,,48,.5,50,3.3,-8.3,1008.1,1025.5,,,.2
2016-03-02 23:00:00,0,21,8,0.002,0.400,0.032,0.015,.3,,52,.1,0,3.2,-8.4,1008.3,1025.8,,,0
2016-03-03 00:00:00,0,29,10,0.002,0.400,0.032,0.010,-.5,,55,.1,0,3.2,-8.4,1008.4,1025.9,,,-.2
2016-03-03 01:00:00,0,30,12,0.002,0.300,0.030,0.009,-1.1,,58,0,0,3.3,-8.3,1008.3,1025.8,,,-.4
2016-03-03 02:00:00,0,28,12,0.002,0.300,0.030,0.008,-2.2,,64,0,0,3.3,-8.1,1008,1025.6,,,-.6
2016-03-03 03:00:00,0,22,13,0.002,0.300,0.022,0.008,-2.7,,69,.1,0,3.5,-7.6,1007.7,1025.3,,,-1
2016-03-03 04:00:00,0,25,10,0.002,0.300,0.022,0.008,-3.1,,71,0,0,3.5,-7.6,1007.6,1025.3,,,-1.4
2016-03-03 05:00:00,0,29,6,0.002,0.300,0.023,0.007,-3.4,,74,.4,0,3.5,-7.3,1008,1025.7,,,-1.7
2016-03-03 06:00:00,0,,9,0.002,0.300,0.019,0.007,-3.6,,76,.5,270,3.6,-7.2,1008.6,1026.3,,,-2
2016-03-03 07:00:00,0,20,15,0.002,0.300,0.015,0.007,-4.3,,77,.3,0,3.4,-7.7,1009.2,1027,0,,-2.2
2016-03-03 08:00:00,0.432,31,16,0.002,0.400,0.011,0.012,-2.9,,79,.2,0,3.9,-6,1009.6,1027.3,.3,,-.8
2016-03-03 09:00:00,3.244,38,20,0.002,0.300,0.015,0.013,.6,,62,.2,0,4,-5.8,1009.9,1027.4,1,,1.2
2016-03-03 10:00:00,10.652,43,24,0.002,0.400,0.019,0.016,5.4,,41,.4,0,3.7,-6.8,1009.6,1026.7,1,,5.4
2016-03-03 11:00:00,19.192,47,21,0.003,0.300,0.030,0.015,9.3,,32,.7,250,3.8,-6.5,1008.7,1025.5,1,,13.5
2016-03-03 12:00:00,25.848,53,25,0.004,0.400,0.038,0.013,12.2,,24,1,320,3.4,-7.8,1007.9,1024.5,1,,20.1
2016-03-03 13:00:00,30.512,62,31,0.008,0.500,0.042,0.022,13.7,,25,2.8,70,3.9,-6,1006.8,1023.3,1,,20.9
2016-03-03 14:00:00,32.536,67,24,0.017,0.600,0.078,0.032,15.7,,27,2.9,70,4.8,-3.2,1005.6,1022,1,,21.6
2016-03-03 15:00:00,30.692,78,27,0.021,0.700,0.070,0.033,15.9,,27,4.2,70,4.9,-3.1,1005.2,1021.6,1,,18.5
2016-03-03 16:00:00,26.024,75,26,0.013,0.600,0.054,0.024,15.6,,27,3.5,90,4.8,-3.3,1005.1,1021.5,1,,15.2
2016-03-03 17:00:00,17.264,44,21,0.007,0.400,0.049,0.017,14.8,,31,4,70,5.2,-2.1,1005.1,1021.6,1,,11.5
2016-03-03 18:00:00,5.908,46,15,0.007,0.400,0.043,0.020,13.5,,39,4.1,70,6,-.2,1005.5,1022,.9,,9
2016-03-03 19:00:00,0.188,35,13,0.007,0.400,0.034,0.028,12.2,,45,3,70,6.3,.5,1006.1,1022.7,0,,7.2
2016-03-03 20:00:00,0,39,15,0.007,0.400,0.031,0.027,10.2,,53,1.4,230,6.6,1,1006.7,1023.5,,,5.8
2016-03-03 21:00:00,0,40,16,0.005,0.500,0.020,0.034,8.4,,59,.1,0,6.5,.8,1007.2,1024.1,,,4.1
2016-03-03 22:00:00,0,40,18,0.005,0.500,0.017,0.029,7.2,,64,.5,160,6.5,.8,1007.3,1024.3,,,3
2016-03-03 23:00:00,0,43,21,0.004,0.500,0.017,0.027,5.5,,72,.2,0,6.5,.8,1007.6,1024.7,,,2.2
2016-03-04 00:00:00,0,49,17,0.003,0.500,0.015,0.024,4.9,,75,.4,0,6.5,.8,1007.7,1024.9,,,1.6
2016-03-04 01:00:00,0,44,21,0.003,0.400,0.019,0.016,4,,77,.4,0,6.2,.3,1008,1025.2,,,1.9
2016-03-04 02:00:00,0,37,22,0.002,0.500,0.019,0.014,3.9,,76,.9,320,6.1,0,1008,1025.2,,,2.7
2016-03-04 03:00:00,0,35,22,0.002,0.400,0.020,0.011,4.2,.1,79,.6,160,6.5,.8,1008,1025.2,,,3.8
2016-03-04 04:00:00,0,31,19,0.002,0.400,0.027,0.009,4.2,,82,.4,0,6.7,1.3,1007.9,1025.1,,,4
2016-03-04 05:00:00,0,27,17,0.002,0.400,0.023,0.009,4.2,,85,.5,230,7,1.8,1007.9,1025.1,,,4.2
2016-03-04 06:00:00,0,33,14,0.002,0.400,0.028,0.008,4.6,3.4,86,.6,180,7.3,2.4,1008.1,1025.2,,,4.5
2016-03-04 07:00:00,0,34,17,0.002,0.400,0.022,0.011,4.8,,88,.5,230,7.5,2.9,1008.3,1025.5,0,,4.8
2016-03-04 08:00:00,0,26,19,0.002,0.400,0.021,0.013,5.1,,89,.9,250,7.8,3.4,1009.2,1026.4,0,,5.3
2016-03-04 09:00:00,0.1,34,19,0.002,0.400,0.016,0.020,6.2,1,90,.3,0,8.5,4.6,1009.5,1026.6,0,,7.9
2016-03-04 10:00:00,1.168,41,21,0.003,0.400,0.017,0.021,6.7,,88,.8,270,8.6,4.8,1009.9,1026.9,0,,7.5
2016-03-04 11:00:00,1.972,38,23,0.003,0.400,0.017,0.022,7.2,,86,.4,0,8.7,5,1009.6,1026.6,0,,8.6
2016-03-04 12:00:00,2.224,,,,,,,7.7,0,86,1.1,250,9,5.4,1009.4,1026.4,0,,9.3
2016-03-04 13:00:00,2.188,,,,,,,8,,86,.6,250,9.2,5.7,1008.8,1025.7,0,,9.4
2016-03-04 14:00:00,3.748,35,1,0.003,0.400,0.023,0.017,8,,87,.2,0,9.3,5.9,1008.5,1025.4,0,,9
2016-03-04 15:00:00,0.136,26,15,0.002,0.400,0.018,0.024,8.4,8.5,89,.3,0,9.7,6.6,1008.2,1025.1,0,,9.7
2016-03-04 16:00:00,0.032,25,15,0.002,0.400,0.013,0.028,8.5,,89,1.7,320,9.8,6.7,1008.7,1025.6,0,,9.1
2016-03-04 17:00:00,0.424,24,10,0.002,0.400,0.013,0.027,8.8,,90,.2,0,10.2,7.2,1008.6,1025.5,0,,9.1
2016-03-04 18:00:00,0,24,11,0.002,0.500,0.009,0.031,8.8,2,90,1.1,200,10.2,7.2,1009.2,1026.1,0,,8.5
2016-03-04 19:00:00,0,24,11,0.002,0.600,0.010,0.029,8.7,,91,.4,0,10.2,7.3,1009.7,1026.6,0,,8.2
2016-03-04 20:00:00,0,19,10,0.002,0.500,0.013,0.023,8.6,,92,.7,290,10.2,7.3,1010.4,1027.3,,,8
2016-03-04 21:00:00,0,25,11,0.002,0.600,0.007,0.029,8.7,.5,93,.7,20,10.4,7.6,1010.5,1027.4,,,8
2016-03-04 22:00:00,0,28,11,0.002,0.600,0.004,0.030,8.6,,94,.7,160,10.4,7.6,1010.6,1027.5,,,7.9
2016-03-04 23:00:00,0,24,13,0.002,0.600,0.003,0.030,8.6,,95,.4,0,10.6,7.8,1010.5,1027.4,,,7.8
2016-03-05 00:00:00,0,29,15,0.002,0.600,0.005,0.025,8.5,,95,.4,0,10.5,7.7,1010.2,1027.1,,,7.8
2016-03-05 01:00:00,0,32,16,0.002,0.600,0.004,0.024,8.4,,95,.3,0,10.4,7.6,1009.7,1026.6,,,7.7
2016-03-05 02:00:00,0,30,19,0.002,0.600,0.004,0.022,8.4,,95,.4,0,10.4,7.6,1009.6,1026.5,,,7.7
2016-03-05 03:00:00,0,39,14,0.002,0.700,0.005,0.020,8.6,.1,96,1,250,10.6,7.9,1009.1,1026,,,7.8
2016-03-05 04:00:00,0,39,14,0.002,0.600,0.006,0.016,9.6,,97,1.5,320,11.6,9.1,1007.9,1024.7,,,8.2
2016-03-05 05:00:00,0,32,11,0.002,0.600,0.005,0.015,10.5,,97,1.3,270,12.3,10,1007.4,1024.2,,,8.7
2016-03-05 06:00:00,0,31,9,0.002,0.700,0.004,0.017,10.7,.4,98,1.4,50,12.5,10.3,1007.3,1024.1,,,9
2016-03-05 07:00:00,0,33,19,0.003,0.700,0.004,0.018,11.3,,98,2.7,50,13,10.9,1007.6,1024.3,0,,9.7
2016-03-05 08:00:00,0,46,19,0.003,0.600,0.004,0.019,11.2,,95,3.8,50,12.6,10.4,1007.5,1024.2,0,,10
2016-03-05 09:00:00,0,44,21,0.003,0.600,0.004,0.023,11.4,.5,95,3.6,50,12.8,10.6,1007.3,1024,0,,10.6
2016-03-05 10:00:00,0.052,52,20,0.003,0.600,0.008,0.031,11.7,,91,2.8,50,12.4,10.2,1006.8,1023.5,0,,11.4
2016-03-05 11:00:00,0.42,52,28,0.003,0.500,0.014,0.028,12.1,,89,3.6,20,12.5,10.3,1006,1022.6,0,,14.1
2016-03-05 12:00:00,0.364,61,31,0.003,0.400,0.025,0.021,12.5,3.5,88,4.5,50,12.7,10.5,1004.8,1021.4,.1,,15.1
2016-03-05 13:00:00,0.844,46,21,0.002,0.300,0.038,0.010,12.8,,87,5.1,50,12.8,10.6,1003.4,1019.9,0,,15.7
2016-03-05 14:00:00,0.172,34,12,0.002,0.300,0.043,0.008,13,,88,3.3,50,13.1,11,1002.5,1019,0,,14.5
2016-03-05 15:00:00,0.336,31,9,0.007,0.800,0.034,0.018,13.2,7,88,3.8,50,13.3,11.2,1001.7,1018.2,0,,13.4
2016-03-05 16:00:00,0.164,47,22,0.010,0.900,0.030,0.022,13.6,,87,4.1,50,13.5,11.4,1000.9,1017.3,0,,13.2
2016-03-05 17:00:00,0.028,52,19,0.010,0.700,0.035,0.018,13.8,,88,4.3,50,13.8,11.8,1000.6,1017,0,,12.9
2016-03-05 18:00:00,0,46,20,0.010,0.700,0.033,0.019,14.4,10.5,88,3.3,50,14.4,12.4,1000.3,1016.6,0,,13
2016-03-05 19:00:00,0,41,16,0.010,0.700,0.030,0.020,14.7,,85,2.5,340,14.1,12.1,1000.7,1017.1,0,,12.9
2016-03-05 20:00:00,0,41,21,0.010,0.700,0.031,0.018,14.1,,89,.7,20,14.3,12.3,1001.1,1017.5,,,12.7
2016-03-05 21:00:00,0,37,13,0.006,0.300,0.041,0.008,14,12.5,91,1.6,340,14.5,12.5,1001.4,1017.8,,,12.5
2016-03-05 22:00:00,0,25,9,0.004,0.200,0.044,0.005,13.6,,92,.5,360,14.3,12.3,1001.2,1017.6,,,12.1
2016-03-05 23:00:00,0,17,5,0.004,0.200,0.040,0.008,13.9,,94,1.9,180,14.9,12.9,1000.7,1017.1,,,12.3
2016-03-06 00:00:00,0,23,9,0.003,0.200,0.039,0.009,13.4,8.5,95,1,250,14.6,12.6,1001.1,1017.5,,,12.1
2016-03-06 01:00:00,0,23,9,0.006,0.500,0.031,0.015,13.4,,96,.6,200,14.7,12.7,1001.1,1017.5,,,11.9
2016-03-06 02:00:00,0,29,11,0.005,0.300,0.030,0.015,13,,97,.3,0,14.5,12.5,1000.6,1017.1,,,11.7
2016-03-06 03:00:00,0,27,9,0.005,0.400,0.028,0.015,12.7,2,97,.8,180,14.2,12.2,1000.2,1016.7,,,11.6
2016-03-06 04:00:00,0,35,12,0.005,0.400,0.027,0.015,12.4,,97,.4,0,13.9,11.9,999.7,1016.2,,,11.5
2016-03-06 05:00:00,0,36,21,0.004,0.300,0.026,0.014,12.4,,98,.6,200,14,12,999.5,1016,,,11.3
2016-03-06 06:00:00,0,37,19,0.005,0.400,0.024,0.015,12.1,,98,.3,0,13.7,11.7,1000.3,1016.8,,,11.2
2016-03-06 07:00:00,0,45,15,0.005,0.300,0.021,0.016,12,,98,.4,0,13.7,11.6,1000.7,1017.2,0,,11.2
2016-03-06 08:00:00,0,35,17,0.006,0.300,0.016,0.022,12.1,,98,.6,180,13.7,11.7,1001,1017.5,0,,11.5
2016-03-06 09:00:00,1.388,30,9,0.006,0.300,0.012,0.027,12.3,0,98,.6,200,13.9,11.9,1001.2,1017.7,0,,12.5
2016-03-06 10:00:00,5.48,51,16,0.004,0.400,0.027,0.016,13.7,,95,1,90,14.9,12.9,1001.3,1017.7,0,,15.7
2016-03-06 11:00:00,8.156,49,15,0.003,0.400,0.038,0.009,14,,73,3.4,320,11.6,9.2,1001.6,1018,.1,,16.2
2016-03-06 12:00:00,14.568,44,19,0.003,0.400,0.042,0.007,15.5,,64,2.5,340,11.2,8.7,1001.6,1018,.3,,20.1
2016-03-06 13:00:00,15.1,48,24,0.003,0.400,0.049,0.008,17,,45,3.2,340,8.7,4.9,1001,1017.2,1,,23.9
2016-03-06 14:00:00,26.872,71,31,0.003,0.500,0.059,0.007,18.3,,20,3,340,4.2,-5,1000,1016.1,1,,24
2016-03-06 15:00:00,27.376,94,30,0.003,0.400,0.057,0.007,19.7,,14,2.3,320,3.2,-8.5,999.6,1015.7,1,,23.1
2016-03-06 16:00:00,23.456,100,36,0.004,0.400,0.048,0.011,19.2,,22,2.2,340,4.9,-3,999.6,1015.6,1,,20.6
2016-03-06 17:00:00,14.152,76,34,0.002,0.300,0.052,0.008,18.9,,19,2.2,320,4.2,-5.2,999.8,1015.8,1,,17.1
2016-03-06 18:00:00,4.872,76,19,0.002,0.300,0.051,0.007,17.3,,24,1.3,320,4.8,-3.4,1000.5,1016.7,.4,,13.9
2016-03-06 19:00:00,0.216,67,19,0.002,0.300,0.046,0.010,14.1,,38,.4,0,6.1,0,1001.1,1017.5,0,,11.4
2016-03-06 20:00:00,0,60,20,0.002,0.400,0.038,0.013,11.7,,50,.1,0,6.9,1.6,1001.9,1018.5,,,9.8
2016-03-06 21:00:00,0,63,26,0.002,0.400,0.035,0.010,9.7,,58,.7,250,7,1.8,1002.4,1019.2,,,8.7
2016-03-06 22:00:00,0,61,18,0.002,0.400,0.031,0.010,9,,63,.8,360,7.2,2.3,1002.1,1018.8,,,7.7
2016-03-06 23:00:00,0,56,20,0.002,0.400,0.027,0.010,7.6,,71,.3,0,7.4,2.6,1002.4,1019.3,,,6.8
2016-03-07 00:00:00,0,57,20,0.002,0.400,0.024,0.008,7,,73,.5,340,7.3,2.4,1002.7,1019.6,,,6.1
2016-03-07 01:00:00,0,55,22,0.002,0.400,0.022,0.007,6.1,,77,0,0,7.2,2.3,1002.6,1019.6,,,5.4
2016-03-07 02:00:00,0,52,13,0.002,0.400,0.023,0.006,5.2,,80,.4,0,7.1,2,1002.2,1019.2,,,4.9
2016-03-07 03:00:00,0,52,20,0.002,0.400,0.021,0.006,4.8,,81,.6,340,7,1.8,1002.1,1019.2,,,4.4
2016-03-07 04:00:00,0,54,19,0.002,0.400,0.018,0.006,4.2,,82,.1,0,6.7,1.3,1002,1019.1,,,4
2016-03-07 05:00:00,0,54,18,0.002,0.400,0.015,0.007,3.9,,84,.3,0,6.8,1.4,1002.4,1019.5,,,3.6
2016-03-07 06:00:00,0,53,25,0.002,0.400,0.013,0.008,3.3,,85,.3,0,6.6,1,1002.5,1019.6,,,3.2
2016-03-07 07:00:00,0,57,22,0.002,0.400,0.014,0.009,3.1,,85,.2,0,6.5,.8,1002.7,1019.9,0,,2.9
2016-03-07 08:00:00,0.124,54,23,0.002,0.400,0.010,0.012,3.1,,85,.7,270,6.5,.8,1003.1,1020.3,0,,4.1
2016-03-07 09:00:00,1.12,55,25,0.002,0.400,0.006,0.017,4.7,,83,.3,0,7.1,2,1003.4,1020.5,0,,6.8
2016-03-07 10:00:00,2.112,63,19,0.003,0.400,0.013,0.018,7.8,,70,.5,290,7.4,2.6,1002.8,1019.6,.7,,12.9
2016-03-07 11:00:00,7.7,75,28,0.004,0.400,0.025,0.012,11.9,,65,3.8,70,9,5.5,1002.4,1019,1,,18.3
2016-03-07 12:00:00,19.368,91,32,0.005,0.400,0.027,0.013,12.9,,59,3.6,90,8.7,5,1001.5,1018,1,,20.4
2016-03-07 13:00:00,26.852,97,36,0.005,0.400,0.037,0.012,14.5,,52,2.2,90,8.5,4.7,1001.1,1017.4,1,,22.9
2016-03-07 14:00:00,26.404,98,35,0.006,0.500,0.044,0.015,15.9,,48,2.8,90,8.6,4.8,999.6,1015.9,1,,22.6
2016-03-07 15:00:00,22.848,111,43,0.021,0.900,0.039,0.034,16.3,,46,1.7,90,8.5,4.6,999.3,1015.5,.8,,18.6
2016-03-07 16:00:00,16.556,122,52,0.013,0.600,0.047,0.027,16.3,,49,2.5,70,9,5.5,998.5,1014.7,.2,,17.5
2016-03-07 17:00:00,4.412,98,45,0.010,0.500,0.040,0.028,15.9,,52,2.1,70,9.3,6,999,1015.3,0,,14.6
2016-03-07 18:00:00,1.324,77,31,0.007,0.500,0.041,0.024,15.2,,55,1.9,50,9.5,6.2,999.1,1015.4,0,,13.2
2016-03-07 19:00:00,0.032,78,32,0.009,0.600,0.029,0.033,14.4,,59,2.9,70,9.6,6.4,999.7,1016,0,,12.3
2016-03-07 20:00:00,0,74,31,0.009,0.500,0.028,0.030,13.9,,60,1.6,70,9.5,6.2,1000.3,1016.7,,,11.4
2016-03-07 21:00:00,0,66,27,0.009,0.500,0.025,0.029,12.8,0,54,.9,290,8,3.7,1000.8,1017.3,,,9.9
2016-03-07 22:00:00,0,68,30,0.009,0.500,0.021,0.031,11.1,,65,.4,0,8.5,4.7,1001,1017.6,,,8.9
2016-03-07 23:00:00,0,75,29,0.008,0.500,0.017,0.031,10.1,,73,.4,0,9,5.4,1001,1017.7,,,8.8
2016-03-08 00:00:00,0,69,29,0.006,0.400,0.019,0.024,10.8,,63,1,90,8.1,4,1001.6,1018.3,,,8.3
2016-03-08 01:00:00,0,69,32,0.005,0.500,0.015,0.024,10,,62,1.7,250,7.6,3,1001.7,1018.4,,,7.6
2016-03-08 02:00:00,0,73,33,0.004,0.400,0.016,0.019,11.4,,39,3.7,340,5.3,-2,1001.6,1018.2,,,7.6
2016-03-08 03:00:00,0,72,29,0.004,0.400,0.021,0.016,11.4,,24,3.9,340,3.2,-8.4,1001.4,1018,,,6.9
2016-03-08 04:00:00,0,71,26,0.003,0.400,0.027,0.012,10.2,,30,3.2,340,3.7,-6.6,1001.7,1018.4,,,5.8
2016-03-08 05:00:00,0,75,25,0.003,0.400,0.030,0.010,10.4,,24,3.5,340,3,-9.3,1001.6,1018.3,,,5.6
2016-03-08 06:00:00,0,70,32,0.003,0.400,0.031,0.009,9.5,,29,2.1,340,3.5,-7.6,1001.8,1018.5,,,5.4
2016-03-08 07:00:00,0,75,29,0.003,0.400,0.044,0.007,9.4,,29,2,320,3.4,-7.7,1002.7,1019.4,0,,5.7
2016-03-08 08:00:00,0,88,29,0.004,0.400,0.040,0.011,9.3,,31,1.2,320,3.6,-6.9,1003.8,1020.5,0,,6.3
2016-03-08 09:00:00,0.988,98,33,0.004,0.400,0.035,0.014,9.1,,32,3.3,340,3.7,-6.7,1004.8,1021.6,0,,6.5
2016-03-08 10:00:00,3.372,100,35,0.003,0.400,0.033,0.016,9.3,,32,3.1,320,3.8,-6.5,1005.2,1022,0,,6.8
2016-03-08 11:00:00,3.616,100,34,0.004,0.400,0.038,0.014,10.4,,21,3.3,320,2.6,-11,1005.4,1022.2,0,,8.2
2016-03-08 12:00:00,3.66,105,38,0.003,0.400,0.037,0.012,5.4,.5,60,4.6,340,5.4,-1.7,1005.9,1023,0,,6.6
2016-03-08 13:00:00,2.296,92,33,0.003,0.400,0.039,0.011,6.7,,62,1.5,360,6.1,0,1004.8,1021.8,0,,10
2016-03-08 14:00:00,3.172,100,39,0.002,0.400,0.038,0.014,7.1,,59,1.9,290,6,-.3,1003.8,1020.7,0,,9.7
2016-03-08 15:00:00,2.452,54,27,0.002,0.400,0.036,0.014,7.3,0,60,2,270,6.1,0,1003.6,1020.5,0,,9.6
2016-03-08 16:00:00,1.752,53,25,0.002,0.400,0.035,0.014,8.4,,53,1.5,340,5.8,-.6,1004,1020.8,0,,9.4
2016-03-08 17:00:00,1.268,49,24,0.002,0.300,0.032,0.015,9,,38,2.6,340,4.4,-4.5,1004.1,1020.9,0,,8.3
2016-03-08 18:00:00,0.196,52,22,0.002,0.300,0.031,0.015,9.1,,22,3.4,320,2.5,-11.5,1003.6,1020.4,0,,6.7
2016-03-08 19:00:00,0,47,27,0.002,0.400,0.033,0.016,7.3,,34,2.8,250,3.5,-7.5,1003.1,1020,0,,5.6
2016-03-08 20:00:00,0,32,11,0.002,0.300,0.040,0.011,7.1,,37,.9,20,3.7,-6.6,1003.2,1020.1,,,5.6
2016-03-08 21:00:00,0,30,13,0.002,0.300,0.037,0.011,6.3,0,46,4,320,4.4,-4.4,1004.1,1021.1,,,4.8
2016-03-08 22:00:00,0,36,15,0.002,0.300,0.037,0.007,4,,70,2.8,360,5.7,-.9,1005.1,1022.2,,,4.5
2016-03-08 23:00:00,0,28,17,0.002,0.300,0.038,0.008,2.6,,80,1,360,5.9,-.5,1005,1022.2,,,4
2016-03-09 00:00:00,0,20,11,0.002,0.300,0.048,0.004,2.2,3,82,.9,70,5.9,-.5,1004.5,1021.8,,,3.4
2016-03-09 01:00:00,0,28,12,0.002,0.300,0.046,0.004,2.3,,84,.8,340,6.1,-.1,1003.9,1021.1,,,3.8
2016-03-09 02:00:00,0,17,14,0.002,0.300,0.046,0.004,2.6,,84,.1,0,6.2,.1,1002.8,1020,,,4
2016-03-09 03:00:00,0,14,10,0.002,0.300,0.043,0.004,2.5,.1,84,.2,0,6.1,0,1002.7,1019.9,,,4
2016-03-09 04:00:00,0,13,5,0.002,0.300,0.046,0.004,2.6,,84,.7,320,6.2,.1,1002.2,1019.4,,,3.9
2016-03-09 05:00:00,0,12,7,0.002,0.300,0.043,0.004,2.5,,84,1.4,250,6.1,0,1002,1019.2,,,3.5
2016-03-09 06:00:00,0,10,7,0.002,0.300,0.040,0.004,2.6,,85,1.5,290,6.2,.3,1002.2,1019.4,,,3.3
2016-03-09 07:00:00,0,12,7,0.002,0.300,0.038,0.006,2.4,,84,1.6,340,6.1,0,1002.6,1019.8,0,,3.1
2016-03-09 08:00:00,0.12,18,7,0.002,0.300,0.029,0.011,2.5,,83,1,340,6.1,-.1,1003.3,1020.5,0,,3.6
2016-03-09 09:00:00,2.416,20,7,0.002,0.300,0.024,0.012,3,,61,2,340,4.6,-3.8,1004,1021.2,0,,5.1
2016-03-09 10:00:00,5.792,34,18,0.002,0.300,0.027,0.011,4.1,,50,2.5,340,4.1,-5.4,1004.1,1021.2,0,,8.6
2016-03-09 11:00:00,11.244,38,12,0.003,0.300,0.030,0.010,5.2,,48,2.2,360,4.2,-4.9,1003.6,1020.7,0,,10.6
2016-03-09 12:00:00,21.968,42,12,0.003,0.300,0.032,0.009,7.1,,34,3.7,340,3.4,-7.7,1002.5,1019.4,.9,,18
2016-03-09 13:00:00,32.156,44,16,0.003,0.300,0.036,0.009,9.3,,27,3.1,320,3.2,-8.7,1001.9,1018.6,1,,20.4
2016-03-09 14:00:00,34.104,44,14,0.003,0.300,0.039,0.009,10.4,,23,2,290,2.9,-9.8,1001.2,1017.9,1,,21
2016-03-09 15:00:00,32.68,41,17,0.003,0.300,0.041,0.010,10.7,,16,3.6,290,2.1,-14.1,1000.9,1017.6,1,,19
2016-03-09 16:00:00,28.5,45,19,0.003,0.300,0.042,0.011,10.9,,18,5.2,290,2.3,-12.5,1001.7,1018.3,1,,14.9
2016-03-09 17:00:00,20.332,48,17,0.003,0.300,0.041,0.013,10.1,,21,3.3,320,2.6,-11.2,1001.2,1017.9,1,,11.6
2016-03-09 18:00:00,7.584,51,22,0.003,0.300,0.039,0.015,8.6,,24,2.8,340,2.7,-10.8,1002.1,1018.9,.7,,7.6
2016-03-09 19:00:00,0.212,49,22,0.003,0.400,0.037,0.015,6.9,,26,2.6,20,2.6,-11.3,1003.2,1020.1,0,,5
2016-03-09 20:00:00,0,51,19,0.003,0.400,0.036,0.014,5.5,,30,2.8,20,2.7,-10.7,1004,1021,,,3.5
2016-03-09 21:00:00,0,50,19,0.003,0.300,0.037,0.011,4.6,,34,2.8,360,2.9,-9.9,1005.4,1022.5,,,2.8
2016-03-09 22:00:00,0,52,20,0.003,0.300,0.036,0.011,3.6,,34,3.1,20,2.7,-10.8,1005.4,1022.6,,,2
2016-03-09 23:00:00,0,49,13,0.003,0.300,0.035,0.010,3.1,,34,2.3,360,2.6,-11.2,1005.9,1023.1,,,1.7
2016-03-10 00:00:00,0,55,14,0.003,0.300,0.035,0.009,2.6,,33,2.3,20,2.4,-12,1006.4,1023.7,,,.8
2016-03-10 01:00:00,0,56,13,0.003,0.300,0.034,0.009,2.1,,32,2.6,360,2.3,-12.9,1007,1024.3,,,-.1
2016-03-10 02:00:00,0,50,10,0.003,0.300,0.033,0.008,1.3,,32,2.8,360,2.1,-13.6,1007,1024.4,,,.1
2016-03-10 03:00:00,0,34,16,0.003,0.300,0.037,0.006,.6,,34,3.1,360,2.2,-13.4,1006.9,1024.3,,,0
2016-03-10 04:00:00,0,44,14,0.003,0.300,0.035,0.006,.4,,36,2.6,360,2.3,-12.9,1006.6,1024,,,0
2016-03-10 05:00:00,0,39,18,0.002,0.300,0.031,0.006,0,,38,1.7,360,2.3,-12.6,1006.9,1024.4,,,-.3
2016-03-10 06:00:00,0,48,17,0.003,0.300,0.031,0.006,0,,38,2.9,360,2.3,-12.6,1007.3,1024.8,,,-.4
2016-03-10 07:00:00,0,40,16,0.003,0.300,0.031,0.008,-.1,,36,2.9,360,2.2,-13.4,1007.5,1025,0,,-.6
2016-03-10 08:00:00,0.688,31,13,0.003,0.300,0.037,0.007,.6,,26,3.7,320,1.7,-16.7,1007.9,1025.3,0,,-.1
2016-03-10 09:00:00,3.356,30,10,0.003,0.300,0.034,0.011,1.7,,23,3.1,340,1.6,-17.2,1008.1,1025.5,.5,,1.4
2016-03-10 10:00:00,12.164,31,16,0.003,0.300,0.037,0.008,2.4,,18,4.7,290,1.3,-19.5,1007.6,1024.9,.4,,5.4
2016-03-10 11:00:00,16.644,28,13,0.003,0.300,0.037,0.009,4.3,,19,4.6,290,1.6,-17.3,1007,1024.1,1,,12.3
2016-03-10 12:00:00,24.956,38,14,0.003,0.300,0.040,0.008,4.7,,17,5.4,270,1.5,-18.3,1007,1024.2,1,,14.4
2016-03-10 13:00:00,32.028,40,13,0.003,0.300,0.043,0.006,5.5,,15,6.2,290,1.4,-19.1,1006.2,1023.3,1,,15.2
2016-03-10 14:00:00,33.568,33,20,0.003,0.300,0.046,0.006,7,,12,4,320,1.2,-20.5,1005.1,1022,1,,16.9
2016-03-10 15:00:00,35.388,34,22,0.003,0.300,0.047,0.006,7.3,,16,4,320,1.6,-16.9,1004.4,1021.3,1,,16
2016-03-10 16:00:00,30.996,23,17,0.003,0.300,0.046,0.007,6.6,,15,4.7,290,1.5,-18.2,1004.7,1021.7,1,,12.5
2016-03-10 17:00:00,19.644,26,15,0.003,0.300,0.045,0.008,6,,15,5.6,290,1.4,-18.7,1004.2,1021.2,1,,7.9
2016-03-10 18:00:00,8.644,24,11,0.003,0.300,0.044,0.009,4.9,,15,2.1,290,1.3,-19.6,1005.1,1022.2,.9,,4.6
2016-03-10 19:00:00,0.548,26,10,0.003,0.300,0.043,0.009,3.6,,13,2.6,320,1,-22.3,1006,1023.2,.1,,1.6
2016-03-10 20:00:00,0,21,11,0.003,0.300,0.042,0.009,2.6,,17,2.9,290,1.3,-20,1007,1024.3,,,0
2016-03-10 21:00:00,0,21,7,0.003,0.300,0.043,0.008,1.8,,18,4,290,1.3,-20,1008,1025.3,,,.1
2016-03-10 22:00:00,0,22,3,0.003,0.300,0.043,0.007,.7,,23,3.7,290,1.5,-18.1,1008.6,1026,,,-.4
2016-03-10 23:00:00,0,4,3,0.003,0.300,0.042,0.007,.1,,25,3,290,1.5,-17.6,1009.1,1026.6,,,-.7
2016-03-11 00:00:00,0,28,9,0.003,0.300,0.041,0.006,-.5,,27,4.2,290,1.6,-17.2,1009.2,1026.7,,,-1.1
2016-03-11 01:00:00,0,26,9,0.003,0.300,0.042,0.005,-.7,,28,4.6,320,1.6,-16.9,1009,1026.5,,,-1.4
2016-03-11 02:00:00,0,26,11,0.003,0.300,0.043,0.005,-.9,,29,4.9,290,1.7,-16.7,1008.8,1026.3,,,-1.6
2016-03-11 03:00:00,0,34,9,0.003,0.300,0.044,0.004,-.9,,30,4.3,290,1.7,-16.3,1008.2,1025.7,,,-1.8
2016-03-11 04:00:00,0,25,10,0.003,0.300,0.041,0.004,-1.8,,36,2.7,340,1.9,-14.9,1007.5,1025.1,,,-2
2016-03-11 05:00:00,0,29,12,0.003,0.300,0.031,0.005,-2.1,,41,2.7,340,2.1,-13.6,1007.3,1024.9,,,-2.2
2016-03-11 06:00:00,0,27,9,0.002,0.300,0.028,0.005,-1.1,,41,3,320,2.3,-12.7,1007.2,1024.7,,,-2.2
2016-03-11 07:00:00,0,21,9,0.002,0.300,0.026,0.005,-2,,45,2.8,360,2.4,-12.3,1007.6,1025.2,0,,-2.2
2016-03-11 08:00:00,0.476,24,8,0.002,0.300,0.023,0.009,-.5,,39,4.1,290,2.3,-12.7,1008,1025.5,.6,,.8
2016-03-11 09:00:00,3.196,29,8,0.002,0.300,0.027,0.009,.4,,38,4.4,320,2.4,-12.3,1008.2,1025.7,.8,,1
2016-03-11 10:00:00,12.244,30,13,0.003,0.300,0.037,0.008,.8,,28,5.6,270,1.8,-15.6,1008.3,1025.7,1,,2.1
2016-03-11 11:00:00,21.92,38,16,0.003,0.300,0.044,0.006,2.8,,25,3.3,290,1.9,-15.3,1007.9,1025.2,1,,5.8
2016-03-11 12:00:00,29.096,45,14,0.003,0.300,0.045,0.007,3.6,,20,4,320,1.6,-17.3,1007.2,1024.4,1,,12.3
2016-03-11 13:00:00,33.864,42,11,0.003,0.300,0.047,0.006,4.8,,19,3.7,290,1.6,-16.9,1006.4,1023.5,1,,16.6
2016-03-11 14:00:00,35.82,45,13,0.003,0.300,0.048,0.006,5.5,,18,3.6,340,1.6,-17,1005.5,1022.6,1,,17.3
2016-03-11 15:00:00,35.492,37,26,0.003,0.300,0.049,0.006,6.4,,17,3.5,320,1.6,-16.9,1004.9,1021.9,1,,16.7
2016-03-11 16:00:00,31.292,41,24,0.004,0.300,0.048,0.007,6.3,,17,3.2,290,1.6,-17,1004.8,1021.8,1,,13.4
2016-03-11 17:00:00,23.156,34,15,0.003,0.300,0.048,0.008,6.1,,18,4.9,270,1.7,-16.5,1004.7,1021.7,1,,8.9
2016-03-11 18:00:00,10.492,36,18,0.003,0.300,0.046,0.010,5.2,,21,3.7,270,1.8,-15.4,1004.9,1022,1,,4.8
2016-03-11 19:00:00,0.664,40,19,0.003,0.300,0.042,0.011,3.6,,27,4,270,2.1,-13.7,1005.6,1022.8,.1,,1.8
2016-03-11 20:00:00,0,47,22,0.003,0.300,0.043,0.010,2.9,,31,3.9,270,2.3,-12.6,1006.4,1023.6,,,.5
2016-03-11 21:00:00,0,46,19,0.003,0.300,0.044,0.008,1.9,,36,1.8,340,2.5,-11.6,1007,1024.3,,,-.4
2016-03-11 22:00:00,0,31,12,0.003,0.300,0.043,0.008,1,,38,1.6,20,2.5,-11.7,1007.5,1024.9,,,.1
2016-03-11 23:00:00,0,27,8,0.003,0.300,0.038,0.010,.6,,38,1.9,360,2.4,-12.1,1007.8,1025.2,,,0
2016-03-12 00:00:00,0,29,11,0.003,0.300,0.041,0.007,0,,39,2.4,360,2.4,-12.3,1007.9,1025.4,,,-.3
2016-03-12 01:00:00,0,29,15,0.003,0.300,0.040,0.006,-.9,,43,1.1,250,2.5,-11.9,1008,1025.5,,,-.6
2016-03-12 02:00:00,0,33,17,0.003,0.300,0.039,0.006,-1.4,,45,1.9,230,2.5,-11.8,1008.2,1025.8,,,-1
2016-03-12 03:00:00,0,25,12,0.003,0.300,0.034,0.005,-2,,47,1.3,230,2.5,-11.8,1008,1025.6,,,-1.1
2016-03-12 04:00:00,0,26,15,0.003,0.300,0.029,0.005,-2.3,,48,2.5,270,2.5,-11.8,1007.9,1025.5,,,-1.5
2016-03-12 05:00:00,0,29,18,0.003,0.300,0.028,0.006,-3.2,,53,1.7,230,2.6,-11.4,1008.1,1025.8,,,-1.8
2016-03-12 06:00:00,0,31,17,0.003,0.300,0.029,0.007,-4,,55,.8,230,2.5,-11.7,1008.5,1026.3,,,-2.1
2016-03-12 07:00:00,0,27,15,0.003,0.300,0.026,0.008,-4.4,,57,.2,0,2.5,-11.6,1009.1,1026.9,0,,-2.2
2016-03-12 08:00:00,0.6,34,19,0.003,0.300,0.024,0.011,-2.8,,57,.3,0,2.8,-10.1,1009.7,1027.4,.6,,.1
2016-03-12 09:00:00,3.436,37,19,0.004,0.300,0.028,0.010,-1,,43,.9,200,2.4,-12,1010,1027.6,1,,1
2016-03-12 10:00:00,11.548,43,16,0.003,0.300,0.033,0.010,1.8,,29,1,250,2,-14.3,1009.8,1027.2,1,,2.9
2016-03-12 11:00:00,20.324,44,16,0.003,0.300,0.042,0.007,3.9,,20,.8,20,1.6,-17,1009.3,1026.5,1,,8.2
2016-03-12 12:00:00,27.088,49,20,0.004,0.300,0.049,0.006,5.9,,14,1.7,270,1.3,-19.6,1008.5,1025.6,1,,15.6
2016-03-12 13:00:00,30.924,70,22,0.005,0.300,0.053,0.006,7.4,,15,2.6,340,1.5,-17.6,1007.6,1024.6,1,,18.4
2016-03-12 14:00:00,31.632,78,28,0.006,0.400,0.054,0.009,8.2,,13,2.8,20,1.4,-18.6,1006.7,1023.6,1,,18
2016-03-12 15:00:00,31.688,90,45,0.008,0.400,0.053,0.011,9.3,,13,2.8,360,1.5,-17.7,1005.9,1022.7,1,,17.6
2016-03-12 16:00:00,26.92,90,35,0.014,0.700,0.046,0.019,9.8,,13,1.9,340,1.6,-17.3,1005.4,1022.2,1,,15
2016-03-12 17:00:00,17.984,99,30,0.020,1.200,0.044,0.026,9.3,,14,2.2,340,1.6,-16.9,1005.3,1022.1,1,,11.2
2016-03-12 18:00:00,5.828,109,36,0.019,1.100,0.043,0.028,8.7,,14,.5,290,1.6,-17.3,1005.5,1022.3,.6,,7.4
2016-03-12 19:00:00,0.168,105,41,0.019,0.700,0.037,0.032,6.4,,24,1,70,2.3,-12.7,1006.1,1023.1,0,,4.7
2016-03-12 20:00:00,0,98,37,0.013,0.500,0.038,0.024,5.7,,28,1.9,50,2.6,-11.4,1006.6,1023.7,,,3.4
2016-03-12 21:00:00,0,80,30,0.012,0.500,0.037,0.023,5.2,,29,.8,90,2.6,-11.4,1007.8,1024.9,,,3.1
2016-03-12 22:00:00,0,77,38,0.009,0.500,0.036,0.019,3.6,,38,.6,230,3,-9.4,1008,1025.2,,,2.1
2016-03-12 23:00:00,0,76,33,0.008,0.600,0.029,0.018,2.6,,41,.2,0,3,-9.3,1008.3,1025.6,,,1.3
2016-03-13 00:00:00,0,70,27,0.008,0.600,0.029,0.016,1.9,,46,.2,0,3.2,-8.5,1008.1,1025.4,,,1.5
2016-03-13 01:00:00,0,75,35,0.006,0.600,0.028,0.014,1.8,,52,.2,0,3.6,-7,1008,1025.3,,,1.6
2016-03-13 02:00:00,0,76,35,0.006,0.600,0.029,0.012,1.5,,54,.2,0,3.7,-6.8,1008.2,1025.6,,,1.5
2016-03-13 03:00:00,0,81,35,0.005,0.600,0.028,0.012,1.4,,55,.4,0,3.7,-6.6,1008.9,1026.3,,,1.4
2016-03-13 04:00:00,0,73,34,0.005,0.600,0.031,0.010,1.2,,55,.4,0,3.7,-6.8,1008.6,1026,,,.9
2016-03-13 05:00:00,0,76,35,0.005,0.500,0.034,0.008,1.4,,55,.7,70,3.7,-6.6,1008.7,1026.1,,,1.2
2016-03-13 06:00:00,0,73,30,0.005,0.600,0.029,0.009,.8,,52,.6,90,3.4,-7.9,1006.6,1024,,,.1
2016-03-13 07:00:00,0,70,40,0.005,0.600,0.027,0.012,.7,,57,.4,0,3.7,-6.8,1008.4,1025.8,0,,.6
2016-03-13 08:00:00,0.564,70,28,0.006,0.500,0.027,0.013,1.7,,52,.1,0,3.6,-7.1,1008.9,1026.3,0,,2.1
2016-03-13 09:00:00,3.78,66,30,0.007,0.600,0.033,0.013,3.1,,49,.8,340,3.7,-6.6,1008.3,1025.6,.1,,6.2
2016-03-13 10:00:00,6.644,87,40,0.008,0.600,0.031,0.019,5.2,,40,1.4,230,3.5,-7.3,1008.2,1025.3,0,,8.9
2016-03-13 11:00:00,6.688,94,48,0.010,0.600,0.037,0.020,6.4,,29,.5,320,2.8,-10.3,1007.8,1024.8,0,,9
2016-03-13 12:00:00,8.308,99,45,0.009,0.500,0.053,0.012,6.9,,30,2.1,90,3,-9.5,1007,1024,0,,8
2016-03-13 13:00:00,8.82,99,42,0.008,0.500,0.057,0.010,7.7,,27,1.1,70,2.8,-10.1,1006,1022.9,0,,10.1
2016-03-13 14:00:00,6.324,92,39,0.007,0.400,0.056,0.010,8.4,,25,1.5,270,2.8,-10.5,1004.6,1021.4,0,,11.3
2016-03-13 15:00:00,6.232,81,31,0.006,0.400,0.055,0.012,7.8,,28,2.6,230,3,-9.6,1004.8,1021.7,0,,10.4
2016-03-13 16:00:00,3.18,67,26,0.006,0.400,0.056,0.012,7.5,,33,1.9,290,3.4,-7.7,1004.8,1021.7,0,,9.7
2016-03-13 17:00:00,2.312,60,24,0.005,0.400,0.052,0.016,7,,42,1.8,290,4.2,-5,1004.7,1021.6,0,,9
2016-03-13 18:00:00,0.9,59,29,0.005,0.400,0.051,0.015,6.4,,44,2.7,270,4.2,-4.9,1004.7,1021.7,0,,6.4
2016-03-13 19:00:00,0,56,25,0.004,0.400,0.049,0.015,5.8,,47,1,90,4.3,-4.6,1004.8,1021.8,0,,5.1
2016-03-13 20:00:00,0,52,19,0.004,0.400,0.046,0.016,4.9,,51,.3,0,4.4,-4.4,1005.2,1022.3,,,4.1
2016-03-13 21:00:00,0,57,27,0.004,0.400,0.042,0.015,4,,56,.2,0,4.5,-4,1005.1,1022.2,,,3.2
2016-03-13 22:00:00,0,57,30,0.003,0.400,0.040,0.012,3.3,,58,.4,0,4.5,-4.1,1005.4,1022.6,,,2.3
2016-03-13 23:00:00,0,56,31,0.003,0.400,0.038,0.010,2.1,,65,.4,0,4.6,-3.8,1005.3,1022.6,,,1.4
2016-03-14 00:00:00,0,49,24,0.003,0.400,0.037,0.008,1.2,,70,.1,0,4.7,-3.6,1004.9,1022.2,,,.4
2016-03-14 01:00:00,0,48,28,0.003,0.400,0.035,0.007,.3,,74,.2,0,4.6,-3.7,1004.6,1022,,,.3
2016-03-14 02:00:00,0,50,23,0.003,0.400,0.034,0.006,-.2,,76,.6,250,4.6,-3.9,1004.9,1022.3,,,.3
2016-03-14 03:00:00,0,45,22,0.002,0.400,0.032,0.006,-.4,,75,1.1,250,4.5,-4.2,1004.2,1021.6,,,.1
2016-03-14 04:00:00,0,49,24,0.002,0.400,0.031,0.005,-.2,,72,.9,200,4.3,-4.6,1004,1021.4,,,-.1
2016-03-14 05:00:00,0,49,25,0.002,0.400,0.029,0.006,.3,,67,1.5,290,4.2,-5.1,1004.1,1021.5,,,-.2
2016-03-14 06:00:00,0,47,24,0.002,0.400,0.027,0.007,.7,,64,1.2,200,4.1,-5.3,1004.4,1021.8,,,-.3
2016-03-14 07:00:00,0,47,16,0.002,0.400,0.028,0.009,.1,,65,1.2,230,4,-5.7,1004.7,1022.1,0,,-.3
2016-03-14 08:00:00,1.048,49,28,0.002,0.400,0.022,0.012,.7,,65,2.1,230,4.2,-5.1,1005,1022.4,.4,,.3
2016-03-14 09:00:00,4.568,67,33,0.003,0.400,0.023,0.018,3.6,,54,1.9,360,4.3,-4.8,1005.2,1022.4,1,,2.7
2016-03-14 10:00:00,11.712,87,42,0.004,0.500,0.041,0.013,5.7,,44,3.5,290,4,-5.6,1005.1,1022.1,1,,10.5
2016-03-14 11:00:00,19.804,109,56,0.004,0.400,0.052,0.010,7.6,,36,3.8,290,3.8,-6.5,1004.7,1021.6,1,,16.4
2016-03-14 12:00:00,25.64,101,62,0.005,0.400,0.058,0.009,9.2,,31,3.4,320,3.6,-7,1003.9,1020.7,1,,19.6
2016-03-14 13:00:00,29.572,97,59,0.004,0.400,0.064,0.008,10.8,,28,2.8,290,3.6,-7,1002.9,1019.6,1,,22.6
2016-03-14 14:00:00,31.128,98,46,0.004,0.400,0.068,0.009,11.6,,26,4.2,290,3.6,-7.2,1002,1018.6,1,,22.3
2016-03-14 15:00:00,30.18,101,48,0.004,0.400,0.070,0.010,11.4,,24,4.3,270,3.2,-8.4,1001.7,1018.3,1,,19.2
2016-03-14 16:00:00,23.508,102,46,0.004,0.400,0.069,0.011,11.2,,23,4.9,290,3,-9.2,1001.7,1018.3,1,,15.6
2016-03-14 17:00:00,15.504,90,42,0.003,0.400,0.063,0.013,10,,24,4.8,290,3,-9.6,1002.3,1019,1,,11
2016-03-14 18:00:00,6.228,87,45,0.003,0.400,0.060,0.013,8.8,,27,3,320,3,-9.2,1003.3,1020.1,1,,7.3
2016-03-14 19:00:00,0.46,73,37,0.003,0.400,0.059,0.012,7.3,,32,3,320,3.3,-8.3,1004.1,1021,0,,4.4
2016-03-14 20:00:00,0,72,38,0.003,0.400,0.058,0.011,6,,36,2.6,360,3.4,-7.9,1004.5,1021.5,,,3
2016-03-14 21:00:00,0,66,33,0.003,0.500,0.046,0.014,4.4,,43,1.3,360,3.6,-7.1,1004.9,1022,,,1.8
2016-03-14 22:00:00,0,68,34,0.003,0.500,0.044,0.014,2.6,,51,.4,0,3.8,-6.5,1005.2,1022.4,,,.7
2016-03-14 23:00:00,0,74,39,0.003,0.500,0.038,0.015,1.8,,55,.3,0,3.8,-6.2,1005.6,1022.9,,,.3
2016-03-15 00:00:00,0,79,42,0.003,0.500,0.040,0.012,1.2,,57,.5,290,3.8,-6.3,1005.9,1023.3,,,.3
2016-03-15 01:00:00,0,87,47,0.002,0.500,0.038,0.009,0,,62,.3,0,3.8,-6.4,1006.5,1024,,,.1
2016-03-15 02:00:00,0,82,45,0.002,0.500,0.037,0.008,-.9,,69,.7,70,4,-5.8,1007.1,1024.6,,,-.2
2016-03-15 03:00:00,0,85,43,0.002,0.500,0.036,0.007,-1.4,,72,0,0,4,-5.8,1007.1,1024.6,,,-.7
2016-03-15 04:00:00,0,79,38,0.003,0.500,0.039,0.007,-2.3,,75,.8,340,3.9,-6.1,1007.4,1025,,,-1
2016-03-15 05:00:00,0,84,44,0.003,0.500,0.037,0.007,-2.4,,78,.4,0,4,-5.7,1007.5,1025.1,,,-1.2
2016-03-15 06:00:00,0,75,43,0.003,0.500,0.035,0.007,-3,,79,.1,0,3.9,-6.1,1007.8,1025.5,,,-1.4
2016-03-15 07:00:00,0,83,47,0.003,0.500,0.031,0.008,-3.4,,80,.6,320,3.8,-6.3,1008.5,1026.2,0,,-1.3
2016-03-15 08:00:00,1.004,84,49,0.003,0.500,0.028,0.012,-1.8,,78,.2,0,4.2,-5.1,1008.5,1026.1,.6,,.3
2016-03-15 09:00:00,4.284,85,49,0.003,0.500,0.027,0.013,1.4,,63,.4,0,4.3,-4.8,1008.5,1025.9,1,,2.5
2016-03-15 10:00:00,12.24,90,45,0.003,0.500,0.034,0.015,5.7,,38,.9,250,3.5,-7.5,1008.2,1025.3,1,,10.7
2016-03-15 11:00:00,21.052,95,51,0.004,0.400,0.050,0.010,9.3,,18,1.1,320,2.1,-13.8,1007.6,1024.4,1,,19.3
2016-03-15 12:00:00,27.648,75,51,0.003,0.400,0.056,0.009,12,,11,1.7,320,1.5,-17.6,1006.6,1023.2,1,,23.4
2016-03-15 13:00:00,31.376,76,46,0.006,0.600,0.054,0.013,13.2,,9,1.2,20,1.4,-19,1005.2,1021.7,1,,25.7
2016-03-15 14:00:00,31.968,78,38,0.031,1.700,0.044,0.034,14.4,,8,1.4,270,1.3,-19.5,1003.8,1020.2,1,,25.2
2016-03-15 15:00:00,32.284,117,46,0.027,1.400,0.047,0.032,14.4,,12,2.1,290,2,-14.7,1003.1,1019.5,1,,22.2
2016-03-15 16:00:00,26.32,105,37,0.016,0.800,0.061,0.027,13.9,,17,3.4,70,2.7,-10.8,1003,1019.4,1,,17.3
2016-03-15 17:00:00,14.016,98,34,0.014,0.800,0.065,0.030,12.6,,21,3.7,70,3.1,-9.1,1003.4,1019.9,.7,,11.5
2016-03-15 18:00:00,2.936,103,39,0.013,0.700,0.054,0.031,11.2,,27,3,70,3.6,-7.1,1003.9,1020.6,0,,8.8
2016-03-15 19:00:00,0.22,88,42,0.016,0.800,0.049,0.036,9.9,,30,2.5,70,3.6,-6.9,1004.5,1021.3,0,,6.5
2016-03-15 20:00:00,0,85,38,0.012,0.600,0.046,0.033,8.6,,33,1.8,50,3.7,-6.7,1004.6,1021.4,,,5.5
2016-03-15 21:00:00,0,80,40,0.009,0.500,0.047,0.026,7.6,,37,1.9,50,3.9,-6.1,1005.3,1022.2,,,4.5
2016-03-15 22:00:00,0,73,33,0.006,0.500,0.052,0.020,6.8,,41,.6,70,4.1,-5.5,1005.5,1022.5,,,4.2
2016-03-15 23:00:00,0,67,30,0.004,0.500,0.051,0.018,6,,45,1,90,4.2,-5,1005.2,1022.2,,,3.8
2016-03-16 00:00:00,0,66,38,0.004,0.600,0.039,0.020,5,,50,0,0,4.4,-4.5,1005.4,1022.5,,,3.6
2016-03-16 01:00:00,0,72,45,0.004,0.500,0.038,0.014,4.5,,54,0,0,4.5,-4,1005.8,1022.9,,,3.2
2016-03-16 02:00:00,0,68,39,0.004,0.600,0.032,0.014,4,,57,.2,0,4.6,-3.7,1005.8,1022.9,,,2.8
2016-03-16 03:00:00,0,72,36,0.004,0.600,0.031,0.012,3.9,,57,.2,0,4.6,-3.8,1005.4,1022.5,,,2.8
2016-03-16 04:00:00,0,72,38,0.003,0.600,0.030,0.011,3.7,,57,.2,0,4.5,-4,1004.6,1021.7,,,2.5
2016-03-16 05:00:00,0,73,38,0.003,0.500,0.029,0.010,3.7,,59,1.1,250,4.7,-3.5,1004.9,1022,,,2.4
2016-03-16 06:00:00,0,70,41,0.003,0.500,0.029,0.011,3.4,,58,.4,0,4.5,-4,1004.4,1021.6,,,1.7
2016-03-16 07:00:00,0,69,38,0.003,0.500,0.028,0.014,3,,61,1,70,4.6,-3.8,1005,1022.2,0,,1.7
2016-03-16 08:00:00,1.056,72,39,0.003,0.500,0.028,0.013,3.9,,59,.9,200,4.8,-3.3,1005.6,1022.7,0,,4.4
2016-03-16 09:00:00,4.78,74,41,0.003,0.500,0.025,0.021,6.1,,51,.6,160,4.8,-3.2,1005.4,1022.4,.1,,8.1
2016-03-16 10:00:00,10.956,83,40,0.004,0.500,0.044,0.014,8.8,,38,.6,360,4.3,-4.7,1005.6,1022.4,.9,,13.7
2016-03-16 11:00:00,16.468,77,31,0.017,1.100,0.035,0.030,11.2,,30,1.1,290,4,-5.7,1005.4,1022.1,.7,,18.6
2016-03-16 12:00:00,22.824,115,47,0.007,0.500,0.049,0.021,13.2,,17,1.1,340,2.6,-11.3,1004.8,1021.3,1,,20.9
2016-03-16 13:00:00,23.764,75,28,0.004,0.300,0.055,0.015,14.9,,19,1.7,90,3.2,-8.5,1003.8,1020.2,1,,24.9
2016-03-16 14:00:00,31.276,60,22,0.004,0.300,0.057,0.015,16.9,,5,1.5,340,1,-23.1,1002.8,1019,1,,26.8
2016-03-16 15:00:00,32.568,61,24,0.003,0.300,0.061,0.014,17.4,,5,3.2,320,1,-22.7,1002,1018.2,1,,24.4
2016-03-16 16:00:00,28.116,62,22,0.005,0.400,0.060,0.017,17.3,,6,3.8,320,1.2,-20.7,1001.9,1018.1,1,,20.4
2016-03-16 17:00:00,20.828,60,27,0.008,0.500,0.058,0.022,17.2,,9,2.4,320,1.8,-16,1002.2,1018.4,1,,16.2
2016-03-16 18:00:00,9.536,61,26,0.010,0.700,0.055,0.026,15.3,,9,2.7,320,1.6,-17.4,1002.9,1019.3,1,,10.8
2016-03-16 19:00:00,0.68,69,29,0.009,0.600,0.054,0.026,13.4,,12,1.7,20,1.8,-15.5,1003.7,1020.2,.2,,7.6
2016-03-16 20:00:00,0,69,29,0.007,0.500,0.054,0.022,11.3,,16,.9,290,2.1,-13.6,1004.5,1021.2,,,5.7
2016-03-16 21:00:00,0,65,33,0.007,0.600,0.036,0.032,10.1,,23,.8,230,2.8,-10.1,1005.1,1021.9,,,4.4
2016-03-16 22:00:00,0,76,41,0.005,0.600,0.027,0.029,7.8,,28,.3,0,3,-9.6,1005.3,1022.2,,,3.2
2016-03-16 23:00:00,0,77,40,0.004,0.600,0.027,0.021,5.4,,39,.1,0,3.5,-7.4,1005.5,1022.6,,,2.2
2016-03-17 00:00:00,0,69,36,0.003,0.600,0.027,0.016,4.1,,42,.5,270,3.5,-7.6,1005.9,1023,,,1.2
2016-03-17 01:00:00,0,65,37,0.003,0.500,0.027,0.013,2.7,,50,.4,0,3.7,-6.7,1006.3,1023.5,,,.4
2016-03-17 02:00:00,0,54,30,0.003,0.400,0.035,0.009,1.9,,54,.7,340,3.8,-6.4,1006.2,1023.5,,,.4
2016-03-17 03:00:00,0,44,28,0.003,0.400,0.039,0.007,1,,59,.5,360,3.9,-6.1,1005.9,1023.3,,,.1
2016-03-17 04:00:00,0,42,24,0.003,0.500,0.027,0.008,-.1,,63,.5,290,3.8,-6.3,1005.6,1023,,,-.1
2016-03-17 05:00:00,0,57,29,0.002,0.500,0.024,0.008,-.5,,66,.4,0,3.9,-6,1006,1023.5,,,-.2
2016-03-17 06:00:00,0,49,33,0.002,0.400,0.026,0.008,-1.1,,68,.4,0,3.8,-6.2,1006,1023.5,,,-.3
2016-03-17 07:00:00,0,47,32,0.002,0.400,0.024,0.010,-1.4,,71,0,0,3.9,-5.9,1006.5,1024,0,,-.4
2016-03-17 08:00:00,1.468,49,26,0.003,0.400,0.021,0.014,1.1,,63,.2,0,4.2,-5.1,1007.1,1024.5,.7,,.9
2016-03-17 09:00:00,5.34,45,22,0.003,0.400,0.026,0.012,4.9,,47,.4,0,4.1,-5.4,1006.9,1024,1,,8.8
2016-03-17 10:00:00,11.348,54,29,0.003,0.400,0.034,0.013,8.2,,30,.6,340,3.3,-8.3,1006,1022.9,1,,16.7
2016-03-17 11:00:00,19.952,65,26,0.005,0.400,0.045,0.012,12.2,,19,1,320,2.7,-10.8,1004.9,1021.5,1,,22.8
2016-03-17 12:00:00,25.352,63,28,0.008,0.500,0.050,0.015,15.8,,17,2.6,50,3,-9.2,1003.7,1020.1,1,,23.4
2016-03-17 13:00:00,30,,,,,,,16.8,,16,2.9,70,3,-9.2,1002.9,1019.1,1,,25.6
2016-03-17 14:00:00,31.792,,,,,,,18.4,,14,2.6,90,3,-9.6,1001.4,1017.5,1,,26.4
2016-03-17 15:00:00,27.996,,,,,,,19.3,,13,2.3,50,2.9,-9.8,1000.7,1016.7,1,,27.3
2016-03-17 16:00:00,21.34,86,29,0.015,0.800,0.069,0.030,18.4,,19,3,70,4,-5.6,1000.5,1016.6,1,,22.5
2016-03-17 17:00:00,10.928,94,41,0.013,0.800,0.057,0.032,17.2,,25,3,70,4.9,-3,1000.6,1016.8,1,,17.9
2016-03-17 18:00:00,4.98,90,36,0.010,0.700,0.062,0.025,15.4,,31,3.3,50,5.4,-1.6,1000.6,1016.9,.5,,13.5
2016-03-17 19:00:00,0.496,67,34,0.014,0.900,0.053,0.033,13.9,,36,1.9,70,5.7,-.9,1001.3,1017.7,0,,10.8
2016-03-17 20:00:00,0,79,34,0.011,0.600,0.047,0.030,12.9,,42,2.1,50,6.2,.2,1001.6,1018.1,,,9.7
2016-03-17 21:00:00,0,79,40,0.011,0.600,0.042,0.029,11.9,,45,1,140,6.2,.3,1002.1,1018.7,,,8
2016-03-17 22:00:00,0,81,34,0.008,0.700,0.034,0.027,11.1,,49,.5,230,6.4,.7,1002,1018.6,,,8.8
2016-03-17 23:00:00,0,76,43,0.007,0.700,0.030,0.025,11.4,,48,1.7,50,6.4,.7,1001.4,1018,,,8.7
2016-03-18 00:00:00,0,77,36,0.006,0.700,0.024,0.027,11.3,,50,1.4,70,6.7,1.2,1000.5,1017.1,,,8.7
2016-03-18 01:00:00,0,81,40,0.005,0.600,0.025,0.020,10.8,,53,.9,110,6.8,1.5,1000.2,1016.8,,,8.6
2016-03-18 02:00:00,0,77,40,0.004,0.600,0.024,0.017,10.2,,58,.1,0,7.2,2.2,999.7,1016.4,,,8.7
2016-03-18 03:00:00,0,77,45,0.004,0.600,0.026,0.015,9.6,.2,66,.3,0,7.8,3.5,999.1,1015.7,,,8.6
2016-03-18 04:00:00,0,71,42,0.005,0.500,0.031,0.014,8.7,,77,.2,0,8.6,4.8,998.8,1015.5,,,8.5
2016-03-18 05:00:00,0,67,38,0.004,0.600,0.029,0.013,8.2,,83,1,320,9,5.4,998.5,1015.2,,,8.4
2016-03-18 06:00:00,0,55,30,0.003,0.600,0.027,0.013,8.2,1.8,85,.4,0,9.2,5.8,998.1,1014.8,,,8.4
2016-03-18 07:00:00,0,48,30,0.003,0.600,0.026,0.012,8.2,,87,.2,0,9.4,6.1,997.8,1014.5,0,,8.5
2016-03-18 08:00:00,0,46,27,0.003,0.700,0.020,0.018,8.4,,88,.3,0,9.7,6.5,997.4,1014.1,0,,8.8
2016-03-18 09:00:00,0.024,41,27,0.003,0.700,0.015,0.027,8.5,4.5,89,.1,0,9.8,6.7,997.4,1014.1,0,,9.2
2016-03-18 10:00:00,0.232,29,14,0.002,0.400,0.038,0.008,8.9,,89,.2,0,10.1,7.1,997.1,1013.8,0,,9.5
2016-03-18 11:00:00,0.956,12,8,0.002,0.400,0.027,0.019,9,,89,.1,0,10.2,7.2,996.6,1013.2,0,,10.1
2016-03-18 12:00:00,1.448,16,6,0.002,0.500,0.020,0.027,9.4,1,90,.2,0,10.6,7.8,996.3,1012.9,0,,10.4
2016-03-18 13:00:00,2.428,30,8,0.002,0.400,0.025,0.021,10.1,,90,.2,0,11.1,8.5,995.5,1012.1,0,,11
2016-03-18 14:00:00,1.868,20,4,0.002,0.400,0.027,0.019,10.8,,90,.3,0,11.6,9.2,994.3,1010.8,0,,13.3
2016-03-18 15:00:00,2.268,14,1,0.002,0.400,0.027,0.020,11.7,1,90,.1,0,12.4,10.1,993.7,1010.2,0,,13.7
2016-03-18 16:00:00,1.976,12,1,0.002,0.300,0.030,0.016,12.2,,88,.9,340,12.4,10.2,993,1009.4,0,,14.4
2016-03-18 17:00:00,1.844,11,2,0.002,0.300,0.031,0.015,12.5,,85,.4,0,12.3,10,992.9,1009.3,0,,13.6
2016-03-18 18:00:00,0.456,12,1,0.002,0.300,0.027,0.018,12.5,,84,1.2,340,12.1,9.8,993,1009.4,0,,12.8
2016-03-18 19:00:00,0,14,1,0.002,0.500,0.016,0.029,12.3,,86,.6,20,12.3,10,993,1009.4,0,,11.8
2016-03-18 20:00:00,0,17,1,0.002,0.500,0.009,0.031,11.7,,87,.7,270,11.9,9.6,993.6,1010,,,10.9
2016-03-18 21:00:00,0,28,8,0.002,0.500,0.010,0.024,11.6,,88,.9,230,11.9,9.6,993.9,1010.4,,,10.9
2016-03-18 22:00:00,0,30,8,0.002,0.400,0.008,0.022,11.4,,89,.9,270,11.9,9.6,993.9,1010.4,,,9.7
2016-03-18 23:00:00,0,26,10,0.002,0.500,0.006,0.022,10.8,,90,.9,250,11.6,9.2,994.2,1010.7,,,8.8
2016-03-19 00:00:00,0,19,8,0.002,0.500,0.006,0.019,10,,91,.9,250,11.1,8.5,994.4,1011,,,8.7
2016-03-19 01:00:00,0,30,7,0.002,0.400,0.008,0.013,10.2,,92,1.1,270,11.4,8.9,994.4,1011,,,9.4
2016-03-19 02:00:00,0,32,9,0.001,0.400,0.010,0.009,9.7,,94,2.9,270,11.2,8.7,994.7,1011.3,,,8
2016-03-19 03:00:00,0,21,10,0.001,0.400,0.009,0.008,9.1,,94,.8,230,10.8,8.1,994.7,1011.3,,,7.1
2016-03-19 04:00:00,0,13,7,0.001,0.400,0.011,0.007,8.2,,95,.6,270,10.3,7.4,994.8,1011.5,,,6.6
2016-03-19 05:00:00,0,13,2,0.001,0.400,0.011,0.006,7.5,,95,1,230,9.8,6.7,995,1011.7,,,5.9
2016-03-19 06:00:00,0,14,6,0.001,0.400,0.011,0.006,6.8,,95,.4,0,9.3,6,995.2,1012,,,5.5
2016-03-19 07:00:00,0,9,7,0.001,0.300,0.009,0.009,6.5,,95,.2,0,9.2,5.7,995.8,1012.6,0,,4.9
2016-03-19 08:00:00,1.616,5,3,0.002,0.400,0.008,0.010,7.4,,95,.3,0,9.7,6.6,996.4,1013.2,.1,,8
2016-03-19 09:00:00,4.992,9,2,0.002,0.300,0.012,0.009,10.1,,96,2.1,230,11.8,9.4,996.6,1013.2,1,,12.7
2016-03-19 10:00:00,11.608,24,3,0.002,0.400,0.019,0.012,13.7,,61,2.6,270,9.5,6.3,996.6,1012.9,1,,18.4
2016-03-19 11:00:00,19.14,56,20,0.002,0.400,0.034,0.012,16.6,,39,3.3,360,7.3,2.5,996.3,1012.5,1,,23.2
2016-03-19 12:00:00,25.68,78,33,0.005,0.700,0.041,0.015,18.5,,30,2.5,290,6.3,.5,996.1,1012.1,1,,26.3
2016-03-19 13:00:00,26.876,88,32,0.037,1.800,0.057,0.039,19.7,,23,1.3,290,5.3,-2,995.9,1011.9,1,,28.3
2016-03-19 14:00:00,20.168,115,47,0.026,1.300,0.060,0.035,18.1,,41,3.2,90,8.5,4.6,995.6,1011.6,1,,25.4
2016-03-19 15:00:00,21.704,114,52,0.018,0.900,0.073,0.028,18.3,,41,3.3,70,8.6,4.8,995.6,1011.6,1,,23.1
2016-03-19 16:00:00,20.464,115,47,0.018,1.000,0.074,0.023,18,,40,2.2,90,8.2,4.1,995.7,1011.7,.9,,20.3
2016-03-19 17:00:00,15.708,125,45,0.017,1.000,0.065,0.024,17,,43,2.8,70,8.3,4.3,995.8,1011.9,.5,,15.7
2016-03-19 18:00:00,6.536,113,38,0.017,1.100,0.056,0.027,15.4,,50,3.3,50,8.7,5,996.6,1012.9,0,,13.1
2016-03-19 19:00:00,0.452,109,50,0.018,1.200,0.047,0.031,13.4,,61,3,50,9.3,6,997.9,1014.3,0,,11.3
2016-03-19 20:00:00,0,109,42,0.019,1.300,0.031,0.037,12.2,,65,3,50,9.2,5.8,998.9,1015.4,,,10.1
2016-03-19 21:00:00,0,100,42,0.012,0.800,0.035,0.027,11.5,,66,1.8,50,8.9,5.3,999.9,1016.5,,,9.2
2016-03-19 22:00:00,0,94,38,0.011,0.800,0.029,0.024,11,,65,1.5,20,8.5,4.6,1000.2,1016.8,,,8.6
2016-03-19 23:00:00,0,86,37,0.009,0.700,0.029,0.021,9.5,,73,.6,200,8.6,4.8,1000.8,1017.5,,,7.9
2016-03-20 00:00:00,0,84,34,0.005,0.500,0.031,0.017,9.1,,79,.2,0,9.1,5.6,1001.3,1018,,,8
2016-03-20 01:00:00,0,84,35,0.003,0.400,0.037,0.010,8.6,,80,.2,0,8.9,5.3,1001.7,1018.5,,,7.5
2016-03-20 02:00:00,0,75,33,0.002,0.400,0.035,0.009,7.9,,78,.2,0,8.2,4.2,1002,1018.8,,,6.6
2016-03-20 03:00:00,0,66,34,0.002,0.500,0.026,0.009,6.8,,81,.4,0,8,3.7,1002.2,1019.1,,,6.2
2016-03-20 04:00:00,0,67,33,0.002,0.500,0.016,0.009,6.4,,81,.5,340,7.7,3.3,1002.3,1019.2,,,5.7
2016-03-20 05:00:00,0,61,29,0.002,0.500,0.013,0.009,5.1,,83,.4,0,7.3,2.4,1002.9,1020,,,4.3
2016-03-20 06:00:00,0,58,33,0.002,0.500,0.014,0.010,4.4,,84,.4,0,7,1.9,1003.5,1020.6,,,3.6
2016-03-20 07:00:00,0,62,32,0.002,0.400,0.020,0.010,3.9,,85,.6,290,6.9,1.6,1004,1021.1,0,,3.7
2016-03-20 08:00:00,0.468,67,28,0.002,0.400,0.016,0.011,4.7,,86,.5,360,7.3,2.5,1004.6,1021.7,0,,6.3
2016-03-20 09:00:00,4.86,69,30,0.002,0.400,0.020,0.012,6.2,,79,.9,270,7.5,2.8,1004.8,1021.8,.2,,10.5
2016-03-20 10:00:00,8.84,68,31,0.002,0.400,0.025,0.012,9.3,,61,.5,360,7.1,2.1,1004.7,1021.5,.5,,15.5
2016-03-20 11:00:00,19.204,81,32,0.007,0.600,0.036,0.013,11.7,,51,3,70,7,1.8,1004.4,1021,.9,,16.1
2016-03-20 12:00:00,18.456,94,43,0.012,0.700,0.037,0.020,13,,48,3,90,7.2,2.2,1003.9,1020.4,1,,23.6
2016-03-20 13:00:00,16.2,112,45,0.021,0.800,0.036,0.029,12.7,,49,3.1,70,7.2,2.2,1003.7,1020.2,.7,,19.8
2016-03-20 14:00:00,21.568,116,49,0.029,0.700,0.041,0.036,12.9,,47,3,90,7,1.8,1002.6,1019.1,.9,,18.1
2016-03-20 15:00:00,14.728,100,41,0.019,0.800,0.053,0.026,13.4,,46,2.7,50,7,1.9,1002.2,1018.7,.6,,16.5
2016-03-20 16:00:00,2.784,89,38,0.008,0.500,0.052,0.018,13.4,,45,3.2,70,6.9,1.6,1002.1,1018.6,.6,,17.8
2016-03-20 17:00:00,1.416,72,29,0.004,0.400,0.053,0.013,12.4,,50,2.4,50,7.2,2.2,1002.7,1019.2,.5,,13.7
2016-03-20 18:00:00,0.08,57,21,0.003,0.400,0.049,0.013,11.1,,51,3.7,50,6.7,1.3,1003.2,1019.9,0,,10.6
2016-03-20 19:00:00,0,51,17,0.002,0.300,0.044,0.011,10.3,,55,3.1,50,6.9,1.6,1004.5,1021.2,0,,9.4
2016-03-20 20:00:00,0,34,15,0.007,0.300,0.037,0.016,9.9,,55,3.2,70,6.7,1.2,1005.1,1021.9,,,8.6
2016-03-20 21:00:00,0,34,13,0.005,0.300,0.038,0.013,9.5,,56,2.7,50,6.6,1.1,1006,1022.8,,,8.3
2016-03-20 22:00:00,0,29,12,0.007,0.300,0.031,0.017,9.2,,58,2.2,50,6.7,1.3,1006.3,1023.1,,,8.1
2016-03-20 23:00:00,0,34,15,0.003,0.300,0.031,0.011,9,,59,2.2,50,6.8,1.4,1006.2,1023,,,8
2016-03-21 00:00:00,0,37,16,0.003,0.300,0.033,0.009,8.6,,58,1.6,50,6.4,.7,1006.3,1023.1,,,7.7
2016-03-21 01:00:00,0,35,16,0.003,0.300,0.033,0.010,8.5,,58,1.6,50,6.4,.6,1006,1022.8,,,7.5
2016-03-21 02:00:00,0,32,13,0.003,0.300,0.033,0.009,8.4,,58,.3,0,6.4,.6,1006.2,1023.1,,,7.5
2016-03-21 03:00:00,0,31,13,0.002,0.300,0.029,0.009,7.7,,61,.4,0,6.4,.6,1005.9,1022.8,,,6.5
2016-03-21 04:00:00,0,34,13,0.002,0.300,0.023,0.009,7.4,,64,.7,110,6.6,1,1005.9,1022.8,,,6.8
2016-03-21 05:00:00,0,35,11,0.002,0.300,0.019,0.011,6.8,,71,.2,0,7,1.8,1006.2,1023.2,,,6.5
2016-03-21 06:00:00,0,32,10,0.002,0.300,0.014,0.012,6.4,,74,1.3,360,7.1,2,1007.4,1024.4,,,6.6
2016-03-21 07:00:00,0,28,17,0.002,0.300,0.013,0.011,6.4,,75,.1,0,7.2,2.2,1008.1,1025.1,0,,5.9
2016-03-21 08:00:00,0.972,33,17,0.002,0.400,0.010,0.014,6.6,,74,1.2,250,7.2,2.2,1008.2,1025.2,.4,,8.3
2016-03-21 09:00:00,5.172,37,13,0.003,0.400,0.013,0.016,8.8,,63,.8,360,7.1,2.1,1008.3,1025.2,1,,13.8
2016-03-21 10:00:00,12.128,46,19,0.003,0.300,0.023,0.014,10.6,,53,2,50,6.8,1.4,1008,1024.8,1,,18.7
2016-03-21 11:00:00,20.408,59,20,0.003,0.300,0.037,0.009,12.3,,41,2,250,5.9,-.5,1007.3,1023.9,1,,22.8
2016-03-21 12:00:00,27.456,63,27,0.003,0.400,0.046,0.009,13.3,,32,3,50,4.9,-3,1006.7,1023.2,1,,25.3
2016-03-21 13:00:00,31.14,71,35,0.002,0.400,0.051,0.009,14.5,,31,1.7,270,5.1,-2.4,1006.1,1022.5,1,,27.4
2016-03-21 14:00:00,31.932,69,29,0.002,0.400,0.053,0.009,15.6,,25,1.6,360,4.4,-4.3,1005.4,1021.8,1,,28.3
2016-03-21 15:00:00,22.548,62,25,0.008,0.400,0.048,0.017,17,,25,2,320,4.8,-3.2,1004.7,1021,1,,26.7
2016-03-21 16:00:00,13.008,64,27,0.015,0.600,0.042,0.026,16.2,,27,3,70,5,-2.8,1004.2,1020.5,1,,21.7
2016-03-21 17:00:00,15.232,69,23,0.013,0.900,0.049,0.024,15.7,,31,2,70,5.5,-1.4,1003.9,1020.3,1,,17.7
2016-03-21 18:00:00,6.872,70,37,0.014,0.700,0.044,0.028,14.2,,37,3.2,70,6,-.3,1004,1020.4,1,,13.5
2016-03-21 19:00:00,0.652,74,22,0.014,0.700,0.034,0.036,12.5,,43,2.2,50,6.2,.2,1004.3,1020.9,0,,10.3
2016-03-21 20:00:00,0,78,29,0.013,0.700,0.034,0.033,10.5,,53,2.3,70,6.7,1.3,1005,1021.7,,,8.7
2016-03-21 21:00:00,0,64,27,0.010,0.600,0.035,0.028,9.2,,59,2.3,50,6.8,1.5,1005.3,1022.1,,,7.6
2016-03-21 22:00:00,0,64,28,0.008,0.500,0.032,0.025,8.1,,64,1,90,6.9,1.6,1005.6,1022.5,,,6.5
2016-03-21 23:00:00,0,62,27,0.006,0.400,0.031,0.023,7,,71,1,160,7.1,2,1005.6,1022.6,,,5.5
2016-03-22 00:00:00,0,55,32,0.004,0.500,0.026,0.018,5.6,,75,0,0,6.8,1.5,1005.4,1022.5,,,4.5
2016-03-22 01:00:00,0,59,26,0.003,0.600,0.019,0.016,4.7,,80,.5,340,6.8,1.5,1005.2,1022.3,,,3.8
2016-03-22 02:00:00,0,62,31,0.003,0.600,0.016,0.015,4.2,,81,.2,0,6.7,1.2,1004.9,1022,,,3
2016-03-22 03:00:00,0,59,34,0.002,0.500,0.015,0.012,3.8,,82,.4,0,6.6,1,1004.4,1021.5,,,2.3
2016-03-22 04:00:00,0,63,26,0.002,0.500,0.015,0.011,3.1,,83,.3,0,6.3,.4,1003.9,1021.1,,,1.6
2016-03-22 05:00:00,0,56,31,0.002,0.500,0.016,0.010,2.4,,84,.4,0,6.1,0,1003.7,1020.9,,,.8
2016-03-22 06:00:00,0,56,26,0.002,0.500,0.013,0.010,1.9,,84,.4,0,5.9,-.5,1003.8,1021.1,,,.7
2016-03-22 07:00:00,0,46,29,0.002,0.500,0.012,0.010,.9,,83,.4,0,5.4,-1.6,1003.9,1021.2,0,,1.1
2016-03-22 08:00:00,1.488,45,21,0.002,0.400,0.017,0.013,2.6,,86,.2,0,6.3,.4,1003.8,1021,.7,,6.1
2016-03-22 09:00:00,5.204,42,22,0.002,0.400,0.022,0.011,6.5,,61,.6,320,5.9,-.4,1003.4,1020.4,.9,,12.6
2016-03-22 10:00:00,11.688,55,20,0.002,0.400,0.036,0.010,9.6,,33,1.6,290,3.9,-5.9,1003,1019.7,1,,18.9
2016-03-22 11:00:00,19.284,58,30,0.002,0.400,0.045,0.010,12.3,,28,1.5,230,4,-5.7,1002.5,1019,1,,21.5
2016-03-22 12:00:00,27.54,56,19,0.005,0.600,0.039,0.015,15.6,,16,1.1,90,2.8,-10.1,1001.2,1017.5,1,,26.4
2016-03-22 13:00:00,29.908,73,34,0.006,0.600,0.039,0.021,17.5,,10,1.8,110,2,-14.5,1000,1016.1,1,,27.8
2016-03-22 14:00:00,32.7,73,33,0.006,0.600,0.044,0.022,19.5,,7,2.8,320,1.6,-17.3,998.8,1014.7,1,,28.6
2016-03-22 15:00:00,32.964,70,27,0.011,0.500,0.049,0.024,19.3,,6,5.1,320,1.3,-19.2,998.2,1014.1,1,,25.3
2016-03-22 16:00:00,28.856,59,32,0.005,0.400,0.052,0.015,19.6,,10,4.1,290,2.3,-12.9,998.1,1014,1,,22.8
2016-03-22 17:00:00,21.928,42,16,0.002,0.300,0.057,0.009,18.3,,8,5.2,270,1.7,-16.6,997.9,1013.9,1,,17.9
2016-03-22 18:00:00,11.18,34,16,0.002,0.300,0.061,0.010,16.4,,8,4.6,320,1.5,-18,998.4,1014.6,1,,12.6
2016-03-22 19:00:00,1.152,37,16,0.002,0.400,0.058,0.013,14.7,,11,2.3,320,1.8,-15.5,999,1015.4,.4,,9.6
2016-03-22 20:00:00,0,46,27,0.002,0.400,0.054,0.013,13.6,,13,2.1,320,2,-14.3,999.7,1016.1,,,8.4
2016-03-22 21:00:00,0,46,29,0.002,0.400,0.050,0.015,12.7,,20,1.8,320,2.9,-9.7,1000.6,1017.1,,,7.4
2016-03-22 22:00:00,0,46,18,0.002,0.300,0.061,0.009,11.8,,21,.9,320,2.9,-9.8,1001.1,1017.7,,,6.5
2016-03-22 23:00:00,0,46,21,0.002,0.300,0.053,0.010,10.3,,28,2,230,3.5,-7.4,1001.3,1018,,,6.4
2016-03-23 00:00:00,0,38,18,0.002,0.400,0.056,0.009,9.8,,27,1.5,250,3.3,-8.3,1001.2,1017.9,,,5.9
2016-03-23 01:00:00,0,52,20,0.002,0.400,0.058,0.008,8.5,,32,1.2,230,3.6,-7.2,1001.1,1017.9,,,5.7
2016-03-23 02:00:00,0,49,26,0.003,0.400,0.058,0.008,7.6,,37,.8,250,3.9,-6.1,1000.9,1017.7,,,5.5
2016-03-23 03:00:00,0,54,30,0.002,0.400,0.056,0.007,7.9,,35,.9,290,3.7,-6.6,1000.2,1017,,,5.2
2016-03-23 04:00:00,0,50,27,0.002,0.400,0.055,0.007,7.4,,37,1.7,270,3.8,-6.3,1000,1016.8,,,4.9
2016-03-23 05:00:00,0,51,25,0.003,0.400,0.053,0.007,7.1,,40,.4,0,4,-5.6,1000,1016.8,,,4.8
2016-03-23 06:00:00,0,47,26,0.003,0.400,0.050,0.007,6.1,,45,.2,0,4.2,-4.9,1000.5,1017.4,,,3.8
2016-03-23 07:00:00,0.012,51,23,0.002,0.400,0.048,0.008,5.9,,50,.1,0,4.6,-3.7,1001,1018,0,,4.7
2016-03-23 08:00:00,1.392,46,24,0.002,0.400,0.041,0.011,7.6,,41,.2,0,4.3,-4.8,1001.2,1018,.6,,8.8
2016-03-23 09:00:00,4.84,50,24,0.002,0.400,0.042,0.014,9.9,,33,.6,270,4,-5.6,1001.4,1018.1,1,,14.4
2016-03-23 10:00:00,11.888,56,26,0.004,0.400,0.050,0.013,12.3,,20,.9,270,2.9,-10,1001.2,1017.7,1,,20.3
2016-03-23 11:00:00,19.816,60,28,0.012,0.700,0.050,0.023,14.8,,18,1.1,230,3,-9.3,1000.6,1017,1,,25.1
2016-03-23 12:00:00,25.664,82,31,0.012,0.800,0.051,0.026,15.6,,13,3.6,270,2.3,-12.7,1000,1016.3,1,,26.6
2016-03-23 13:00:00,29.412,90,37,0.009,0.600,0.061,0.020,16.4,,14,3.4,320,2.6,-11.2,999.3,1015.5,1,,28.8
2016-03-23 14:00:00,31.064,91,31,0.007,0.600,0.066,0.016,16.3,,13,4.6,290,2.4,-12.2,998.6,1014.8,1,,26.7
2016-03-23 15:00:00,29.936,81,30,0.003,0.400,0.063,0.010,15.9,,13,4.7,340,2.3,-12.5,998.6,1014.9,1,,23.8
2016-03-23 16:00:00,21.012,61,23,0.002,0.300,0.061,0.008,16.2,,13,3.8,290,2.4,-12.3,998.5,1014.7,1,,21.7
2016-03-23 17:00:00,12.352,54,25,0.002,0.400,0.063,0.010,14.5,,20,4,290,3.3,-8.2,999,1015.3,.9,,15.9
2016-03-23 18:00:00,3.82,79,39,0.002,0.400,0.061,0.012,12.6,,31,5.6,270,4.5,-4.1,999.5,1016,0,,12.1
2016-03-23 19:00:00,0.248,85,38,0.003,0.400,0.057,0.011,11.2,,31,3.8,270,4.1,-5.3,1000.7,1017.3,0,,9.7
2016-03-23 20:00:00,0,89,33,0.002,0.400,0.052,0.011,10.1,,31,2.1,340,3.8,-6.2,1001.7,1018.4,,,8.1
2016-03-23 21:00:00,0,74,30,0.002,0.300,0.050,0.009,9.1,,30,3.5,360,3.5,-7.5,1002.6,1019.3,,,7
2016-03-23 22:00:00,0,57,22,0.002,0.300,0.048,0.010,8,,32,3.3,360,3.4,-7.7,1003.3,1020.1,,,6
2016-03-23 23:00:00,0,46,25,0.002,0.300,0.044,0.010,7.2,,36,2.9,360,3.6,-6.9,1003.9,1020.8,,,5.5
2016-03-24 00:00:00,0,58,20,0.002,0.300,0.042,0.008,6.8,,35,3.3,340,3.5,-7.6,1004.1,1021,,,4.8
2016-03-24 01:00:00,0,53,20,0.002,0.300,0.040,0.008,5.8,,37,2.6,340,3.4,-7.7,1004.2,1021.2,,,4.3
2016-03-24 02:00:00,0,49,21,0.002,0.300,0.039,0.008,5.1,,39,2.3,360,3.4,-7.7,1004.6,1021.7,,,3.7
2016-03-24 03:00:00,0,53,22,0.002,0.300,0.038,0.007,4.5,,40,1.7,20,3.4,-7.9,1004.7,1021.8,,,2.6
2016-03-24 04:00:00,0,53,17,0.002,0.300,0.038,0.007,2.9,,49,1,230,3.7,-6.7,1004.7,1021.9,,,1.4
2016-03-24 05:00:00,0,50,19,0.003,0.300,0.036,0.007,1.8,,55,1.1,270,3.8,-6.2,1005.1,1022.4,,,.4
2016-03-24 06:00:00,0,52,17,0.002,0.300,0.032,0.008,.9,,59,.8,270,3.8,-6.2,1005.8,1023.2,,,.1
2016-03-24 07:00:00,0,53,20,0.002,0.300,0.029,0.009,.2,,64,.4,0,4,-5.8,1006.4,1023.8,0,,.1
2016-03-24 08:00:00,1.296,51,17,0.003,0.300,0.026,0.012,1.9,,61,.3,0,4.3,-4.8,1006.9,1024.2,.6,,5.2
2016-03-24 09:00:00,4.66,56,17,0.002,0.300,0.032,0.011,5,,48,.7,250,4.2,-5.1,1007.1,1024.2,1,,12.8
2016-03-24 10:00:00,13.324,53,21,0.002,0.300,0.044,0.005,8.1,,38,1.5,230,4.1,-5.3,1006.9,1023.8,1,,19.6
2016-03-24 11:00:00,22.536,27,10,0.002,0.300,0.046,0.005,9.4,,30,3.2,50,3.5,-7.3,1006.8,1023.6,1,,23.9
2016-03-24 12:00:00,24.1,34,9,0.002,0.300,0.048,0.005,9.8,,29,1.6,270,3.5,-7.4,1006.6,1023.4,.7,,19.2
2016-03-24 13:00:00,28.724,39,16,0.002,0.300,0.050,0.005,10.3,,25,2.6,360,3.1,-8.9,1006,1022.8,.8,,22.9
2016-03-24 14:00:00,23.24,36,16,0.002,0.300,0.051,0.005,11.9,,22,1.8,320,3.1,-9.1,1005.1,1021.7,1,,29.8
2016-03-24 15:00:00,13.068,36,16,0.002,0.300,0.053,0.006,12.2,,22,2,140,3.1,-8.9,1004.9,1021.5,.9,,26.4
2016-03-24 16:00:00,4.34,34,11,0.004,0.300,0.049,0.011,12.1,,23,1.7,290,3.2,-8.4,1004.9,1021.5,.5,,18.7
2016-03-24 17:00:00,3.78,35,12,0.008,0.300,0.043,0.018,11.4,,25,1.7,70,3.4,-7.9,1005.3,1022,0,,14.7
2016-03-24 18:00:00,4.876,43,18,0.004,0.300,0.048,0.013,10.6,,28,1.1,340,3.6,-7.1,1005.5,1022.2,0,,11.9
2016-03-24 19:00:00,0.4,35,18,0.011,0.400,0.036,0.024,9.2,,32,1,70,3.7,-6.6,1005.9,1022.7,0,,8.5
2016-03-24 20:00:00,0,44,21,0.014,0.500,0.027,0.031,8.5,,44,2.1,50,4.9,-3,1006.6,1023.5,,,7.9
2016-03-24 21:00:00,0,41,23,0.008,0.400,0.034,0.022,8.4,,46,2.4,50,5.1,-2.5,1007.7,1024.6,,,7.4
2016-03-24 22:00:00,0,34,15,0.004,0.300,0.042,0.013,8,,48,2.3,50,5.2,-2.3,1008.2,1025.1,,,6.7
2016-03-24 23:00:00,0,29,15,0.002,0.300,0.044,0.011,7.1,,54,2.4,70,5.5,-1.5,1008.6,1025.6,,,6.7
2016-03-25 00:00:00,0,23,15,0.002,0.300,0.039,0.009,6,.3,63,2.1,70,5.9,-.5,1009.1,1026.2,,,6.2
2016-03-25 01:00:00,0,,,,,,,4.6,,78,2.4,70,6.6,1,1009.2,1026.4,,,5.7
2016-03-25 02:00:00,0,,,,,,,4.3,,75,.7,20,6.2,.2,1009.1,1026.3,,,5.6
2016-03-25 03:00:00,0,,,,,,,4.1,1,81,.8,140,6.6,1.1,1008.3,1025.5,,,5.5
2016-03-25 04:00:00,0,18,16,0.002,0.300,0.032,0.007,3.8,,82,.3,0,6.6,1,1007.9,1025.1,,,5.2
2016-03-25 05:00:00,0,24,13,0.002,0.300,0.033,0.007,3.5,,83,1,110,6.5,.8,1007.9,1025.1,,,4.9
2016-03-25 06:00:00,0,27,13,0.002,0.300,0.031,0.007,3.4,0,83,.7,140,6.4,.7,1007.8,1025,,,4.7
2016-03-25 07:00:00,0,34,15,0.002,0.300,0.028,0.008,3.7,,84,.6,90,6.7,1.2,1007.8,1025,0,,5.1
2016-03-25 08:00:00,1.652,28,14,0.002,0.300,0.022,0.013,4.4,,83,.5,140,6.9,1.7,1008.2,1025.4,0,,7.3
2016-03-25 09:00:00,4.216,31,16,0.002,0.300,0.026,0.012,6,,70,.3,0,6.5,.9,1008.5,1025.6,.4,,14
2016-03-25 10:00:00,10.104,31,14,0.003,0.300,0.038,0.007,7.2,,62,2.2,110,6.2,.3,1008.4,1025.4,.2,,16
2016-03-25 11:00:00,12.332,33,18,0.003,0.300,0.037,0.009,8.4,,48,2.3,50,5.3,-1.9,1008,1024.9,.7,,19.3
2016-03-25 12:00:00,8.976,35,17,0.004,0.300,0.038,0.011,7.6,0,54,1.6,70,5.6,-1.1,1007.6,1024.5,.2,,11.6
2016-03-25 13:00:00,19.344,38,20,0.005,0.300,0.039,0.012,8.8,,51,2.4,20,5.8,-.8,1007,1023.8,.3,,17.2
2016-03-25 14:00:00,3.348,38,13,0.006,0.400,0.034,0.018,10.4,,41,1.3,20,5.2,-2.3,1005.7,1022.5,.6,,21.3
2016-03-25 15:00:00,20.732,35,16,0.009,0.500,0.036,0.018,10.3,0,45,3.1,70,5.6,-1.1,1005.1,1021.9,.6,,21
2016-03-25 16:00:00,19.748,33,14,0.009,0.600,0.040,0.017,9.6,,57,3.3,70,6.8,1.4,1004.7,1021.4,.6,,17.1
2016-03-25 17:00:00,8.616,40,18,0.008,0.600,0.043,0.017,9,,60,2.7,90,6.9,1.6,1004.7,1021.5,.6,,12.5
2016-03-25 18:00:00,2.968,37,19,0.008,0.500,0.041,0.018,8.3,,65,3.1,70,7.1,2,1004.9,1021.7,.5,,9.8
2016-03-25 19:00:00,0.26,38,16,0.006,0.400,0.035,0.022,7.6,,68,2.2,90,7.1,2,1005.2,1022.1,0,,6.9
2016-03-25 20:00:00,0,30,12,0.006,0.400,0.036,0.017,7.1,,70,2.7,70,7,1.9,1005.8,1022.7,,,5.9
2016-03-25 21:00:00,0,29,10,0.005,0.300,0.036,0.016,6.5,,71,1.5,50,6.9,1.6,1006.5,1023.5,,,4.9
2016-03-25 22:00:00,0,35,17,0.004,0.400,0.027,0.017,5.5,,79,.5,70,7.1,2.1,1007,1024.1,,,5
2016-03-25 23:00:00,0,36,21,0.004,0.400,0.027,0.015,4.4,,81,.3,0,6.8,1.4,1007.1,1024.2,,,3.7
2016-03-26 00:00:00,0,31,17,0.003,0.400,0.021,0.016,3.9,,84,.7,340,6.8,1.4,1006.9,1024.1,,,4.3
2016-03-26 01:00:00,0,35,17,0.003,0.400,0.027,0.012,3.2,,87,.7,270,6.7,1.2,1006.6,1023.8,,,2.9
2016-03-26 02:00:00,0,42,25,0.002,0.400,0.035,0.008,2.1,,87,.8,250,6.2,.1,1006.4,1023.7,,,2.5
2016-03-26 03:00:00,0,45,22,0.002,0.400,0.033,0.007,1.7,,88,.1,0,6.1,0,1005.9,1023.2,,,2.7
2016-03-26 04:00:00,0,47,25,0.002,0.400,0.032,0.006,1.2,,86,.3,0,5.8,-.8,1005.5,1022.8,,,1.9
2016-03-26 05:00:00,0,48,23,0.002,0.300,0.033,0.006,.3,,87,.9,320,5.4,-1.6,1005.5,1022.9,,,.7
2016-03-26 06:00:00,0,51,4,0.002,0.300,0.035,0.007,-.2,,88,.3,0,5.3,-1.9,1005.6,1023.1,,,.3
2016-03-26 07:00:00,0,52,20,0.003,0.400,0.037,0.009,-.8,,89,.3,0,5.2,-2.3,1005.8,1023.3,0,,.3
2016-03-26 08:00:00,1.26,52,25,0.003,0.400,0.035,0.010,.6,,87,.3,0,5.6,-1.3,1006,1023.4,.5,,3.4
2016-03-26 09:00:00,5.084,62,27,0.003,0.400,0.039,0.011,3.8,,72,1.1,250,5.8,-.7,1006.1,1023.3,1,,12.6
2016-03-26 10:00:00,13.112,74,34,0.003,0.400,0.046,0.010,6.3,,51,1.4,250,4.9,-3.1,1005.8,1022.8,1,,20.1
2016-03-26 11:00:00,22.324,83,38,0.003,0.300,0.050,0.009,9.1,,37,1.4,250,4.3,-4.8,1005.1,1021.9,1,,25.7
2016-03-26 12:00:00,28.516,68,36,0.003,0.300,0.053,0.007,9.3,,33,1.2,20,3.9,-6.1,1004,1020.7,.9,,20.8
2016-03-26 13:00:00,33.356,62,22,0.003,0.300,0.053,0.008,11.6,,27,2.4,50,3.7,-6.8,1002.9,1019.5,.9,,29
2016-03-26 14:00:00,34.192,68,26,0.006,0.500,0.050,0.014,12.5,,27,1.7,290,3.9,-6,1001.8,1018.3,.9,,30.3
2016-03-26 15:00:00,32.876,67,29,0.005,0.400,0.053,0.013,12.5,,27,1.7,360,3.9,-6,1001.1,1017.6,1,,27.6
2016-03-26 16:00:00,29.476,57,24,0.004,0.400,0.057,0.012,12.7,,26,2,360,3.8,-6.3,1000.8,1017.3,1,,24.8
2016-03-26 17:00:00,18.384,53,22,0.003,0.300,0.059,0.012,11.4,,31,2.4,360,4.2,-5.1,1000.9,1017.5,.5,,16.2
2016-03-26 18:00:00,8.908,52,24,0.002,0.400,0.059,0.012,9.8,,38,3.4,340,4.6,-3.8,1001.3,1018,0,,12.2
2016-03-26 19:00:00,0.504,59,26,0.002,0.300,0.053,0.015,8.9,,42,1.2,290,4.8,-3.3,1001.8,1018.5,0,,10.1
2016-03-26 20:00:00,0,57,24,0.003,0.400,0.051,0.012,6.7,,60,2.7,360,5.9,-.5,1003,1019.9,,,7.8
2016-03-26 21:00:00,0,52,22,0.002,0.300,0.053,0.010,5,.1,73,3.3,20,6.3,.5,1003.9,1021,,,6.6
2016-03-26 22:00:00,0,44,24,0.002,0.300,0.054,0.008,4,,85,2.4,360,6.9,1.7,1004.4,1021.5,,,6.2
2016-03-26 23:00:00,0,39,17,0.002,0.300,0.054,0.008,4.1,,89,1.1,20,7.3,2.4,1004.5,1021.6,,,6.3
2016-03-27 00:00:00,0,46,22,0.002,0.300,0.054,0.007,4,.9,85,1.1,20,6.9,1.7,1004.2,1021.3,,,6
2016-03-27 01:00:00,0,42,27,0.002,0.300,0.051,0.008,3.3,,87,1.4,340,6.7,1.3,1003.6,1020.8,,,4.4
2016-03-27 02:00:00,0,49,25,0.002,0.300,0.038,0.007,3.1,,89,1.1,290,6.8,1.4,1003.3,1020.5,,,4
2016-03-27 03:00:00,0,47,20,0.002,0.300,0.031,0.007,2.2,0,89,1.4,270,6.3,.5,1003.1,1020.3,,,2.3
2016-03-27 04:00:00,0,44,23,0.002,0.300,0.031,0.007,1.6,,89,1,250,6.1,0,1002.8,1020.1,,,1.3
2016-03-27 05:00:00,0,45,21,0.002,0.300,0.026,0.007,.9,,90,.6,230,5.9,-.5,1002.9,1020.2,,,.6
2016-03-27 06:00:00,0,45,23,0.002,0.300,0.025,0.006,.3,.1,91,.2,0,5.7,-1,1003.4,1020.8,,,.5
2016-03-27 07:00:00,0.028,46,22,0.002,0.300,0.024,0.007,.1,,92,.5,320,5.7,-1,1003.7,1021.1,0,,.7
2016-03-27 08:00:00,1.692,41,22,0.002,0.300,0.024,0.008,1.2,,93,.5,290,6.2,.1,1003.8,1021.1,.6,,4.8
2016-03-27 09:00:00,5.296,49,23,0.002,0.300,0.032,0.009,3.4,,82,1.2,270,6.4,.6,1003.8,1021,1,,12.4
2016-03-27 10:00:00,12.752,63,34,0.005,0.400,0.043,0.012,8.2,,53,.5,290,5.8,-.8,1004,1020.8,1,,19.4
2016-03-27 11:00:00,20.72,75,43,0.009,0.600,0.041,0.017,11.2,,32,2.7,320,4.2,-4.9,1003.5,1020.2,1,,23.6
2016-03-27 12:00:00,27.376,86,50,0.004,0.400,0.058,0.010,12.2,,26,2,270,3.7,-6.7,1002.9,1019.5,1,,27.8
2016-03-27 13:00:00,28.684,79,36,0.003,0.400,0.061,0.009,13.4,,22,3.1,290,3.4,-7.9,1002.1,1018.6,1,,30.7
2016-03-27 14:00:00,17.024,74,29,0.003,0.400,0.063,0.009,13.5,,22,1.7,340,3.4,-7.8,1001.3,1017.7,1,,25.7
2016-03-27 15:00:00,27.78,78,36,0.004,0.400,0.063,0.012,13.7,,23,2.6,320,3.6,-7.1,1000.9,1017.3,.7,,22.6
2016-03-27 16:00:00,12.684,71,33,0.004,0.400,0.065,0.011,13.6,,24,4.4,270,3.7,-6.6,1000.7,1017.1,.8,,23
2016-03-27 17:00:00,7.212,63,27,0.003,0.300,0.062,0.011,13.6,,23,3,250,3.6,-7.1,1000.6,1017,1,,17.3
2016-03-27 18:00:00,5.86,56,24,0.004,0.400,0.058,0.015,12.9,,25,3.4,270,3.7,-6.6,1000.9,1017.4,.9,,13
2016-03-27 19:00:00,0.644,56,29,0.005,0.400,0.055,0.018,11.4,,29,5,270,3.9,-6,1001.8,1018.4,.1,,9.1
2016-03-27 20:00:00,0,62,29,0.006,0.400,0.049,0.019,10.2,,31,2.4,320,3.8,-6.2,1002.9,1019.6,,,7.1
2016-03-27 21:00:00,0,61,36,0.003,0.400,0.052,0.014,8.8,,33,1.2,360,3.7,-6.6,1003.9,1020.7,,,5.4
2016-03-27 22:00:00,0,56,24,0.002,0.400,0.053,0.010,7.8,,33,2.5,20,3.5,-7.5,1004.4,1021.3,,,4.4
2016-03-27 23:00:00,0,48,23,0.002,0.300,0.054,0.007,6.6,,36,1.3,250,3.5,-7.4,1004.7,1021.7,,,3.3
2016-03-28 00:00:00,0,42,24,0.002,0.300,0.053,0.007,4.9,,43,1.5,230,3.7,-6.6,1005,1022.1,,,2.4
2016-03-28 01:00:00,0,46,21,0.002,0.300,0.057,0.006,4.1,,44,1.4,230,3.6,-7,1005.3,1022.4,,,1.4
2016-03-28 02:00:00,0,45,17,0.002,0.300,0.056,0.006,3.2,,48,1.2,230,3.7,-6.7,1005.3,1022.5,,,.8
2016-03-28 03:00:00,0,48,22,0.003,0.300,0.054,0.006,2.1,,53,.6,270,3.8,-6.5,1005.2,1022.5,,,.1
2016-03-28 04:00:00,0,40,23,0.002,0.400,0.047,0.006,1.2,,57,.5,230,3.8,-6.3,1005.4,1022.7,,,-.7
2016-03-28 05:00:00,0,43,23,0.002,0.400,0.047,0.006,.3,,64,.7,70,4,-5.7,1005.5,1022.9,,,-.4
2016-03-28 06:00:00,0,40,21,0.003,0.400,0.049,0.007,-.7,,68,.2,0,4,-5.8,1005.8,1023.3,,,-.5
2016-03-28 07:00:00,0.012,44,24,0.003,0.400,0.049,0.007,-.9,,71,.2,0,4.1,-5.5,1006.1,1023.6,0,,-.4
2016-03-28 08:00:00,1.236,47,23,0.003,0.400,0.044,0.010,1.4,,62,.4,0,4.2,-5,1006.4,1023.7,.9,,4.3
2016-03-28 09:00:00,4.796,52,26,0.002,0.400,0.039,0.011,5.7,,44,.5,230,4,-5.6,1006.6,1023.7,1,,13.5
2016-03-28 10:00:00,13.412,58,29,0.003,0.400,0.050,0.011,10,,31,1.1,250,3.8,-6.3,1006.4,1023.2,1,,21.6
2016-03-28 11:00:00,21.9,68,37,0.005,0.500,0.051,0.014,14,,21,.6,340,3.3,-8,1005.8,1022.3,1,,28.1
2016-03-28 12:00:00,27.98,74,36,0.011,0.900,0.045,0.021,15,,18,1.7,200,3.1,-9.1,1004.9,1021.4,1,,31.9
2016-03-28 13:00:00,31.24,82,31,0.013,0.700,0.047,0.025,16.4,,17,2.1,320,3.2,-8.7,1004,1020.3,1,,33.4
2016-03-28 14:00:00,34.4,87,35,0.007,0.500,0.059,0.017,17.6,,13,4.8,270,2.6,-11.2,1003.2,1019.4,1,,32.8
2016-03-28 15:00:00,32.972,78,27,0.004,0.400,0.065,0.013,18.4,,13,4.3,270,2.8,-10.5,1002.6,1018.7,1,,30.9
2016-03-28 16:00:00,28.392,79,27,0.005,0.400,0.067,0.014,18.5,,13,4.3,270,2.8,-10.4,1002.4,1018.5,1,,26.8
2016-03-28 17:00:00,20.868,74,24,0.006,0.500,0.069,0.015,18,,14,4,270,2.9,-9.9,1002.2,1018.3,1,,21.1
2016-03-28 18:00:00,9.98,70,26,0.010,0.700,0.067,0.023,16.1,,20,2.5,140,3.6,-6.9,1002.6,1018.9,1,,15.3
2016-03-28 19:00:00,1.092,91,29,0.010,0.700,0.064,0.021,13.9,,29,2,110,4.6,-3.8,1003.3,1019.7,.4,,11.1
2016-03-28 20:00:00,0,93,34,0.009,0.700,0.057,0.021,11.3,,36,1.1,70,4.8,-3.2,1004,1020.7,,,8.8
2016-03-28 21:00:00,0,109,39,0.008,0.800,0.048,0.023,9.4,,43,.4,0,5.1,-2.5,1004.6,1021.3,,,7.1
2016-03-28 22:00:00,0,108,46,0.006,0.800,0.040,0.021,7.8,,50,0,0,5.3,-1.9,1005.5,1022.4,,,5.7
2016-03-28 23:00:00,0,97,45,0.005,0.700,0.034,0.019,6.3,,58,.2,0,5.6,-1.3,1005.8,1022.8,,,4.5
2016-03-29 00:00:00,0,98,41,0.003,0.700,0.030,0.016,5.6,,60,.3,0,5.5,-1.5,1005.8,1022.9,,,3.5
2016-03-29 01:00:00,0,95,46,0.003,0.700,0.024,0.017,4.4,,65,.7,250,5.4,-1.6,1005.7,1022.8,,,2.7
2016-03-29 02:00:00,0,89,42,0.002,0.700,0.025,0.012,4.3,,67,.5,200,5.6,-1.2,1005.9,1023,,,2.4
2016-03-29 03:00:00,0,91,41,0.002,0.600,0.021,0.010,4.1,,68,0,0,5.6,-1.2,1005.9,1023,,,3.1
2016-03-29 04:00:00,0,85,42,0.002,0.600,0.019,0.010,4.1,,69,.4,0,5.7,-1,1005.9,1023,,,3.1
2016-03-29 05:00:00,0,82,42,0.002,0.600,0.017,0.009,3.5,,71,.1,0,5.6,-1.2,1005.2,1022.4,,,1.7
2016-03-29 06:00:00,0,83,44,0.002,0.600,0.016,0.009,2.7,,77,0,0,5.7,-.9,1005.7,1022.9,,,1.1
2016-03-29 07:00:00,0,77,40,0.002,0.600,0.014,0.009,2.6,,78,.3,0,5.8,-.8,1005.7,1022.9,0,,1.9
2016-03-29 08:00:00,2.024,76,41,0.002,0.500,0.012,0.013,4.2,,76,.5,340,6.2,.3,1005.9,1023,.5,,7.4
2016-03-29 09:00:00,6.104,88,46,0.002,0.600,0.020,0.014,7.1,,58,.4,0,5.8,-.6,1006.1,1023.1,.4,,11.1
2016-03-29 10:00:00,12.196,99,51,0.003,0.500,0.040,0.015,12.1,,42,1.2,20,5.9,-.4,1005.3,1021.9,.6,,21.3
2016-03-29 11:00:00,19.436,105,46,0.004,0.400,0.077,0.008,13.6,,37,3.9,70,5.8,-.8,1004.9,1021.4,.5,,19.2
2016-03-29 12:00:00,13.316,86,38,0.003,0.400,0.079,0.008,16.2,,29,1.7,360,5.4,-1.8,1003.9,1020.2,.6,,25.9
2016-03-29 13:00:00,16.708,84,37,0.003,0.400,0.080,0.008,17.2,,27,1.8,70,5.3,-1.9,1003.1,1019.3,1,,28.3
2016-03-29 14:00:00,15.804,81,34,0.003,0.400,0.081,0.008,17,,33,2.4,70,6.3,.5,1002.4,1018.6,.6,,25
2016-03-29 15:00:00,11.168,77,31,0.003,0.400,0.079,0.008,17.2,,32,2.2,290,6.2,.3,1001.8,1018,.2,,21.9
2016-03-29 16:00:00,7.02,76,32,0.003,0.400,0.077,0.009,16.6,,37,2.6,20,7,1.8,1001.3,1017.5,.1,,21.1
2016-03-29 17:00:00,4.984,69,27,0.003,0.400,0.076,0.009,15.6,,45,2.9,50,7.9,3.6,1001.1,1017.4,.4,,18.3
2016-03-29 18:00:00,3.36,66,33,0.003,0.400,0.074,0.010,14.7,,49,3,50,8.1,4,1001.6,1018,.9,,14.5
2016-03-29 19:00:00,0.536,65,27,0.003,0.400,0.074,0.008,13.5,,53,2.5,50,8.1,4,1002,1018.4,0,,11.3
2016-03-29 20:00:00,0,65,32,0.003,0.400,0.073,0.008,12.7,,57,2.2,90,8.3,4.3,1002.3,1018.8,,,9.8
2016-03-29 21:00:00,0,59,27,0.003,0.400,0.071,0.008,11.7,,62,2.1,50,8.5,4.6,1002.5,1019.1,,,8.7
2016-03-29 22:00:00,0,59,26,0.002,0.400,0.072,0.007,11.6,,64,2,140,8.7,5,1002.7,1019.3,,,8.7
2016-03-29 23:00:00,0,62,26,0.002,0.400,0.072,0.007,9,,74,.9,70,8.5,4.6,1002.8,1019.5,,,7.1
2016-03-30 00:00:00,0,60,26,0.002,0.400,0.057,0.010,8.3,,78,.2,0,8.5,4.6,1002.9,1019.7,,,6.3
2016-03-30 01:00:00,0,67,26,0.002,0.400,0.047,0.010,7,,82,.2,0,8.2,4.1,1002.6,1019.5,,,5.1
2016-03-30 02:00:00,0,65,29,0.002,0.400,0.041,0.009,6.4,,84,.3,0,8,3.8,1002.8,1019.8,,,4.7
2016-03-30 03:00:00,0,59,27,0.002,0.400,0.039,0.008,5.7,,86,.4,0,7.8,3.5,1002.4,1019.4,,,4.6
2016-03-30 04:00:00,0,53,25,0.002,0.400,0.032,0.009,5.3,,89,.2,0,7.9,3.6,1002.5,1019.5,,,4
2016-03-30 05:00:00,0,54,27,0.002,0.400,0.029,0.010,4.9,,90,.5,340,7.7,3.3,1003,1020.1,,,3.2
2016-03-30 06:00:00,0,53,32,0.002,0.400,0.037,0.008,4.7,,91,.1,0,7.7,3.3,1003.3,1020.4,,,2.8
2016-03-30 07:00:00,0.02,53,24,0.002,0.400,0.032,0.010,4.4,,91,0,0,7.6,3,1003.8,1020.9,0,,3.4
2016-03-30 08:00:00,1.86,58,33,0.002,0.400,0.032,0.014,5.7,,90,.4,0,8.2,4.1,1004.4,1021.4,.5,,9.3
2016-03-30 09:00:00,5.516,61,33,0.002,0.400,0.039,0.014,10.5,,73,.3,0,9.2,5.8,1004.4,1021.1,1,,16.7
2016-03-30 10:00:00,12.192,60,33,0.002,0.400,0.050,0.011,14.2,,54,.8,290,8.7,5,1004.3,1020.7,1,,25.1
2016-03-30 11:00:00,20.36,72,31,0.003,0.400,0.061,0.009,17.2,,24,.9,320,4.7,-3.5,1003.7,1019.9,1,,31.2
2016-03-30 12:00:00,24.096,79,35,0.003,0.400,0.066,0.009,18.5,,25,1.4,360,5.3,-1.9,1002.9,1019,1,,34.2
2016-03-30 13:00:00,28.252,86,31,0.005,0.400,0.065,0.010,20.4,,16,1.4,340,3.8,-6.3,1002.1,1018.2,1,,37.9
2016-03-30 14:00:00,27.744,78,28,0.010,0.400,0.061,0.016,21.4,,15,1.3,270,3.8,-6.3,1001.2,1017.1,1,,37.9
2016-03-30 15:00:00,24.4,83,29,0.019,0.600,0.054,0.027,21.8,,14,1.9,50,3.6,-6.9,1000.3,1016.2,1,,35.2
2016-03-30 16:00:00,24.092,94,29,0.019,1.100,0.075,0.022,22.3,,13,1.2,360,3.5,-7.4,999.8,1015.6,1,,31.9
2016-03-30 17:00:00,18.256,102,36,0.013,0.600,0.100,0.021,20.5,,26,2.8,110,6.2,.3,999.6,1015.6,1,,24.7
2016-03-30 18:00:00,8.976,99,39,0.019,0.800,0.082,0.032,19.3,,26,3.2,50,5.8,-.7,1000.1,1016.1,1,,18.6
2016-03-30 19:00:00,1.064,116,42,0.011,0.500,0.073,0.023,17.6,,31,2.4,90,6.2,.2,1001,1017.1,.2,,14.7
2016-03-30 20:00:00,0,90,40,0.011,0.600,0.059,0.025,15.5,,39,1,70,6.8,1.5,1001.9,1018.3,,,12.3
2016-03-30 21:00:00,0,96,37,0.013,0.600,0.048,0.028,13.4,,46,.6,50,7,1.9,1002.6,1019.1,,,10.7
2016-03-30 22:00:00,0,100,46,0.011,0.500,0.039,0.027,11.6,,53,0,0,7.2,2.3,1002.9,1019.5,,,9.3
2016-03-30 23:00:00,0,101,48,0.008,0.600,0.032,0.026,10.3,,58,.2,0,7.2,2.3,1003.1,1019.8,,,8.4
2016-03-31 00:00:00,0,91,46,0.006,0.600,0.030,0.021,9.2,,63,.4,0,7.3,2.5,1002.7,1019.4,,,7.7
2016-03-31 01:00:00,0,95,48,0.005,0.700,0.028,0.018,8.2,,66,.2,0,7.2,2.2,1002.7,1019.5,,,6.7
2016-03-31 02:00:00,0,90,43,0.004,0.600,0.024,0.016,7.4,,69,.4,0,7.1,2,1002.6,1019.5,,,5.8
2016-03-31 03:00:00,0,89,37,0.003,0.600,0.023,0.014,6.4,,74,.2,0,7.1,2,1002.2,1019.1,,,4.8
2016-03-31 04:00:00,0,92,43,0.003,0.600,0.020,0.013,5.6,,76,.3,0,6.9,1.6,1001.7,1018.7,,,4.2
2016-03-31 05:00:00,0,78,37,0.003,0.500,0.020,0.012,4.9,,78,.6,340,6.7,1.3,1001.9,1019,,,3.8
2016-03-31 06:00:00,0,69,36,0.003,0.500,0.020,0.012,4.5,,80,.6,360,6.7,1.3,1002,1019,,,3.4
2016-03-31 07:00:00,0,61,31,0.002,0.500,0.017,0.013,4.5,,80,.4,0,6.7,1.3,1002.3,1019.3,0,,4.6
2016-03-31 08:00:00,1.884,63,34,0.003,0.500,0.015,0.017,5.5,,77,.6,250,6.9,1.7,1002.7,1019.7,0,,7.8
2016-03-31 09:00:00,6.164,74,37,0.003,0.500,0.020,0.016,7.8,,65,.8,290,6.9,1.6,1002.7,1019.5,0,,12.5
2016-03-31 10:00:00,11.556,77,39,0.004,0.500,0.024,0.023,10.7,,51,.7,230,6.5,.9,1002.5,1019.2,0,,16.2
2016-03-31 11:00:00,17.508,89,32,0.004,0.400,0.045,0.017,13.4,,44,.8,270,6.7,1.3,1001.9,1018.3,.1,,23.8
2016-03-31 12:00:00,20.34,102,34,0.004,0.400,0.065,0.008,17.3,,29,.8,340,5.7,-.9,1000.7,1016.9,1,,32.1
2016-03-31 13:00:00,18.984,83,25,0.004,0.400,0.070,0.008,19.5,,19,3.4,50,4.3,-4.7,999.6,1015.5,.8,,32.5
2016-03-31 14:00:00,18.704,83,28,0.004,0.400,0.072,0.009,21,,17,2.6,250,4.2,-5,998.6,1014.5,1,,36.5
2016-03-31 15:00:00,17.632,81,25,0.007,0.400,0.066,0.017,20.6,,18,1.4,50,4.4,-4.5,997.8,1013.8,.9,,32.9
2016-03-31 16:00:00,8.14,96,29,0.011,0.500,0.062,0.025,20.6,,17,1.5,70,4.1,-5.3,997.5,1013.5,1,,27.5
2016-03-31 17:00:00,5.672,107,42,0.008,0.500,0.068,0.019,20.2,,19,1.4,70,4.5,-4.1,997.3,1013.3,.7,,22.6
2016-03-31 18:00:00,2.524,109,47,0.008,0.500,0.064,0.021,17.9,,34,2.7,70,6.9,1.7,997.7,1013.8,0,,17.9
2016-03-31 19:00:00,0.652,114,46,0.006,0.500,0.062,0.019,16.3,,44,2.3,50,8.1,4,997.7,1013.9,0,,14.9
2016-03-31 20:00:00,0,110,51,0.005,0.500,0.051,0.022,14.8,,52,.7,20,8.7,5,998.2,1014.6,,,12.4
2016-03-31 21:00:00,0,115,54,0.005,0.500,0.042,0.023,12.9,,59,.4,0,8.7,5,998.5,1014.9,,,10.2
2016-03-31 22:00:00,0,114,57,0.004,0.600,0.032,0.021,11.1,,61,.4,0,8,3.8,998.9,1015.5,,,8.7
2016-03-31 23:00:00,0,115,54,0.006,0.600,0.030,0.023,9.9,,64,.5,20,7.7,3.3,998.8,1015.5,,,7.7
2016-04-01 00:00:00,0,-1,-1,-1,-1,-1,-1,8.5,,72,.6,320,8,3.7,998.7,1015.4,,,6.7
2016-04-01 01:00:00,0,107,57,0.003,0.500,0.024,0.014,7.6,,76,.6,50,7.9,3.6,998.4,1015.2,,,5.8
2016-04-01 02:00:00,0,95,53,0.002,0.500,0.022,0.012,6.7,,78,.6,70,7.6,3.1,998.1,1014.9,,,4.9
2016-04-01 03:00:00,0,93,50,0.002,0.500,0.020,0.011,5.5,,83,.7,250,7.5,2.8,997.9,1014.8,,,4.2
2016-04-01 04:00:00,0,84,50,0.003,0.500,0.022,0.010,5.2,,82,.4,0,7.2,2.3,997.8,1014.8,,,3.4
2016-04-01 05:00:00,0,77,45,0.003,0.500,0.021,0.009,4.4,,85,.3,0,7.1,2,998.1,1015.1,,,2.8
2016-04-01 06:00:00,0,80,43,0.003,0.500,0.024,0.009,3.9,,86,.5,340,6.9,1.7,998.8,1015.8,,,2.2
2016-04-01 07:00:00,0.096,69,35,0.003,0.500,0.025,0.011,3.4,,86,.7,340,6.7,1.2,999.1,1016.2,0,,3.3
2016-04-01 08:00:00,1.652,71,37,0.004,0.500,0.027,0.013,5.9,,79,.5,230,7.3,2.5,999.4,1016.3,.9,,10.2
2016-04-01 09:00:00,5.252,80,40,0.004,0.500,0.034,0.014,10.2,,63,.9,340,7.8,3.4,999.1,1015.8,1,,18.6
2016-04-01 10:00:00,13.244,80,45,0.005,0.500,0.047,0.013,13.7,,44,1.3,270,6.9,1.6,999.2,1015.6,1,,27.1
2016-04-01 11:00:00,20.868,96,42,0.005,0.400,0.058,0.012,18.5,,31,1.1,340,6.6,1,998.9,1014.9,1,,34.2
2016-04-01 12:00:00,25.808,94,37,0.004,0.400,0.067,0.011,21.7,,19,2.1,230,4.9,-2.9,998.1,1014,1,,38.2
2016-04-01 13:00:00,28.644,84,27,0.003,0.300,0.067,0.009,22.8,,15,3,230,4.2,-5.2,997.4,1013.2,1,,40
2016-04-01 14:00:00,31.048,67,23,0.003,0.300,0.067,0.011,24,,15,2.3,250,4.5,-4.2,996.7,1012.3,1,,40.1
2016-04-01 15:00:00,29.132,61,24,0.005,0.300,0.068,0.015,24.3,,14,2.1,290,4.2,-4.9,996.7,1012.3,1,,37.9
2016-04-01 16:00:00,25.232,70,25,0.011,0.400,0.067,0.024,24.5,,13,1.4,340,4,-5.7,996.5,1012.1,1,,34
2016-04-01 17:00:00,16.852,86,24,0.011,0.600,0.079,0.026,23.8,,15,2.1,50,4.4,-4.4,996.5,1012.2,1,,27.1
2016-04-01 18:00:00,7.696,100,35,0.019,0.900,0.076,0.035,21.4,,22,2.6,50,5.6,-1.2,997.1,1013,1,,20.6
2016-04-01 19:00:00,0.868,138,47,0.020,0.800,0.087,0.030,17.8,,34,3,50,6.9,1.7,998.2,1014.3,.2,,16
2016-04-01 20:00:00,0,136,47,0.016,0.600,0.092,0.022,16.4,,41,2.8,70,7.6,3,999,1015.2,,,14
2016-04-01 21:00:00,0,109,57,0.017,0.600,0.079,0.023,15.1,,47,2,70,8,3.8,1000.8,1017.2,,,12.4
2016-04-01 22:00:00,0,116,50,0.015,0.800,0.062,0.023,14.1,,50,1.5,50,8,3.8,1001,1017.4,,,11.2
2016-04-01 23:00:00,0,116,56,0.012,0.800,0.048,0.025,12.1,,55,.6,230,7.7,3.3,1001.5,1018,,,9.5
2016-04-02 00:00:00,0,119,57,0.010,0.800,0.042,0.024,10.9,,60,.1,0,7.8,3.4,1002,1018.7,,,8.3
2016-04-02 01:00:00,0,119,62,0.008,0.800,0.039,0.020,9.7,,65,.4,0,7.8,3.4,1002.5,1019.3,,,7.4
2016-04-02 02:00:00,0,111,60,0.006,0.800,0.035,0.016,8.8,,68,.5,290,7.7,3.2,1002.9,1019.7,,,6.6
2016-04-02 03:00:00,0,111,59,0.005,0.800,0.031,0.014,7.9,,71,.6,70,7.5,2.9,1003,1019.8,,,5.8
2016-04-02 04:00:00,0,107,55,0.004,0.800,0.028,0.014,6.9,,78,.3,0,7.7,3.3,1002.6,1019.5,,,5.2
2016-04-02 05:00:00,0,99,56,0.004,0.700,0.026,0.012,6.2,,81,.2,0,7.6,3.1,1002.5,1019.5,,,4.6
2016-04-02 06:00:00,0,97,51,0.004,0.700,0.024,0.013,5.7,,83,.3,0,7.6,3,1002.9,1019.9,,,4
2016-04-02 07:00:00,0.072,92,54,0.003,0.700,0.021,0.013,5.6,,84,.1,0,7.6,3.1,1003.6,1020.6,0,,5
2016-04-02 08:00:00,1.956,90,51,0.004,0.700,0.019,0.016,7.4,,76,.2,0,7.8,3.4,1003.5,1020.4,.9,,11.1
2016-04-02 09:00:00,6.008,93,44,0.006,0.600,0.033,0.017,10.5,,62,.9,340,7.8,3.5,1003.5,1020.2,1,,18.2
2016-04-02 10:00:00,11.44,86,38,0.007,0.600,0.040,0.020,14.3,,47,.4,0,7.6,3.1,1003.1,1019.5,1,,25
2016-04-02 11:00:00,16.996,99,40,0.029,0.900,0.043,0.033,18,,41,3.3,90,8.4,4.5,1002.7,1018.8,1,,30.2
2016-04-02 12:00:00,23.384,121,60,0.048,1.200,0.041,0.049,19.6,,39,2.7,70,8.8,5.2,1002.2,1018.2,1,,33.5
2016-04-02 13:00:00,26.648,120,50,0.037,1.200,0.052,0.036,20.1,,43,2.4,70,10.1,7.1,1001.3,1017.4,.9,,31.8
2016-04-02 14:00:00,23.824,98,46,0.018,0.800,0.066,0.020,20.2,,43,4.4,70,10.2,7.2,1000.7,1016.7,.5,,30.8
2016-04-02 15:00:00,18.732,85,35,0.010,0.500,0.067,0.015,20.3,,44,3.3,90,10.4,7.6,1000.3,1016.3,1,,28.4
2016-04-02 16:00:00,16.644,69,35,0.007,0.400,0.063,0.014,20.4,,44,3,50,10.5,7.7,1000.2,1016.2,.5,,25.4
2016-04-02 17:00:00,8.912,57,,0.006,0.400,0.063,0.013,19.5,,46,3.4,70,10.4,7.5,1000.2,1016.2,.1,,22.3
2016-04-02 18:00:00,3.396,52,26,0.005,0.400,0.061,0.014,18,,54,3.1,50,11.1,8.5,1000.5,1016.6,0,,18.6
2016-04-02 19:00:00,0.5,49,27,0.004,0.300,0.056,0.014,16.9,,59,2.6,70,11.3,8.8,1001.2,1017.4,0,,15.6
2016-04-02 20:00:00,0,49,21,0.005,0.300,0.045,0.020,15.8,,64,2.3,50,11.4,8.9,1001.8,1018.1,,,14.3
2016-04-02 21:00:00,0,54,24,0.008,0.400,0.032,0.026,14.8,,69,1.1,50,11.6,9.1,1002.5,1018.9,,,12.8
2016-04-02 22:00:00,0,60,30,0.008,0.400,0.031,0.023,13.8,,74,2,110,11.6,9.2,1003,1019.4,,,11.8
2016-04-02 23:00:00,0,55,27,0.007,0.400,0.026,0.022,13,,79,1.5,140,11.8,9.4,1003.2,1019.7,,,10.9
2016-04-03 00:00:00,0,59,31,0.005,0.400,0.024,0.018,11.5,,82,.4,0,11.1,8.5,1003.3,1019.9,,,9.5
2016-04-03 01:00:00,0,64,30,0.004,0.400,0.019,0.020,11.2,,85,.8,200,11.2,8.7,1003.3,1020,,,9.6
2016-04-03 02:00:00,0,70,38,0.004,0.500,0.019,0.017,10.9,,87,.8,90,11.3,8.8,1003,1019.7,,,9.3
2016-04-03 03:00:00,0,71,32,0.004,0.500,0.017,0.017,10.5,,89,.3,0,11.2,8.7,1003,1019.7,,,9.3
2016-04-03 04:00:00,0,71,37,0.003,0.400,0.019,0.012,9.5,,89,.4,0,10.5,7.7,1002.4,1019.1,,,8.4
2016-04-03 05:00:00,0,63,34,0.003,0.400,0.017,0.012,9.8,,91,.2,0,10.9,8.3,1002.1,1018.8,,,9.2
2016-04-03 06:00:00,0,61,36,0.003,0.400,0.014,0.013,9.4,,90,.2,0,10.6,7.8,1002.4,1019.1,,,8.9
2016-04-03 07:00:00,0,59,30,0.003,0.400,0.017,0.013,9.6,,91,.6,20,10.8,8.1,1002.5,1019.2,0,,10
2016-04-03 08:00:00,0.396,67,32,0.003,0.500,0.016,0.016,10.4,,88,.5,340,11,8.4,1002.4,1019.1,0,,11.7
2016-04-03 09:00:00,1.676,64,33,0.003,0.500,0.016,0.018,11.5,,83,.4,0,11.2,8.7,1002.5,1019.1,0,,13.6
2016-04-03 10:00:00,1.468,65,31,0.003,0.500,0.016,0.023,12.5,,77,.1,0,11.1,8.5,1002.3,1018.8,0,,14.1
2016-04-03 11:00:00,3.048,66,35,0.003,0.500,0.022,0.021,12.1,.6,85,.7,20,11.9,9.6,1001.9,1018.5,0,,14.3
2016-04-03 12:00:00,1.888,65,31,0.003,0.400,0.037,0.016,12.3,1.4,90,.6,340,12.9,10.7,1001,1017.5,0,,16
2016-04-03 13:00:00,2.7,48,21,0.003,0.400,0.038,0.016,12.7,2,91,.3,0,13.3,11.2,1000.3,1016.8,0,,15.5
2016-04-03 14:00:00,2.82,42,29,0.003,0.400,0.040,0.014,12.6,2,92,.5,290,13.4,11.3,999.5,1016,0,,15.3
2016-04-03 15:00:00,1.288,33,17,0.002,0.400,0.035,0.016,12.5,2,96,.5,320,13.8,11.8,999,1015.5,0,,14.2
2016-04-03 16:00:00,1.308,28,18,0.002,0.400,0.034,0.017,12.5,2.5,97,.7,20,14,12,998.3,1014.8,0,,14.7
2016-04-03 17:00:00,0.408,23,13,0.002,0.500,0.028,0.022,12.4,2.5,97,.6,20,13.9,11.9,998,1014.5,0,,13.8
2016-04-03 18:00:00,0,20,14,0.002,0.500,0.029,0.020,12.4,2,97,.1,0,13.9,11.9,998.1,1014.6,0,,13.3
2016-04-03 19:00:00,0,15,9,0.002,0.500,0.035,0.014,12.3,2,98,0,0,13.9,11.9,998.2,1014.7,0,,12.9
2016-04-03 20:00:00,0,17,11,0.002,0.500,0.036,0.012,12.3,1,98,.9,160,13.9,11.9,998.4,1014.9,,,12.6
2016-04-03 21:00:00,0,18,9,0.002,0.500,0.041,0.008,11.6,1,95,1.1,200,12.9,10.8,998.4,1014.9,,,12.1
2016-04-03 22:00:00,0,13,4,0.002,0.500,0.046,0.007,11.3,.5,94,2.3,160,12.5,10.3,998.6,1015.2,,,11.7
2016-04-03 23:00:00,0,9,4,0.002,0.500,0.045,0.007,11.1,1,95,1.5,160,12.5,10.3,998,1014.6,,,11.7
2016-04-04 00:00:00,0,9,2,0.002,0.400,0.046,0.006,11.1,.5,96,.2,0,12.6,10.4,997.3,1013.9,,,11.6
2016-04-04 01:00:00,0,7,1,0.001,0.400,0.047,0.006,11,.1,98,0,0,12.8,10.6,996.6,1013.2,,,11.5
2016-04-04 02:00:00,0,7,2,0.001,0.400,0.046,0.005,10.9,.1,98,1.4,250,12.7,10.5,995.8,1012.4,,,11.3
2016-04-04 03:00:00,0,4,1,0.001,0.400,0.046,0.005,10.6,,95,1.4,290,12.1,9.8,995.4,1012,,,11.1
2016-04-04 04:00:00,0,4,1,0.001,0.400,0.047,0.004,10.3,.3,94,0,0,11.7,9.3,995.3,1011.9,,,10.9
2016-04-04 05:00:00,0,7,1,0.001,0.400,0.046,0.004,10.2,.5,96,.9,160,11.9,9.5,995.4,1012,,,10.8
2016-04-04 06:00:00,0,9,1,0.001,0.400,0.044,0.004,10,0,96,.4,0,11.7,9.3,995.8,1012.4,,,10.7
2016-04-04 07:00:00,0.012,9,1,0.001,0.400,0.041,0.006,10,.5,98,.6,160,11.9,9.6,996.4,1013,0,,10.9
2016-04-04 08:00:00,0.78,7,1,0.001,0.400,0.046,0.006,10,0,98,.8,230,11.9,9.6,996.7,1013.3,0,,11.5
2016-04-04 09:00:00,2.348,5,2,0.001,0.400,0.047,0.006,10.4,0,96,.7,270,12,9.7,997.5,1014.1,0,,12.2
2016-04-04 10:00:00,3.428,7,4,0.001,0.400,0.048,0.006,10.4,.5,94,.5,200,11.8,9.4,998,1014.6,0,,12.9
2016-04-04 11:00:00,5.5,,,,,,,10.6,0,95,.5,250,12.1,9.8,997.7,1014.3,0,,13.7
2016-04-04 12:00:00,6.764,,,,,,,10.7,.5,93,1,230,11.9,9.6,997.7,1014.3,0,,14
2016-04-04 13:00:00,7.284,,,,,,,11,0,92,1,230,12,9.7,997.9,1014.5,0,,14.9
2016-04-04 14:00:00,8.132,14,5,0.002,0.400,0.048,0.008,11.9,,80,.5,160,11.1,8.5,997.2,1013.7,0,,16
2016-04-04 15:00:00,9.632,15,9,0.002,0.300,0.049,0.008,12.1,,79,.2,0,11.1,8.5,996.6,1013.1,0,,15.1
2016-04-04 16:00:00,3.816,14,5,0.002,0.300,0.050,0.007,12.2,,80,.5,250,11.3,8.8,996.5,1013,0,,15.8
2016-04-04 17:00:00,2.676,15,5,0.002,0.300,0.049,0.008,12.5,,78,.5,20,11.2,8.7,996.6,1013,0,,16.5
2016-04-04 18:00:00,1.276,16,8,0.002,0.400,0.046,0.009,12.4,,76,1,70,10.9,8.2,997.2,1013.7,0,,14.5
2016-04-04 19:00:00,0,15,9,0.002,0.400,0.038,0.015,11.8,,79,2,50,10.9,8.2,997.1,1013.6,0,,12.3
2016-04-04 20:00:00,0,16,9,0.004,0.400,0.033,0.018,11.3,,84,2,50,11.2,8.6,997.6,1014.1,,,11.5
2016-04-04 21:00:00,0,28,12,0.004,0.400,0.033,0.015,11.1,,85,1,50,11.2,8.6,998.2,1014.8,,,10.8
2016-04-04 22:00:00,0,30,4,0.002,0.400,0.035,0.011,10.5,,89,.7,360,11.2,8.7,998.4,1015,,,10
2016-04-04 23:00:00,0,26,6,0.003,0.400,0.030,0.013,10.6,,91,.6,250,11.6,9.1,998.9,1015.5,,,10.4
2016-04-05 00:00:00,0,29,14,0.002,0.400,0.034,0.010,10.7,,92,.5,90,11.8,9.4,999.1,1015.7,,,10.5
2016-04-05 01:00:00,0,24,12,0.002,0.400,0.037,0.008,9.9,,93,.6,250,11.3,8.8,998.9,1015.6,,,10.2
2016-04-05 02:00:00,0,30,12,0.002,0.400,0.033,0.008,9.9,,94,.4,0,11.4,8.9,998.8,1015.5,,,10.3
2016-04-05 03:00:00,0,29,14,0.002,0.400,0.022,0.009,9.6,,94,.5,160,11.2,8.6,998.7,1015.3,,,9.5
2016-04-05 04:00:00,0,28,13,0.002,0.400,0.018,0.009,9.1,,95,1.1,340,10.9,8.3,998.9,1015.6,,,9.7
2016-04-05 05:00:00,0,25,14,0.002,0.400,0.021,0.007,8.8,,97,.8,360,10.9,8.3,998.9,1015.6,,,9.9
2016-04-05 06:00:00,0,26,12,0.002,0.400,0.017,0.006,8.1,,98,.8,320,10.5,7.7,999.6,1016.4,,,9.6
2016-04-05 07:00:00,0.104,22,11,0.002,0.400,0.014,0.008,7.4,,99,1.1,340,10.2,7.2,1000,1016.8,0,,9.7
2016-04-05 08:00:00,2.212,24,12,0.002,0.400,0.010,0.015,8.2,,100,.8,270,10.8,8.1,1000.5,1017.3,0,,12.2
2016-04-05 09:00:00,6.708,39,14,0.002,0.400,0.023,0.010,9.7,,82,1.6,230,9.8,6.7,1001.2,1017.9,0,,14.2
2016-04-05 10:00:00,12.588,43,21,0.002,0.300,0.043,0.008,12,,63,1.1,340,8.8,5.1,1001,1017.5,.6,,22.5
2016-04-05 11:00:00,19.32,49,22,0.002,0.300,0.045,0.007,15.5,,32,1.6,20,5.6,-1.1,1000.3,1016.6,1,,26.9
2016-04-05 12:00:00,18.58,40,17,0.002,0.300,0.048,0.008,17,,25,1.9,340,4.8,-3.2,999.9,1016.1,1,,28.5
2016-04-05 13:00:00,31.832,43,20,0.003,0.300,0.045,0.011,18.2,,21,2.5,320,4.4,-4.5,998.8,1014.9,1,,29.7
2016-04-05 14:00:00,32.664,37,13,0.004,0.400,0.046,0.012,18.9,,18,4.2,340,3.9,-5.9,998,1014,1,,28.1
2016-04-05 15:00:00,32.956,41,12,0.008,0.500,0.048,0.014,20.3,,19,2.6,340,4.5,-4.1,997.4,1013.4,1,,27.7
2016-04-05 16:00:00,29.812,40,13,0.013,0.700,0.053,0.019,20.6,,16,1.6,320,3.9,-6.1,997,1013,1,,25.2
2016-04-05 17:00:00,23.296,40,15,0.012,0.700,0.060,0.019,20.3,,17,2.5,360,4.1,-5.5,997.5,1013.5,1,,20.7
2016-04-05 18:00:00,11.628,40,17,0.009,0.500,0.047,0.020,19.3,,18,2.5,340,4,-5.6,997.7,1013.6,1,,16.3
2016-04-05 19:00:00,1.656,40,11,0.010,0.500,0.039,0.026,16.7,,26,1.1,50,4.9,-2.9,998.5,1014.7,.4,,13
2016-04-05 20:00:00,0,42,16,0.009,0.600,0.032,0.028,13.6,,39,.6,250,6.1,-.1,999.5,1015.9,,,11.1
2016-04-05 21:00:00,0,45,20,0.007,0.600,0.024,0.029,11.9,,39,.5,90,5.4,-1.6,1000.3,1016.8,,,9.8
2016-04-05 22:00:00,0,41,23,0.006,0.600,0.016,0.029,10.3,,50,.3,0,6.2,.3,1001.1,1017.8,,,8.6
2016-04-05 23:00:00,0,50,20,0.004,0.500,0.016,0.023,9,,56,.1,0,6.4,.6,1001.2,1017.9,,,7.7
2016-04-06 00:00:00,0,42,18,0.004,0.500,0.023,0.015,7.8,,60,.5,270,6.3,.5,1001.5,1018.3,,,6.9
2016-04-06 01:00:00,0,41,20,0.003,0.300,0.034,0.009,7.2,,63,.5,340,6.4,.6,1001.6,1018.5,,,6.3
2016-04-06 02:00:00,0,40,16,0.003,0.400,0.030,0.009,6,,69,.9,340,6.4,.7,1001.6,1018.6,,,5.8
2016-04-06 03:00:00,0,38,15,0.003,0.300,0.030,0.008,5.9,,71,.3,0,6.6,1,1001.9,1018.9,,,5.9
2016-04-06 04:00:00,0,35,18,0.003,0.300,0.026,0.008,5.5,,73,.4,0,6.6,1,1002.1,1019.1,,,5.8
2016-04-06 05:00:00,0,34,17,0.003,0.300,0.025,0.008,5.3,,76,.5,270,6.8,1.4,1002.6,1019.6,,,5.5
2016-04-06 06:00:00,0,28,13,0.003,0.300,0.025,0.008,5.1,,76,.7,340,6.7,1.2,1003.1,1020.2,,,5.3
2016-04-06 07:00:00,0.124,37,16,0.003,0.300,0.022,0.010,5.3,,76,.1,0,6.8,1.4,1003.5,1020.6,0,,6.3
2016-04-06 08:00:00,2.572,40,18,0.003,0.300,0.017,0.014,6.7,,70,.9,340,6.9,1.6,1003.8,1020.7,.1,,10.1
2016-04-06 09:00:00,5.788,43,14,0.003,0.300,0.021,0.014,9.6,,52,.5,20,6.2,.2,1004,1020.7,.5,,15.9
2016-04-06 10:00:00,11.908,42,16,0.003,0.300,0.026,0.015,13.5,,37,.7,340,5.7,-.9,1003.2,1019.7,1,,22
2016-04-06 11:00:00,16.992,44,16,0.004,0.400,0.049,0.011,18.3,,29,1.7,20,6.1,0,1002.3,1018.4,1,,25.3
2016-04-06 12:00:00,17.708,67,23,0.004,0.400,0.067,0.008,19.3,,22,2.9,70,4.9,-2.9,1001.6,1017.6,.7,,21.8
2016-04-06 13:00:00,15.928,76,32,0.004,0.400,0.062,0.011,20.5,,23,2.6,360,5.6,-1.3,1000.3,1016.3,.6,,25.9
2016-04-06 14:00:00,12.78,68,27,0.007,0.300,0.062,0.015,19.7,,26,1.7,20,6,-.3,999.9,1016,.3,,20.4
2016-04-06 15:00:00,7.008,52,22,0.009,0.400,0.065,0.021,18.7,,23,2.9,90,5,-2.8,999.5,1015.5,0,,16.3
2016-04-06 16:00:00,2.836,62,19,0.005,0.400,0.074,0.015,18.1,,29,2.7,50,6,-.2,998.7,1014.8,0,,14.7
2016-04-06 17:00:00,1.512,59,24,0.005,0.400,0.069,0.016,16.9,0,28,2.1,360,5.4,-1.7,998.7,1014.9,0,,13.1
2016-04-06 18:00:00,0.376,62,23,0.006,0.400,0.067,0.017,13.7,.5,56,.8,70,8.7,5,999,1015.4,0,,12.5
2016-04-06 19:00:00,0,44,19,0.004,0.400,0.064,0.014,12.3,0,67,1.4,160,9.5,6.3,998.6,1015.1,0,,12.1
2016-04-06 20:00:00,0,43,20,0.003,0.300,0.061,0.011,9.7,2.5,85,1.1,20,10.2,7.2,999.1,1015.8,,,11
2016-04-06 21:00:00,0,35,19,0.002,0.300,0.063,0.008,8.9,5.5,90,1,50,10.2,7.3,998.8,1015.5,,,10.1
2016-04-06 22:00:00,0,29,8,0.002,0.300,0.059,0.008,8.6,6.5,92,.4,0,10.2,7.3,997.5,1014.2,,,9.9
2016-04-06 23:00:00,0,24,10,0.002,0.300,0.056,0.008,8.5,6.5,95,.2,0,10.5,7.7,995.4,1012.1,,,9.7
2016-04-07 00:00:00,0,16,6,0.002,0.300,0.057,0.007,8.4,8,96,.2,0,10.5,7.7,994.5,1011.2,,,9.4
2016-04-07 01:00:00,0,16,5,0.002,0.300,0.056,0.006,8.4,6.5,98,.6,110,10.7,8,992.9,1009.5,,,9.3
2016-04-07 02:00:00,0,14,3,0.002,0.300,0.054,0.006,8.5,2.5,98,.9,320,10.8,8.1,991.3,1007.9,,,9.4
2016-04-07 03:00:00,0,10,2,0.002,0.300,0.051,0.006,8.4,2.5,98,.9,360,10.7,8,989.7,1006.3,,,9.3
2016-04-07 04:00:00,0,8,2,0.002,0.300,0.051,0.006,8.4,1,99,.5,230,10.9,8.2,988.7,1005.3,,,9.5
2016-04-07 05:00:00,0,9,2,0.002,0.300,0.052,0.005,8.4,3,99,1,340,10.9,8.2,988.2,1004.8,,,9.4
2016-04-07 06:00:00,0,6,2,0.002,0.300,0.051,0.005,8.5,1.5,100,.2,0,11,8.4,988.3,1004.8,,,9.4
2016-04-07 07:00:00,0,5,2,0.002,0.300,0.050,0.005,8.7,1.5,100,.7,50,11.2,8.6,988.5,1005,0,,9.6
2016-04-07 08:00:00,0.072,5,1,0.002,0.300,0.046,0.008,9.1,1.5,100,1,340,11.5,9,988.5,1005,0,,10.2
2016-04-07 09:00:00,0.96,4,1,0.002,0.300,0.040,0.013,9.6,1.5,100,.8,340,11.9,9.5,989.5,1006,0,,10.9
2016-04-07 10:00:00,1.72,7,2,0.002,0.300,0.042,0.011,10.2,1,100,1,360,12.4,10.1,990.1,1006.6,0,,12
2016-04-07 11:00:00,5.26,9,2,0.002,0.300,0.040,0.012,11.2,0,98,.9,340,12.9,10.8,990.2,1006.6,0,,16
2016-04-07 12:00:00,11.06,12,1,0.002,0.300,0.045,0.008,13.4,,82,1.9,50,12.5,10.3,990.9,1007.2,.1,,19.4
2016-04-07 13:00:00,9.476,10,1,0.002,0.300,0.046,0.007,15.4,,74,1.1,250,12.9,10.7,991.2,1007.4,.4,,24.7
2016-04-07 14:00:00,13.7,13,8,0.002,0.300,0.047,0.007,16.9,,73,2,200,14,12,991.1,1007.1,.6,,24.2
2016-04-07 15:00:00,19.328,,,,,,,19.5,,58,1.8,320,13.1,11,991.2,1007,.9,,25.7
2016-04-07 16:00:00,15.892,,,,,,,18.3,,56,4.2,320,11.7,9.3,991.9,1007.8,.8,,21.4
2016-04-07 17:00:00,9.824,10,4,0.002,0.300,0.046,0.008,17.6,,55,3,320,11,8.4,992.7,1008.7,0,,18.9
2016-04-07 18:00:00,3.728,12,8,0.002,0.300,0.043,0.010,17.1,,56,2.3,320,10.9,8.2,993.4,1009.5,0,,16.6
2016-04-07 19:00:00,0.5,23,9,0.002,0.300,0.042,0.010,16.4,,58,2.7,270,10.8,8.1,994.1,1010.2,0,,14.1
2016-04-07 20:00:00,0,21,10,0.002,0.300,0.041,0.010,14.2,,70,.8,50,11.2,8.7,995.3,1011.6,,,12.7
2016-04-07 21:00:00,0,20,14,0.003,0.400,0.032,0.013,13.6,,74,.1,0,11.5,9,996.2,1012.5,,,11.6
2016-04-07 22:00:00,0,23,11,0.008,0.700,0.022,0.027,13.1,,77,1.2,250,11.6,9.1,997.1,1013.5,,,10.9
2016-04-07 23:00:00,0,44,16,0.005,0.600,0.018,0.020,12.3,,82,.8,250,11.7,9.3,997.3,1013.8,,,10.2
2016-04-08 00:00:00,0,39,21,0.004,0.500,0.021,0.014,11.6,,84,1.8,250,11.4,8.9,997.9,1014.4,,,9.8
2016-04-08 01:00:00,0,39,18,0.003,0.500,0.013,0.011,11.3,,86,1.6,270,11.5,9,998.2,1014.8,,,9.4
2016-04-08 02:00:00,0,34,17,0.002,0.400,0.013,0.009,11.8,,82,2.4,270,11.3,8.8,998.3,1014.8,,,9.3
2016-04-08 03:00:00,0,35,22,0.002,0.400,0.012,0.007,12.1,,75,3.2,290,10.5,7.7,998.1,1014.6,,,9.1
2016-04-08 04:00:00,0,26,23,0.002,0.400,0.012,0.006,11.7,,74,2.1,290,10.2,7.2,998,1014.5,,,8.8
2016-04-08 05:00:00,0,18,14,0.002,0.400,0.018,0.006,10.4,,81,1.9,270,10.2,7.2,998.1,1014.7,,,8.2
2016-04-08 06:00:00,0,16,11,0.002,0.400,0.017,0.006,9.7,,85,1.9,270,10.2,7.2,998.3,1015,,,7.7
2016-04-08 07:00:00,0.304,16,12,0.002,0.400,0.016,0.007,9.4,,85,1.5,270,9.9,6.9,999,1015.7,0,,9
2016-04-08 08:00:00,3.28,23,9,0.002,0.400,0.013,0.010,10.1,,84,1.7,230,10.4,7.5,999.6,1016.3,0,,10.7
2016-04-08 09:00:00,6.792,32,11,0.002,0.300,0.023,0.010,12.6,,69,.5,340,10,7,1000.1,1016.6,.6,,16.8
2016-04-08 10:00:00,11.924,34,13,0.002,0.300,0.030,0.008,15.5,,58,.8,290,10.2,7.2,999.9,1016.2,1,,24
2016-04-08 11:00:00,20.944,47,20,0.003,0.400,0.040,0.009,19.1,,41,1.2,50,9,5.5,999.5,1015.5,1,,28.8
2016-04-08 12:00:00,27.952,63,24,0.018,1.200,0.045,0.020,21,,32,2.2,90,7.9,3.6,998.9,1014.8,1,,29.9
2016-04-08 13:00:00,30.748,90,34,0.035,1.700,0.043,0.037,22.4,,28,2.9,70,7.5,2.9,998,1013.8,1,,30.2
2016-04-08 14:00:00,32.136,120,48,0.036,1.500,0.070,0.037,22.8,,29,2.3,90,8,3.8,997.4,1013.2,1,,29.8
2016-04-08 15:00:00,32.064,128,48,0.021,0.900,0.083,0.028,23.4,,18,4.6,250,5.2,-2.2,997.2,1012.9,1,,27.1
2016-04-08 16:00:00,28.268,101,37,0.011,0.600,0.066,0.019,23.2,,17,5.7,270,4.8,-3.2,996.9,1012.6,1,,23.6
2016-04-08 17:00:00,21.128,84,30,0.004,0.300,0.062,0.010,22.8,,16,4.7,270,4.4,-4.3,996.8,1012.6,1,,20
2016-04-08 18:00:00,10.86,66,21,0.004,0.400,0.061,0.011,21.9,,16,3.9,270,4.2,-5,997.1,1012.9,1,,16
2016-04-08 19:00:00,1.812,64,21,0.009,0.500,0.050,0.025,19.7,,20,1.7,250,4.6,-3.9,997.6,1013.6,.3,,13.3
2016-04-08 20:00:00,0,72,17,0.009,0.500,0.042,0.027,16.2,,34,.2,0,6.2,.2,998.5,1014.7,,,11.9
2016-04-08 21:00:00,0,65,24,0.008,0.500,0.030,0.030,14.1,,39,.5,270,6.2,.3,999.2,1015.5,,,10.8
2016-04-08 22:00:00,0,65,26,0.005,0.500,0.021,0.028,12.7,,48,.1,0,7,1.9,999.4,1015.9,,,9.9
2016-04-08 23:00:00,0,69,28,0.004,0.500,0.021,0.020,11.1,,54,.6,340,7.1,2.1,999,1015.6,,,9
2016-04-09 00:00:00,0,68,29,0.003,0.500,0.021,0.016,10.5,,56,.5,90,7.1,2,999,1015.6,,,8.3
2016-04-09 01:00:00,0,63,30,0.003,0.400,0.019,0.017,9.3,,64,.5,320,7.5,2.8,999.5,1016.2,,,7.7
2016-04-09 02:00:00,0,68,25,0.003,0.400,0.020,0.011,8.7,,69,.4,0,7.7,3.3,999.4,1016.1,,,7.7
2016-04-09 03:00:00,0,72,30,0.003,0.400,0.021,0.010,8.5,,70,.3,0,7.7,3.3,999.1,1015.8,,,7.7
2016-04-09 04:00:00,0,66,27,0.002,0.400,0.016,0.010,7.9,,74,.2,0,7.8,3.5,999.1,1015.9,,,7.2
2016-04-09 05:00:00,0,61,27,0.002,0.400,0.016,0.009,7.4,,78,.1,0,8,3.8,999.3,1016.1,,,6.8
2016-04-09 06:00:00,0,60,21,0.002,0.400,0.014,0.010,7,,81,.6,290,8.1,3.9,999.4,1016.2,,,6.5
2016-04-09 07:00:00,0.284,67,27,0.002,0.400,0.015,0.010,7.7,,80,.5,320,8.4,4.4,999.7,1016.5,0,,7.7
2016-04-09 08:00:00,2.3,73,18,0.002,0.400,0.017,0.011,8.9,,75,.8,270,8.5,4.7,999.5,1016.2,0,,10.4
2016-04-09 09:00:00,5.872,88,33,0.003,0.400,0.029,0.011,12.7,,64,.4,0,9.3,6,999.3,1015.8,.9,,17.4
2016-04-09 10:00:00,12.892,104,37,0.003,0.400,0.034,0.013,16.8,,51,.4,0,9.7,6.5,998.9,1015.1,1,,22.4
2016-04-09 11:00:00,20.996,136,45,0.005,0.500,0.051,0.011,20.3,,35,.8,70,8.3,4.3,998.7,1014.7,1,,25.6
2016-04-09 12:00:00,25.792,162,58,0.006,0.500,0.069,0.011,22.2,,28,.9,320,7.5,2.8,997.8,1013.6,1,,30.5
2016-04-09 13:00:00,26.552,190,62,0.016,1.000,0.072,0.022,22.9,,26,1.2,360,7.2,2.3,997,1012.7,1,,28.9
2016-04-09 14:00:00,24.416,223,77,0.020,1.100,0.090,0.025,23.7,,23,2.4,90,6.7,1.3,996.1,1011.8,1,,28
2016-04-09 15:00:00,18.564,221,68,0.014,0.800,0.079,0.021,25.1,,18,1.6,290,5.7,-.9,995.3,1011,1,,28.6
2016-04-09 16:00:00,21.552,185,56,0.014,0.700,0.071,0.023,24.2,,17,3.4,320,5.1,-2.4,994.7,1010.3,1,,24.3
2016-04-09 17:00:00,15.196,201,61,0.012,0.700,0.076,0.023,24.3,,18,2.5,290,5.5,-1.5,994.7,1010.3,1,,22.1
2016-04-09 18:00:00,7.12,216,65,0.007,0.400,0.085,0.015,23.2,,17,3.3,290,4.8,-3.2,994.6,1010.3,1,,17.7
2016-04-09 19:00:00,1.296,198,72,0.012,0.600,0.072,0.024,20,,36,2.5,110,8.4,4.4,994.6,1010.6,.2,,15
2016-04-09 20:00:00,0,185,66,0.011,0.600,0.064,0.022,17.7,,43,1.5,90,8.7,4.9,995.5,1011.5,,,13.4
2016-04-09 21:00:00,0,176,63,0.010,0.600,0.055,0.020,15.7,,50,1.3,50,8.8,5.2,996.7,1013,,,12.3
2016-04-09 22:00:00,0,164,62,0.007,0.600,0.042,0.021,14.1,,57,.2,0,9.1,5.6,997,1013.3,,,11.5
2016-04-09 23:00:00,0,153,63,0.005,0.600,0.038,0.016,13.4,,59,.6,230,9,5.5,997.3,1013.7,,,10.7
2016-04-10 00:00:00,0,142,59,0.004,0.600,0.034,0.014,11.9,,64,.8,320,8.8,5.2,997.7,1014.2,,,10.1
2016-04-10 01:00:00,0,143,60,0.004,0.500,0.031,0.013,11.3,,68,.2,0,9,5.5,997.9,1014.5,,,9.4
2016-04-10 02:00:00,0,136,59,0.003,0.500,0.029,0.012,10.4,,70,.6,70,8.8,5.1,997.5,1014.1,,,8.9
2016-04-10 03:00:00,0,135,61,0.003,0.500,0.027,0.012,9.9,,75,0,0,9.1,5.6,997.1,1013.8,,,8.4
2016-04-10 04:00:00,0,122,52,0.003,0.500,0.026,0.010,9.1,,78,.4,0,9,5.4,996.8,1013.4,,,8.1
2016-04-10 05:00:00,0,115,50,0.003,0.500,0.024,0.009,8.8,,78,.2,0,8.8,5.1,996.7,1013.4,,,7.6
2016-04-10 06:00:00,0,110,43,0.003,0.500,0.024,0.009,8.2,,80,.3,0,8.7,4.9,996.7,1013.4,,,7
2016-04-10 07:00:00,0.196,117,53,0.002,0.500,0.024,0.008,8,,81,.9,230,8.7,4.9,997,1013.7,0,,8
2016-04-10 08:00:00,2.472,116,50,0.003,0.400,0.024,0.013,9.8,,72,.8,270,8.7,4.9,997,1013.7,.5,,12.2
2016-04-10 09:00:00,5.916,125,51,0.003,0.400,0.032,0.010,13.2,,58,1,250,8.8,5.1,996.6,1013,1,,18.8
2016-04-10 10:00:00,13.236,131,54,0.003,0.400,0.047,0.010,17,,36,.5,250,7,1.8,996.5,1012.6,1,,24.5
2016-04-10 11:00:00,19.888,148,53,0.003,0.400,0.059,0.009,20.6,,32,.9,200,7.7,3.3,996.1,1012,1,,28.4
2016-04-10 12:00:00,22.96,165,62,0.004,0.400,0.071,0.007,21.8,,27,1.6,90,7,1.9,995.4,1011.2,1,,28
2016-04-10 13:00:00,26.272,168,61,0.004,0.400,0.080,0.007,24,,26,1.8,290,7.7,3.2,994.7,1010.3,1,,30.8
2016-04-10 14:00:00,29.696,167,58,0.011,0.500,0.071,0.019,23.2,,28,2.9,70,7.9,3.6,993.6,1009.3,1,,29.2
2016-04-10 15:00:00,27.624,169,66,0.012,0.700,0.084,0.013,22.6,,31,4.3,70,8.4,4.5,993.1,1008.8,1,,24.6
2016-04-10 16:00:00,24.9,154,57,0.016,1.000,0.081,0.017,22.1,,34,3.3,50,9,5.4,993,1008.8,.8,,23
2016-04-10 17:00:00,16.3,156,54,0.013,0.800,0.073,0.017,20.5,,40,4.1,70,9.6,6.4,993.4,1009.3,1,,19.8
2016-04-10 18:00:00,6.7,138,43,0.006,0.500,0.081,0.013,18.8,,46,4,90,9.9,6.9,993.9,1009.8,.9,,16.5
2016-04-10 19:00:00,1.456,128,49,0.008,0.600,0.063,0.016,17.4,,50,3,70,9.9,6.8,994.8,1010.9,0,,14.2
2016-04-10 20:00:00,0,108,48,0.006,0.500,0.063,0.013,15.9,,55,3.6,90,9.9,6.8,996.3,1012.5,,,13
2016-04-10 21:00:00,0,117,46,0.004,0.400,0.065,0.009,15.2,,57,3,110,9.8,6.7,997.3,1013.6,,,12
2016-04-10 22:00:00,0,115,51,0.003,0.400,0.065,0.007,14.5,,60,2.9,140,9.9,6.8,997.7,1014,,,11.3
2016-04-10 23:00:00,0,110,41,0.003,0.400,0.055,0.008,14.6,,62,.8,90,10.2,7.3,997.8,1014.1,,,11.9
2016-04-11 00:00:00,0,102,40,0.003,0.400,0.048,0.009,13.9,,67,3.4,110,10.6,7.8,997.9,1014.2,,,12.3
2016-04-11 01:00:00,0,98,37,0.003,0.400,0.047,0.008,13.3,,73,1.6,110,11.1,8.5,998.2,1014.6,,,12.3
2016-04-11 02:00:00,0,100,41,0.003,0.400,0.044,0.008,12.9,,72,3.3,110,10.6,7.9,999,1015.4,,,11.8
2016-04-11 03:00:00,0,96,41,0.004,0.400,0.037,0.010,12.2,,69,3,70,9.7,6.6,999.4,1015.9,,,11.2
2016-04-11 04:00:00,0,104,43,0.004,0.400,0.038,0.009,11.9,,66,2.6,90,9.2,5.7,1000,1016.5,,,11
2016-04-11 05:00:00,0,117,41,0.004,0.400,0.043,0.007,11.4,,68,2.4,70,9.1,5.6,1000.7,1017.3,,,10.6
2016-04-11 06:00:00,0,111,37,0.003,0.400,0.038,0.007,10.8,0,69,2.6,70,8.9,5.3,1001.2,1017.8,,,10.2
2016-04-11 07:00:00,0.052,80,31,0.003,0.400,0.037,0.007,10.5,,70,2.5,90,8.8,5.2,1001.8,1018.5,0,,10.4
2016-04-11 08:00:00,1.384,105,33,0.003,0.400,0.037,0.007,10.4,,70,1.7,140,8.8,5.1,1002.7,1019.4,0,,11.2
2016-04-11 09:00:00,0.952,91,36,0.003,0.400,0.038,0.006,10.3,,71,2.3,90,8.8,5.2,1003.3,1020,0,,12.3
2016-04-11 10:00:00,1.188,67,28,0.002,0.400,0.038,0.007,10.2,,71,3.3,70,8.8,5.1,1004.1,1020.8,0,,13.8
2016-04-11 11:00:00,2.012,46,19,0.002,0.400,0.037,0.008,10.4,,71,3.2,110,8.9,5.3,1004.5,1021.2,.1,,15.7
2016-04-11 12:00:00,2.568,35,15,0.002,0.400,0.037,0.010,10.2,,73,1.8,70,9,5.5,1004.5,1021.3,0,,13.9
2016-04-11 13:00:00,5.096,38,20,0.002,0.300,0.037,0.010,10.7,,70,2.9,90,9,5.4,1004.1,1020.8,0,,16.7
2016-04-11 14:00:00,4.92,44,21,0.002,0.300,0.037,0.010,12.2,,63,2,70,8.9,5.3,1003.4,1020,.2,,21
2016-04-11 15:00:00,3.896,49,18,0.002,0.300,0.039,0.009,12,,62,1.9,50,8.7,4.9,1003,1019.6,0,,17.8
2016-04-11 16:00:00,2.696,54,23,0.002,0.300,0.038,0.011,12,,63,2.3,70,8.8,5.1,1002.9,1019.5,0,,16.8
2016-04-11 17:00:00,1.328,51,16,0.002,0.300,0.036,0.013,11.5,,65,2.1,50,8.8,5.1,1003.2,1019.8,0,,14.2
2016-04-11 18:00:00,0.568,55,23,0.002,0.300,0.035,0.015,11.3,,64,1.6,50,8.5,4.7,1003.4,1020,0,,12.8
2016-04-11 19:00:00,0,56,18,0.003,0.300,0.035,0.018,10.8,,66,2.1,50,8.5,4.6,1003.6,1020.3,0,,11.3
2016-04-11 20:00:00,0,54,20,0.003,0.300,0.034,0.017,10.6,,66,1,20,8.4,4.5,1003.9,1020.6,,,10.9
2016-04-11 21:00:00,0,61,22,0.003,0.300,0.032,0.016,10.5,,67,2.5,50,8.5,4.6,1004.7,1021.4,,,10.3
2016-04-11 22:00:00,0,61,26,0.003,0.300,0.034,0.014,9.6,,63,2.3,50,7.5,2.8,1005.4,1022.1,,,9.3
2016-04-11 23:00:00,0,59,25,0.003,0.300,0.038,0.010,9.6,,62,2.5,50,7.4,2.6,1005.9,1022.7,,,8.9
2016-04-12 00:00:00,0,50,18,0.003,0.300,0.042,0.008,9.3,,62,2.1,50,7.2,2.3,1005.7,1022.5,,,8.7
2016-04-12 01:00:00,0,41,17,0.003,0.300,0.043,0.008,9,,63,1.9,50,7.2,2.3,1005.3,1022.1,,,8.3
2016-04-12 02:00:00,0,35,20,0.003,0.300,0.044,0.007,8.5,,65,2.1,70,7.2,2.2,1005.2,1022,,,7.4
2016-04-12 03:00:00,0,32,13,0.003,0.300,0.044,0.006,7.7,,62,2.2,50,6.5,.8,1005.3,1022.2,,,6.1
2016-04-12 04:00:00,0,35,16,0.003,0.300,0.039,0.007,7.1,,63,.8,50,6.3,.5,1005.1,1022,,,5.8
2016-04-12 05:00:00,0,34,20,0.003,0.300,0.033,0.008,6.4,,68,.3,0,6.5,.9,1005,1022,,,5.4
2016-04-12 06:00:00,0,42,10,0.003,0.300,0.030,0.007,5.7,,76,.6,290,6.9,1.7,1005.1,1022.1,,,5.1
2016-04-12 07:00:00,0.176,38,20,0.003,0.300,0.026,0.010,5.8,,78,.7,90,7.2,2.2,1005.1,1022.1,0,,6
2016-04-12 08:00:00,2.34,44,18,0.003,0.400,0.019,0.019,6.9,,75,.6,270,7.4,2.7,1004.5,1021.4,0,,8.6
2016-04-12 09:00:00,5.744,59,22,0.003,0.300,0.036,0.012,9.4,,64,.8,290,7.5,2.9,1004,1020.7,.3,,13.4
2016-04-12 10:00:00,10.212,46,15,0.003,0.300,0.051,0.006,11.6,,50,3.1,70,6.8,1.5,1003.2,1019.8,.4,,18.5
2016-04-12 11:00:00,20.444,39,14,0.003,0.300,0.052,0.005,13.4,,43,3.1,70,6.6,1,1002.2,1018.7,1,,23.4
2016-04-12 12:00:00,24.316,48,18,0.003,0.300,0.053,0.006,15.4,,25,2.8,70,4.4,-4.5,1000.6,1016.9,1,,26.9
2016-04-12 13:00:00,28.056,44,18,0.003,0.300,0.054,0.006,16.3,,28,3,70,5.2,-2.2,999.1,1015.3,.9,,24.7
2016-04-12 14:00:00,29.484,45,22,0.004,0.300,0.051,0.010,17,,23,6.3,70,4.4,-4.3,997.5,1013.6,1,,22.6
2016-04-12 15:00:00,27.816,41,13,0.007,0.300,0.050,0.014,17.9,,24,4.4,50,4.9,-2.9,997,1013.1,1,,21.8
2016-04-12 16:00:00,18.42,39,14,0.029,0.700,0.033,0.036,18,,20,3.8,50,4.1,-5.3,996.4,1012.4,.7,,18.8
2016-04-12 17:00:00,7.1,49,25,0.032,1.100,0.029,0.044,18,,21,4.3,70,4.3,-4.6,996.3,1012.3,1,,17.9
2016-04-12 18:00:00,2.86,54,25,0.027,0.700,0.025,0.043,16.7,,28,3.6,50,5.3,-1.9,996.3,1012.5,.9,,14.2
2016-04-12 19:00:00,0.368,54,17,0.010,0.400,0.040,0.026,15.6,,36,2.9,50,6.3,.5,996.4,1012.7,.1,,12.1
2016-04-12 20:00:00,0,49,22,0.009,0.400,0.040,0.022,14.6,,41,3.7,70,6.8,1.4,996.3,1012.6,,,11.4
2016-04-12 21:00:00,0,42,15,0.009,0.300,0.036,0.022,14.3,,44,3.4,50,7.1,2.1,996.6,1012.9,,,11.3
2016-04-12 22:00:00,0,43,19,0.007,0.400,0.032,0.022,12.3,.1,62,1.8,360,8.8,5.2,997,1013.5,,,11.3
2016-04-12 23:00:00,0,44,15,0.005,0.400,0.031,0.018,11.4,.4,80,1.5,90,10.7,8,996.4,1012.9,,,11.2
2016-04-13 00:00:00,0,43,23,0.007,0.500,0.029,0.018,10.9,3,85,1.5,90,11,8.4,996.2,1012.8,,,11.4
2016-04-13 01:00:00,0,43,21,0.007,0.500,0.026,0.017,11.2,1,86,2.3,50,11.4,8.9,995.4,1011.9,,,11.5
2016-04-13 02:00:00,0,47,24,0.007,0.500,0.022,0.018,11.7,2.5,89,1.2,70,12.2,9.9,994.6,1011.1,,,11.6
2016-04-13 03:00:00,0,46,28,0.008,0.600,0.020,0.016,11.6,2.5,93,1,250,12.7,10.5,994.1,1010.6,,,11.7
2016-04-13 04:00:00,0,42,27,0.007,0.600,0.019,0.015,11.5,1,94,1.6,250,12.7,10.5,993.5,1010,,,11.8
2016-04-13 05:00:00,0,34,24,0.006,0.600,0.019,0.014,11.7,.5,95,.6,250,13,10.9,992.8,1009.2,,,11.9
2016-04-13 06:00:00,0,33,17,0.007,0.700,0.017,0.015,11.5,.5,95,.7,200,12.9,10.7,992.2,1008.6,0,,11.9
2016-04-13 07:00:00,0,41,23,0.008,0.800,0.014,0.018,11.8,0,95,.6,200,13.1,11,991.9,1008.3,0,,12.2
2016-04-13 08:00:00,0,41,19,0.009,0.800,0.010,0.022,11.9,1.5,96,1.2,270,13.3,11.2,991.9,1008.3,0,,12.4
2016-04-13 09:00:00,0.204,37,25,0.007,0.800,0.015,0.023,12.1,2.5,96,.5,360,13.5,11.4,991.6,1008,0,,13
2016-04-13 10:00:00,0.62,35,22,0.005,0.600,0.020,0.025,13,1.5,97,.7,250,14.5,12.5,991.2,1007.5,0,,14.9
2016-04-13 11:00:00,2.62,32,12,0.005,0.500,0.033,0.016,15,.5,94,2.1,70,16,14,990.8,1007,0,,17.3
2016-04-13 12:00:00,2.316,16,8,0.004,0.300,0.038,0.010,14.8,,87,2.7,70,14.6,12.6,990.1,1006.3,0,,17.2
2016-04-13 13:00:00,3.52,15,4,0.003,0.300,0.046,0.005,15.6,,85,3.8,70,15,13,989.7,1005.8,0,,19
2016-04-13 14:00:00,4.148,12,4,0.003,0.300,0.047,0.006,16.3,,81,3.1,70,15,13,989.1,1005.2,.1,,21.6
2016-04-13 15:00:00,5.224,12,2,0.003,0.300,0.044,0.008,17,,78,1.7,70,15.1,13.1,988.8,1004.8,0,,21.4
2016-04-13 16:00:00,4.268,12,1,0.004,0.300,0.042,0.009,16.8,,79,1.9,70,15.1,13.1,988.8,1004.8,0,,20.8
2016-04-13 17:00:00,3.388,11,1,0.003,0.300,0.039,0.009,16.5,,81,1.7,70,15.2,13.2,989,1005.1,0,,18.8
2016-04-13 18:00:00,1.196,13,5,0.002,0.300,0.039,0.008,15.9,,83,1.1,110,15,13,989.4,1005.5,0,,17
2016-04-13 19:00:00,0.012,15,7,0.002,0.300,0.039,0.008,15.5,,86,.9,160,15.1,13.1,989.8,1006,0,,16
2016-04-13 20:00:00,0,15,9,0.002,0.300,0.037,0.009,15.3,,87,.1,0,15.1,13.1,990.5,1006.7,0,,15.5
2016-04-13 21:00:00,0,17,11,0.002,0.300,0.036,0.007,14.9,,89,.2,0,15,13,990.9,1007.1,,,14.8
2016-04-13 22:00:00,0,22,8,0.002,0.300,0.032,0.009,13.9,,92,.5,20,14.6,12.6,990.9,1007.1,,,13.2
2016-04-13 23:00:00,0,18,6,0.002,0.300,0.029,0.008,13.3,,93,.2,0,14.1,12.1,990.9,1007.2,,,12
2016-04-14 00:00:00,0,21,6,0.002,0.300,0.022,0.009,13.7,,94,.7,230,14.7,12.7,991.3,1007.6,,,13.1
2016-04-14 01:00:00,0,19,8,0.002,0.300,0.019,0.007,13.3,,94,1,230,14.3,12.3,991.3,1007.6,,,13.3
2016-04-14 02:00:00,0,29,8,0.002,0.300,0.019,0.006,13.4,,95,.8,270,14.6,12.6,991.4,1007.7,,,13.4
2016-04-14 03:00:00,0,25,10,0.002,0.300,0.016,0.007,13.4,,90,.9,290,13.7,11.7,991.7,1008,,,13.4
2016-04-14 04:00:00,0,18,10,0.002,0.300,0.015,0.008,12.8,,88,.6,290,12.9,10.8,991.7,1008,,,13
2016-04-14 05:00:00,0,19,8,0.002,0.300,0.020,0.006,12.2,,91,.8,320,12.9,10.7,992.1,1008.5,,,12.9
2016-04-14 06:00:00,0,23,8,0.002,0.300,0.019,0.007,11.6,,91,.9,320,12.4,10.1,993.2,1009.7,0,,12.4
2016-04-14 07:00:00,0.352,29,10,0.002,0.300,0.015,0.009,11.3,,88,1.1,340,11.7,9.3,994.2,1010.7,0,,12.7
2016-04-14 08:00:00,2.184,23,7,0.002,0.300,0.021,0.007,11.9,,84,1.9,290,11.6,9.2,994.5,1010.9,.5,,17.3
2016-04-14 09:00:00,6.372,34,6,0.002,0.300,0.027,0.005,14.4,,76,1.3,270,12.4,10.2,994.4,1010.6,1,,22.5
2016-04-14 10:00:00,14.208,55,11,0.002,0.300,0.031,0.007,17,,66,1.4,290,12.7,10.5,994.4,1010.5,1,,27.5
2016-04-14 11:00:00,21.268,45,13,0.002,0.300,0.032,0.007,20.7,,42,3.1,340,10.2,7.3,994.1,1010,1,,30.2
2016-04-14 12:00:00,26,48,18,0.003,0.300,0.037,0.009,22.7,,30,4.1,340,8.2,4.2,994.1,1009.8,1,,31.4
2016-04-14 13:00:00,29.144,81,16,0.004,0.400,0.066,0.006,23.6,,27,4.4,290,7.8,3.4,994,1009.6,1,,30.9
2016-04-14 14:00:00,31.516,136,37,0.004,0.300,0.070,0.006,24,,18,5.7,290,5.4,-1.8,993.7,1009.3,1,,30.4
2016-04-14 15:00:00,31.22,134,42,0.003,0.300,0.071,0.006,24.6,,15,4.6,290,4.6,-3.7,993.7,1009.2,1,,28.4
2016-04-14 16:00:00,28.364,113,34,0.003,0.400,0.075,0.006,23.9,,16,4.5,290,4.8,-3.4,994.3,1009.9,1,,24.8
2016-04-14 17:00:00,21.756,110,30,0.004,0.400,0.083,0.008,22.9,,18,4.9,290,5,-2.7,994.9,1010.6,1,,21.1
2016-04-14 18:00:00,11.032,117,39,0.004,0.500,0.087,0.009,21.7,,19,3.7,290,4.9,-2.9,995.4,1011.2,.3,,18.2
2016-04-14 19:00:00,2.24,127,47,0.004,0.500,0.079,0.009,20,,24,1.9,320,5.6,-1.2,996.1,1012.1,0,,15.1
2016-04-14 20:00:00,0,121,39,0.003,0.500,0.064,0.011,18.1,,27,2.4,360,5.6,-1.2,997.1,1013.1,0,,13.2
2016-04-14 21:00:00,0,89,35,0.003,0.400,0.055,0.010,16.6,,31,2.8,340,5.8,-.6,997.6,1013.8,,,11.9
2016-04-14 22:00:00,0,73,31,0.002,0.300,0.053,0.009,15.6,,37,1.4,20,6.5,.9,999.1,1015.4,,,10.9
2016-04-14 23:00:00,0,69,24,0.002,0.300,0.049,0.009,13.2,,50,1.2,250,7.5,2.9,999.7,1016.1,,,10
2016-04-15 00:00:00,0,58,20,0.002,0.400,0.038,0.008,11.6,,59,1.4,360,8,3.8,1000,1016.6,,,9
2016-04-15 01:00:00,0,59,23,0.002,0.400,0.034,0.009,10,,66,.7,20,8.1,3.9,1000.8,1017.5,,,8
2016-04-15 02:00:00,0,51,21,0.002,0.300,0.036,0.007,9.2,,69,.4,0,8,3.7,1001.4,1018.1,,,7.3
2016-04-15 03:00:00,0,46,24,0.002,0.300,0.032,0.007,8.1,,74,.3,0,8,3.7,1001.6,1018.4,,,6.7
2016-04-15 04:00:00,0,39,13,0.002,0.300,0.025,0.007,7,,78,.5,360,7.8,3.4,1002,1018.9,,,6
2016-04-15 05:00:00,0,36,20,0.002,0.300,0.027,0.007,6.3,,82,.6,340,7.8,3.4,1002.5,1019.5,,,5.5
2016-04-15 06:00:00,0,34,15,0.002,0.300,0.025,0.006,5.3,,85,.4,0,7.5,2.9,1003.4,1020.4,0,,4.9
2016-04-15 07:00:00,0.288,37,16,0.002,0.300,0.021,0.009,6.2,,82,.3,0,7.7,3.3,1004.1,1021.1,.3,,6.9
2016-04-15 08:00:00,1.868,38,18,0.003,0.400,0.017,0.015,8.4,,71,.6,270,7.8,3.4,1004.8,1021.6,1,,13.6
2016-04-15 09:00:00,6.132,45,21,0.003,0.400,0.023,0.018,12.5,,57,.8,290,8.2,4.1,1005,1021.6,1,,20.3
2016-04-15 10:00:00,14.74,65,25,0.003,0.300,0.048,0.007,15.9,,42,2.8,50,7.5,2.9,1005,1021.4,1,,24.2
2016-04-15 11:00:00,22.668,74,23,0.003,0.400,0.052,0.007,17.6,,38,2.6,50,7.6,3,1004.6,1020.8,1,,27.7
2016-04-15 12:00:00,27.792,71,25,0.003,0.400,0.054,0.009,18.9,,35,3.2,70,7.6,3,1004.6,1020.7,1,,29.8
2016-04-15 13:00:00,30.46,67,26,0.003,0.400,0.061,0.008,20.3,,35,2.6,70,8.3,4.3,1003.5,1019.6,1,,31.2
2016-04-15 14:00:00,32.408,70,21,0.006,0.400,0.062,0.012,21,,31,3.2,70,7.7,3.2,1002.7,1018.7,1,,29.9
2016-04-15 15:00:00,31.92,66,26,0.010,0.400,0.062,0.018,21.2,,32,3.3,70,8,3.8,1002.2,1018.2,1,,28
2016-04-15 16:00:00,28.556,67,20,0.013,0.400,0.063,0.021,20.8,,31,3.8,70,7.6,3,1001.6,1017.6,1,,24.4
2016-04-15 17:00:00,21.604,59,21,0.014,0.400,0.059,0.023,19.6,,39,3.8,50,8.8,5.2,1001.6,1017.6,1,,20.4
2016-04-15 18:00:00,11.64,50,16,0.012,0.400,0.058,0.020,17.9,,41,4.2,70,8.4,4.4,1001.9,1018,1,,16.2
2016-04-15 19:00:00,2.148,51,19,0.010,0.400,0.054,0.020,16.2,,48,3.6,70,8.8,5.1,1002.5,1018.8,.4,,13.6
2016-04-15 20:00:00,0,44,15,0.007,0.300,0.048,0.015,14.8,,53,1.9,20,8.8,5.2,1002.7,1019.1,0,,12.2
2016-04-15 21:00:00,0,40,14,0.005,0.400,0.039,0.014,13.7,,57,2.3,70,8.9,5.3,1003.2,1019.6,,,11.2
2016-04-15 22:00:00,0,45,15,0.005,0.400,0.034,0.014,12.7,,60,1,140,8.8,5.1,1003.9,1020.4,,,10.3
2016-04-15 23:00:00,0,49,19,0.004,0.400,0.029,0.014,11.2,,67,1.2,110,8.8,5.2,1003.9,1020.6,,,9.2
2016-04-16 00:00:00,0,48,22,0.003,0.400,0.028,0.012,9.6,,77,.4,0,9.2,5.7,1004,1020.7,,,8.3
2016-04-16 01:00:00,0,43,16,0.003,0.400,0.025,0.011,8.6,,81,.1,0,9,5.5,1003.4,1020.2,,,7.4
2016-04-16 02:00:00,0,40,18,0.003,0.400,0.026,0.008,7.7,,86,.1,0,9,5.4,1002.9,1019.8,,,6.8
2016-04-16 03:00:00,0,38,18,0.003,0.400,0.022,0.009,6.9,,88,.1,0,8.7,5,1002.4,1019.3,,,6.1
2016-04-16 04:00:00,0,32,17,0.003,0.400,0.021,0.009,6.5,,90,.2,0,8.7,4.9,1001.8,1018.7,,,6
2016-04-16 05:00:00,0,35,14,0.003,0.400,0.019,0.008,6.2,,92,.4,0,8.7,4.9,1001.3,1018.2,,,5.7
2016-04-16 06:00:00,0,36,19,0.003,0.400,0.018,0.007,6,,92,.6,340,8.5,4.7,1001.3,1018.3,0,,6.3
2016-04-16 07:00:00,0.02,33,13,0.003,0.400,0.017,0.007,6.7,,92,.3,0,9,5.4,1001.1,1018,0,,8.2
2016-04-16 08:00:00,1.56,37,20,0.003,0.400,0.017,0.012,7.9,,87,.9,320,9.2,5.8,1001.1,1017.9,.1,,10.4
2016-04-16 09:00:00,4.284,46,24,0.004,0.500,0.016,0.015,9.4,,84,.6,290,9.9,6.8,1000.4,1017.1,0,,12.1
2016-04-16 10:00:00,6.996,43,19,0.004,0.500,0.019,0.017,11,,77,.5,230,10.1,7.1,999.8,1016.4,0,,15.9
2016-04-16 11:00:00,10.184,62,21,0.004,0.500,0.022,0.020,15.3,,55,1.4,180,9.5,6.2,998.9,1015.2,.2,,21
2016-04-16 12:00:00,10.24,66,28,0.004,0.300,0.050,0.010,16.3,,61,2.6,50,11.2,8.7,997.6,1013.8,.1,,19.1
2016-04-16 13:00:00,13.08,57,21,0.004,0.300,0.054,0.009,17.3,,58,3.6,70,11.4,8.9,995.9,1012,0,,20
2016-04-16 14:00:00,6.772,55,22,0.004,0.300,0.054,0.010,17.6,0,63,4.5,50,12.6,10.4,994.6,1010.6,0,,19.3
2016-04-16 15:00:00,2.732,48,18,0.004,0.300,0.054,0.009,17.2,,70,4.5,70,13.7,11.6,993,1009.1,0,,17.7
2016-04-16 16:00:00,0.996,54,23,0.003,0.300,0.053,0.008,16.5,0,75,5,50,14,12,991.4,1007.5,0,,16.1
2016-04-16 17:00:00,0.196,85,18,0.003,0.300,0.056,0.007,15.6,.4,79,5.3,50,13.9,11.9,989.9,1006.1,0,,15
2016-04-16 18:00:00,0.036,48,13,0.002,0.300,0.052,0.007,14.7,2.6,86,6.2,50,14.3,12.3,988.6,1004.8,0,,14.4
2016-04-16 19:00:00,0,30,11,0.002,0.300,0.056,0.006,14,7,90,3.5,70,14.3,12.3,987.4,1003.6,0,,13.9
2016-04-16 20:00:00,0,24,10,0.002,0.300,0.057,0.005,14.2,9.5,90,4.6,50,14.5,12.5,985.7,1001.8,0,,13.8
2016-04-16 21:00:00,0,17,6,0.002,0.300,0.055,0.005,14.4,9,90,6.2,50,14.7,12.7,984,1000.1,,,13.9
2016-04-16 22:00:00,0,12,5,0.003,0.400,0.050,0.008,15.2,8,90,6.2,50,15.5,13.5,981.9,998,,,14.3
2016-04-16 23:00:00,0,11,3,0.004,0.400,0.045,0.008,16.2,5.5,90,4.7,50,16.5,14.5,979.6,995.5,,,15.1
2016-04-17 00:00:00,0,24,3,0.003,0.300,0.041,0.006,18.7,3.5,87,5.5,50,18.6,16.4,976.4,992,,,16.5
2016-04-17 01:00:00,0,16,2,0.002,0.300,0.041,0.005,18.7,3,84,4.1,20,18.1,15.9,975.4,991,,,16.6
2016-04-17 02:00:00,0,10,3,0.002,0.300,0.037,0.006,19.9,2,68,4.3,200,15.8,13.8,974.5,990.2,,,16.2
2016-04-17 03:00:00,0,6,,0.002,0.300,0.054,0.004,17.2,0,55,4.8,270,10.7,8,975.8,991.6,,,14.5
2016-04-17 04:00:00,0,5,5,0.002,0.400,0.056,0.004,15.1,,54,8.3,270,9.2,5.8,976.5,992.5,,,12.2
2016-04-17 05:00:00,0,5,3,0.002,0.300,0.059,0.003,13.6,0,62,8.9,270,9.6,6.4,979.3,995.4,,,11.1
2016-04-17 06:00:00,0,6,4,0.002,0.300,0.061,0.003,12.9,0,61,7.9,270,9,5.5,983.3,999.5,0,,10.9
2016-04-17 07:00:00,0.016,12,7,0.002,0.300,0.061,0.003,12.2,,61,9.4,270,8.6,4.8,985.8,1002.1,0,,10.7
2016-04-17 08:00:00,2.264,18,12,0.002,0.300,0.063,0.003,11.9,,62,8,270,8.6,4.8,988,1004.3,.1,,12.2
2016-04-17 09:00:00,8.36,21,7,0.002,0.300,0.063,0.004,12.2,,60,6.6,290,8.5,4.6,988.9,1005.2,.3,,15.9
2016-04-17 10:00:00,18.86,24,6,0.002,0.300,0.061,0.004,12.6,,57,6.9,290,8.2,4.2,990.5,1006.8,.7,,16.7
2016-04-17 11:00:00,26.468,38,11,0.002,0.400,0.058,0.005,13.3,,52,7.8,290,7.9,3.6,992.1,1008.4,.6,,18.1
2016-04-17 12:00:00,31.084,42,11,0.002,0.400,0.057,0.005,13.9,,49,7.3,290,7.7,3.3,992.1,1008.3,1,,21.8
2016-04-17 13:00:00,34.688,56,22,0.002,0.400,0.055,0.005,15.4,,42,5.5,290,7.3,2.5,992.9,1009.1,1,,25.9
2016-04-17 14:00:00,35.756,57,20,0.002,0.300,0.052,0.005,15.8,,40,5.4,290,7.2,2.2,993,1009.2,1,,25.9
2016-04-17 15:00:00,34.096,71,26,0.002,0.300,0.051,0.005,15.9,,35,6.6,270,6.3,.4,994.1,1010.3,1,,24.5
2016-04-17 16:00:00,30.32,87,29,0.002,0.300,0.051,0.005,15.9,,31,5.7,290,5.6,-1.2,993.6,1009.8,1,,22.1
2016-04-17 17:00:00,23.648,70,21,0.003,0.300,0.052,0.005,15.5,,32,5.8,290,5.6,-1.1,993.9,1010.1,1,,18.2
2016-04-17 18:00:00,10.952,49,18,0.003,0.300,0.052,0.005,14.5,,28,5.7,320,4.6,-3.8,994.5,1010.7,1,,13.6
2016-04-17 19:00:00,2.6,51,22,0.003,0.300,0.052,0.005,13.4,,31,5.3,290,4.8,-3.4,995.4,1011.7,.5,,10.8
2016-04-17 20:00:00,0,52,15,0.003,0.300,0.052,0.006,12.9,,31,4.2,290,4.6,-3.8,996.6,1013,0,,10
2016-04-17 21:00:00,0,51,20,0.003,0.300,0.053,0.005,12.6,,28,4.4,290,4.1,-5.4,996.8,1013.2,,,9.3
2016-04-17 22:00:00,0,54,10,0.003,0.300,0.053,0.005,12,,27,2.4,290,3.8,-6.4,996.9,1013.4,,,8.6
2016-04-17 23:00:00,0,45,15,0.003,0.300,0.052,0.005,12.4,,22,4.8,290,3.2,-8.7,997.2,1013.7,,,8.4
2016-04-18 00:00:00,0,35,11,0.003,0.300,0.055,0.004,12.5,,20,4.7,290,2.9,-9.9,997.6,1014.1,,,8.1
2016-04-18 01:00:00,0,34,10,0.003,0.300,0.055,0.003,12.4,,21,4.9,270,3,-9.3,997.9,1014.4,,,7.8
2016-04-18 02:00:00,0,26,9,0.003,0.300,0.056,0.003,12.5,,22,4,290,3.2,-8.6,998,1014.5,,,7.8
2016-04-18 03:00:00,0,32,12,0.003,0.300,0.056,0.004,12,,24,3.8,320,3.4,-7.9,997.5,1014,,,7.7
2016-04-18 04:00:00,0,38,12,0.003,0.300,0.056,0.004,12.1,,23,3.9,290,3.2,-8.4,997.5,1014,,,7.5
2016-04-18 05:00:00,0,40,13,0.003,0.300,0.052,0.004,12.1,,23,3.2,290,3.2,-8.4,997.8,1014.3,,,7.4
2016-04-18 06:00:00,0,35,15,0.003,0.300,0.046,0.005,11.8,,25,3.2,340,3.5,-7.6,998.4,1014.9,0,,7.3
2016-04-18 07:00:00,0.108,36,11,0.003,0.300,0.043,0.008,10.9,,30,1.9,20,3.9,-6,998.7,1015.3,0,,7.9
2016-04-18 08:00:00,2.608,36,9,0.003,0.400,0.032,0.019,11.5,,31,2.7,360,4.2,-5,999.2,1015.8,0,,10.5
2016-04-18 09:00:00,6.912,45,17,0.003,0.400,0.041,0.012,12.7,,31,.8,70,4.5,-4,999.5,1016,0,,13.5
2016-04-18 10:00:00,11.392,48,15,0.003,0.300,0.049,0.009,14.9,,29,.8,320,4.9,-3,999.9,1016.3,.1,,18.4
2016-04-18 11:00:00,17.556,54,19,0.003,0.300,0.052,0.007,16.8,,24,2.6,340,4.6,-3.9,999.9,1016.1,.8,,25.1
2016-04-18 12:00:00,20.752,,14,0.004,0.300,0.059,0.006,17.5,,24,4.5,270,4.8,-3.3,999.2,1015.3,1,,28.1
2016-04-18 13:00:00,31.708,,13,0.004,0.300,0.062,0.006,18,,23,4.7,290,4.8,-3.4,998.7,1014.8,1,,28.2
2016-04-18 14:00:00,32.168,64,16,0.004,0.400,0.065,0.007,19,,25,4.9,290,5.5,-1.5,998.1,1014.1,1,,28.4
2016-04-18 15:00:00,28.776,,,0.003,0.400,0.067,0.007,18.8,,27,5.5,270,5.8,-.6,997.5,1013.5,1,,27.2
2016-04-18 16:00:00,23.2,,,,,,,18.7,,26,5.6,270,5.6,-1.2,997.5,1013.5,1,,23.7
2016-04-18 17:00:00,15.572,67,29,0.003,0.400,0.065,0.006,18.1,,30,6.1,270,6.2,.2,997.9,1013.9,1,,19.7
2016-04-18 18:00:00,11.952,79,37,0.003,0.400,0.063,0.007,16.8,,35,4.6,270,6.7,1.2,998.7,1014.9,.9,,16.1
2016-04-18 19:00:00,2.384,72,35,0.003,0.400,0.062,0.007,15.1,,44,2.1,340,7.5,2.9,998.6,1014.9,.4,,13.5
2016-04-18 20:00:00,0,76,34,0.003,0.300,0.062,0.005,14.5,,46,2.1,340,7.6,3,999.2,1015.5,0,,11.8
2016-04-18 21:00:00,0,60,24,0.003,0.300,0.060,0.004,13,,53,1.4,140,7.9,3.6,999.9,1016.3,,,11.2
2016-04-18 22:00:00,0,40,18,0.003,0.300,0.060,0.004,13.1,,55,1.6,250,8.2,4.2,1000.3,1016.7,,,11.2
2016-04-18 23:00:00,0,33,13,0.003,0.300,0.063,0.004,14.2,,54,5.5,290,8.7,5,1000.9,1017.3,,,11.3
2016-04-19 00:00:00,0,43,20,0.003,0.400,0.065,0.005,12.8,0,62,3.5,320,9.1,5.6,1001.7,1018.2,,,10.9
2016-04-19 01:00:00,0,62,25,0.003,0.400,0.063,0.005,12.3,,59,4.3,320,8.4,4.5,1001.8,1018.3,,,10
2016-04-19 02:00:00,0,82,36,0.003,0.400,0.060,0.005,11.5,,47,1.9,290,6.3,.5,1002,1018.6,,,8.2
2016-04-19 03:00:00,0,77,42,0.003,0.400,0.057,0.005,11.5,,42,3,320,5.7,-.9,1002.4,1019,,,7.3
2016-04-19 04:00:00,0,73,34,0.003,0.300,0.057,0.004,10.6,,47,2.2,320,6,-.2,1003.1,1019.8,,,6.6
2016-04-19 05:00:00,0,48,22,0.003,0.300,0.057,0.004,10.3,,43,2.1,320,5.4,-1.7,1003.4,1020.1,,,5.9
2016-04-19 06:00:00,0,40,18,0.003,0.300,0.050,0.005,9.6,,46,2.3,340,5.5,-1.4,1004.1,1020.8,0,,5.5
2016-04-19 07:00:00,0.28,44,15,0.002,0.400,0.041,0.007,10.9,,40,3.2,340,5.2,-2.1,1005.1,1021.8,.5,,7.8
2016-04-19 08:00:00,1.268,45,15,0.003,0.300,0.043,0.010,12.1,,40,3.4,360,5.6,-1.1,1005.7,1022.3,1,,14.2
2016-04-19 09:00:00,5.956,46,19,0.003,0.300,0.057,0.005,12.8,,47,2.7,20,6.9,1.7,1006.4,1023,1,,19.9
2016-04-19 10:00:00,15.32,38,15,0.003,0.300,0.056,0.004,14,,40,3.4,20,6.3,.5,1006.6,1023.1,1,,24.1
2016-04-19 11:00:00,23.156,43,14,0.003,0.300,0.056,0.005,15.7,,34,2.9,20,6.1,-.1,1006.9,1023.3,1,,27.8
2016-04-19 12:00:00,29.02,44,22,0.005,0.400,0.053,0.011,18.2,,20,2.9,320,4.2,-5.1,1006.5,1022.7,1,,30.9
2016-04-19 13:00:00,31.964,49,14,0.007,0.500,0.052,0.014,19.1,,18,3.5,340,4,-5.8,1006.1,1022.2,1,,31.5
2016-04-19 14:00:00,33.268,49,15,0.012,0.800,0.053,0.019,20.3,,19,2.7,360,4.5,-4.1,1005.4,1021.5,1,,31.6
2016-04-19 15:00:00,32.232,56,22,0.014,0.800,0.054,0.021,21.5,,15,1.3,360,3.8,-6.2,1004.9,1020.9,1,,30.8
2016-04-19 16:00:00,29.16,53,14,0.017,0.600,0.054,0.030,21.2,,15,2.6,90,3.8,-6.5,1004.4,1020.4,1,,27.3
2016-04-19 17:00:00,22.452,52,16,0.012,0.700,0.067,0.020,20.2,,24,2.8,70,5.7,-1,1004.6,1020.7,1,,22.6
2016-04-19 18:00:00,12.604,55,24,0.023,1.400,0.054,0.030,18.3,,28,2.8,70,5.9,-.5,1005,1021.1,1,,16.9
2016-04-19 19:00:00,2.748,74,22,0.022,1.100,0.048,0.030,15.9,,36,2.2,50,6.5,.8,1005.6,1022,.6,,13.5
2016-04-19 20:00:00,0,73,25,0.015,0.900,0.040,0.028,14.6,,41,2.1,70,6.8,1.4,1005.8,1022.2,0,,11.8
2016-04-19 21:00:00,0,68,25,0.010,0.600,0.039,0.025,13.6,,46,1.9,70,7.1,2.1,1006.7,1023.2,,,10.7
2016-04-19 22:00:00,0,54,23,0.009,0.800,0.031,0.022,11.3,,59,1.3,250,7.8,3.5,1007.3,1024,,,9.8
2016-04-19 23:00:00,0,58,24,0.007,0.700,0.024,0.025,10.4,,63,0,0,7.9,3.6,1007.3,1024.1,,,9
2016-04-20 00:00:00,0,56,23,0.006,0.800,0.025,0.018,9.1,,71,.6,70,8.2,4.1,1007.4,1024.2,,,8.2
2016-04-20 01:00:00,0,47,26,0.005,0.800,0.023,0.015,8.3,,76,.3,0,8.3,4.3,1007.6,1024.5,,,7.5
2016-04-20 02:00:00,0,44,25,0.004,0.700,0.021,0.015,7.5,,80,.5,320,8.2,4.2,1007.2,1024.1,,,6.9
2016-04-20 03:00:00,0,43,27,0.004,0.700,0.019,0.012,6.4,,86,.5,360,8.2,4.2,1006.6,1023.6,,,6.4
2016-04-20 04:00:00,0,46,28,0.003,0.700,0.018,0.012,6.8,,84,.3,0,8.2,4.2,1006.5,1023.5,,,7.2
2016-04-20 05:00:00,0,50,19,0.003,0.700,0.017,0.011,6.4,,86,.5,140,8.2,4.2,1006.2,1023.2,,,7.1
2016-04-20 06:00:00,0,45,24,0.003,0.700,0.016,0.012,6.8,,85,.9,290,8.4,4.4,1006.2,1023.2,0,,7.5
2016-04-20 07:00:00,0.496,47,20,0.003,0.700,0.016,0.012,7.5,,82,1.6,160,8.5,4.6,1006.8,1023.7,0,,9.2
2016-04-20 08:00:00,2.632,53,27,0.004,0.700,0.017,0.015,10.2,,72,.9,360,8.9,5.3,1006.5,1023.3,.7,,15.6
2016-04-20 09:00:00,6.476,53,26,0.006,0.800,0.026,0.017,11.7,,64,1.3,290,8.8,5.1,1006.3,1023,.9,,18.4
2016-04-20 10:00:00,14.828,68,27,0.009,0.800,0.046,0.016,15,,53,2.1,70,9,5.4,1005.9,1022.4,.8,,25.3
2016-04-20 11:00:00,21.492,68,31,0.025,2.100,0.074,0.017,17.9,,33,3.2,90,6.7,1.3,1005.5,1021.7,1,,28.3
2016-04-20 12:00:00,24.044,65,27,0.020,1.500,0.065,0.018,18.6,,34,2.8,50,7.3,2.4,1004.7,1020.8,.6,,24.6
2016-04-20 13:00:00,29.192,53,15,0.013,0.700,0.065,0.015,18.4,,27,4,90,5.7,-.9,1003,1019.1,0,,20.9
2016-04-20 14:00:00,21.944,43,12,0.015,0.500,0.061,0.021,19.4,,25,4,70,5.6,-1.1,1002.6,1018.6,.1,,21.2
2016-04-20 15:00:00,12.604,47,16,0.020,0.400,0.053,0.030,19.3,,30,3.5,50,6.7,1.2,1001,1017,.1,,20.3
2016-04-20 16:00:00,17.164,58,19,0.018,0.400,0.056,0.024,20.3,,32,3,20,7.6,3,1000.2,1016.2,.9,,24.4
2016-04-20 17:00:00,8.412,52,16,0.011,0.600,0.062,0.020,18.6,,35,3.9,50,7.5,2.8,1000,1016,.4,,19
2016-04-20 18:00:00,4.012,67,24,0.017,0.800,0.053,0.030,17,,45,4.3,70,8.7,4.9,1000,1016.2,0,,15.9
2016-04-20 19:00:00,0.54,70,31,0.010,0.600,0.060,0.019,15.7,,50,6.5,90,8.8,5.2,1000.4,1016.7,0,,13.3
2016-04-20 20:00:00,0,52,23,0.008,0.500,0.059,0.015,14.7,,58,3,50,9.7,6.5,999.1,1015.5,0,,12.6
2016-04-20 21:00:00,0,49,21,0.009,0.600,0.047,0.018,14.4,,63,3.8,90,10.3,7.4,999.9,1016.2,,,12.3
2016-04-20 22:00:00,0,59,30,0.007,0.600,0.043,0.015,14.5,,61,6.1,70,10,7,999.8,1016.1,,,12.2
2016-04-20 23:00:00,0,49,31,0.007,0.600,0.038,0.016,14.7,,60,2.7,20,10,7,999.3,1015.7,,,12.2
2016-04-21 00:00:00,0,58,31,0.007,0.600,0.042,0.012,14.3,,57,2.1,50,9.2,5.8,998.9,1015.2,,,12.2
2016-04-21 01:00:00,0,61,25,0.007,0.600,0.045,0.011,14,,59,1.1,160,9.4,6.1,998,1014.3,,,12.2
2016-04-21 02:00:00,0,56,27,0.006,0.600,0.042,0.011,11.9,.7,83,1.3,320,11.5,9,996.1,1012.6,,,12.2
2016-04-21 03:00:00,0,50,23,0.005,0.500,0.045,0.009,11.2,3.3,90,1.1,230,11.9,9.6,994.7,1011.2,,,12
2016-04-21 04:00:00,0,44,22,0.004,0.400,0.046,0.007,11.7,3.5,92,1.7,360,12.6,10.4,992.8,1009.2,,,12.1
2016-04-21 05:00:00,0,34,18,0.003,0.400,0.045,0.007,12.2,4.5,92,3.2,50,13,10.9,991.5,1007.9,,,12.2
2016-04-21 06:00:00,0,38,20,0.003,0.400,0.045,0.007,12.3,4.5,92,3.3,50,13.1,11,990.3,1006.6,0,,12.4
2016-04-21 07:00:00,0,25,16,0.003,0.300,0.045,0.008,12.9,4,92,4.1,50,13.7,11.6,989.4,1005.7,0,,12.9
2016-04-21 08:00:00,0,19,11,0.003,0.300,0.041,0.011,13.1,4.5,92,5.2,50,13.8,11.8,988.5,1004.8,0,,13.7
2016-04-21 09:00:00,0.056,13,8,0.003,0.400,0.038,0.017,13.8,2,90,5.5,50,14.1,12.1,987.6,1003.8,0,,14.3
2016-04-21 10:00:00,1.008,,,,,,,14.2,1.5,88,3.1,70,14.2,12.2,986.8,1002.9,0,,15.2
2016-04-21 11:00:00,2.196,,,,,,,14.4,.5,88,3.2,50,14.4,12.4,986.2,1002.3,0,,15.9
2016-04-21 12:00:00,1.716,,,0.003,0.300,0.034,0.012,14.8,0,89,1.4,50,14.9,12.9,986.2,1002.4,0,,17.7
2016-04-21 13:00:00,4.504,12,6,0.002,0.200,0.037,0.007,14.7,,90,1.7,340,15,13,985.8,1002,0,,17.4
2016-04-21 14:00:00,3.32,8,,0.002,0.200,0.040,0.008,15.4,,88,1.8,340,15.4,13.4,985.7,1001.8,0,,19.5
2016-04-21 15:00:00,3.324,11,8,0.002,0.200,0.038,0.009,16,,84,2.1,320,15.2,13.2,985.8,1001.8,0,,19.1
2016-04-21 16:00:00,18.528,17,4,0.003,0.300,0.037,0.009,17.4,,80,2.1,340,15.9,13.9,985.4,1001.3,.1,,19.8
2016-04-21 17:00:00,12.572,18,9,0.003,0.400,0.032,0.013,18.4,,69,5.2,270,14.6,12.6,986.2,1002,0,,18.4
2016-04-21 18:00:00,4.16,22,14,0.003,0.300,0.030,0.011,18.5,,66,4,290,14,12,987.2,1003,.4,,18.4
2016-04-21 19:00:00,2.288,19,12,0.002,0.300,0.033,0.011,17.3,,70,2.9,320,13.7,11.7,987.9,1003.9,0,,16.7
2016-04-21 20:00:00,0,15,8,0.002,0.300,0.034,0.011,16.4,,75,2.5,340,13.9,11.9,989.1,1005.2,0,,15.4
2016-04-21 21:00:00,0,13,10,0.002,0.300,0.031,0.009,15.9,,76,1.7,20,13.7,11.6,989.5,1005.6,,,14
2016-04-21 22:00:00,0,17,14,0.002,0.300,0.024,0.012,14.4,,84,1.9,250,13.7,11.7,990.8,1007,,,12.9
2016-04-21 23:00:00,0,19,14,0.002,0.300,0.018,0.009,14.4,,84,1.3,270,13.7,11.7,991.4,1007.6,,,13.8
2016-04-22 00:00:00,0,18,16,0.002,0.300,0.017,0.007,16.3,,74,2,290,13.7,11.6,991.8,1007.9,,,14.1
2016-04-22 01:00:00,0,19,15,0.002,0.300,0.019,0.006,15.2,,78,1.8,360,13.4,11.3,992,1008.2,,,12.5
2016-04-22 02:00:00,0,21,12,0.002,0.300,0.015,0.006,14.3,,78,1.1,20,12.7,10.5,992,1008.2,,,11.3
2016-04-22 03:00:00,0,16,9,0.002,0.300,0.012,0.006,13.1,,83,1.3,250,12.4,10.2,992,1008.3,,,10.5
2016-04-22 04:00:00,0,16,8,0.002,0.300,0.012,0.005,11.3,,89,.3,0,11.9,9.5,991.9,1008.4,,,9.4
2016-04-22 05:00:00,0,14,5,0.002,0.200,0.012,0.006,10.2,,90,.6,250,11.2,8.6,992.8,1009.4,,,8.7
2016-04-22 06:00:00,0,11,4,0.002,0.200,0.011,0.006,10.1,,92,0,0,11.3,8.8,993.2,1009.8,0,,8.2
2016-04-22 07:00:00,0.988,8,3,0.002,0.300,0.009,0.008,10.2,,92,.1,0,11.4,8.9,993.7,1010.3,.6,,10.1
2016-04-22 08:00:00,3.156,9,6,0.002,0.300,0.010,0.008,12.9,,83,.9,290,12.3,10,993.8,1010.2,1,,17.3
2016-04-22 09:00:00,6.48,13,5,0.002,0.200,0.020,0.008,16,,68,1,270,12.3,10,994,1010.2,1,,23.6
2016-04-22 10:00:00,14.496,26,4,0.003,0.300,0.037,0.006,17.4,,62,1.1,290,12.3,10,994.3,1010.4,1,,25.8
2016-04-22 11:00:00,19.484,27,9,0.004,0.300,0.036,0.008,19.6,,52,.9,200,11.8,9.4,994.1,1009.9,.9,,29.6
2016-04-22 12:00:00,25.452,38,,0.008,0.600,0.032,0.014,21.8,,45,1.3,360,11.7,9.3,993.6,1009.4,1,,33.5
2016-04-22 13:00:00,28.944,52,,0.012,0.700,0.033,0.023,23.9,,33,1.7,50,9.7,6.6,992.9,1008.5,1,,34.6
2016-04-22 14:00:00,30.604,,,0.016,0.700,0.042,0.027,24.9,,32,2.1,50,10,7,992.1,1007.7,1,,33.7
2016-04-22 15:00:00,30.744,,,0.013,0.500,0.056,0.022,26.6,,14,2.7,320,4.9,-3.1,991.7,1007.2,1,,32.9
2016-04-22 16:00:00,27.2,103,,0.011,0.500,0.046,0.022,26.2,,18,3.4,290,6.1,0,991.4,1006.9,1,,28.9
2016-04-22 17:00:00,18.212,84,38,0.013,0.600,0.045,0.023,25.5,,19,4.2,270,6.2,.1,991.6,1007.2,1,,24.6
2016-04-22 18:00:00,9.148,73,32,0.014,0.600,0.045,0.027,24.5,,20,4.6,270,6.1,0,992.1,1007.6,1,,20.6
2016-04-22 19:00:00,1.56,81,41,0.012,0.600,0.045,0.030,22.7,,20,3.7,270,5.5,-1.4,992.9,1008.6,.2,,17.2
2016-04-22 20:00:00,0,94,52,0.006,0.400,0.048,0.017,21.7,,18,2.1,290,4.7,-3.6,993.4,1009.2,0,,15.2
2016-04-22 21:00:00,0,70,42,0.004,0.300,0.049,0.013,18.6,,29,.5,70,6.2,.1,993.9,1009.8,,,14.3
2016-04-22 22:00:00,0,66,43,0.004,0.400,0.041,0.013,19.5,,33,2.3,50,7.4,2.7,994,1009.9,,,13.7
2016-04-22 23:00:00,0,66,41,0.003,0.300,0.036,0.015,18.8,,45,2.1,20,9.7,6.6,993.9,1009.8,,,13.5
2016-04-23 00:00:00,0,63,42,0.003,0.300,0.036,0.015,16.7,,53,.8,290,10,7,993.9,1010,,,13.5
2016-04-23 01:00:00,0,63,43,0.003,0.300,0.035,0.013,17.7,,63,2.3,20,12.7,10.5,994.1,1010.1,,,13.6
2016-04-23 02:00:00,0,67,41,0.003,0.300,0.043,0.008,18.3,,66,3.2,20,13.8,11.8,994.4,1010.4,,,14.6
2016-04-23 03:00:00,0,79,52,0.003,0.400,0.037,0.007,18.2,,67,2.9,360,13.9,11.9,994.3,1010.3,,,14.8
2016-04-23 04:00:00,0,76,50,0.003,0.400,0.039,0.007,17.4,,65,2.7,20,12.9,10.7,994.7,1010.8,,,14.1
2016-04-23 05:00:00,0,86,52,0.003,0.400,0.039,0.007,16.7,,66,2.5,340,12.5,10.3,994.9,1011,,,13.6
2016-04-23 06:00:00,0,92,56,0.003,0.400,0.038,0.008,15.5,,66,2.4,340,11.6,9.1,995.8,1012.1,0,,13
2016-04-23 07:00:00,0.3,97,63,0.003,0.400,0.040,0.008,15,,61,.7,250,10.4,7.5,996.7,1013,0,,13.8
2016-04-23 08:00:00,1.08,105,73,0.003,0.500,0.048,0.012,15.5,,47,1.3,50,8.2,4.2,997.5,1013.8,0,,14.8
2016-04-23 09:00:00,2.852,134,79,0.003,0.500,0.047,0.011,15.5,,41,1.5,320,7.2,2.2,997.6,1013.9,0,,15.6
2016-04-23 10:00:00,4.236,147,83,0.003,0.400,0.047,0.007,16.1,,35,1,20,6.4,.6,997.5,1013.7,0,,16.5
2016-04-23 11:00:00,5.34,174,64,0.003,0.300,0.045,0.007,16.3,,43,1.1,180,7.9,3.6,997.7,1013.9,0,,18.1
2016-04-23 12:00:00,9.592,193,64,0.003,0.300,0.043,0.010,17.6,,28,.1,0,5.6,-1.1,997.2,1013.3,0,,20.4
2016-04-23 13:00:00,11.288,192,55,0.003,0.200,0.048,0.005,19.1,,22,.5,160,4.9,-3.1,996.9,1012.8,0,,22.3
2016-04-23 14:00:00,16.316,179,35,0.003,0.200,0.049,0.005,19.9,,17,2.4,250,3.9,-5.9,996.1,1012.1,.8,,26.9
2016-04-23 15:00:00,15.92,191,39,0.002,0.200,0.051,0.005,20.3,,17,1.9,90,4.1,-5.5,995.7,1011.7,.5,,24.3
2016-04-23 16:00:00,13.584,183,45,0.003,0.200,0.051,0.007,20.4,,14,1.5,90,3.3,-8,995,1010.9,0,,22.9
2016-04-23 17:00:00,4.752,191,42,0.008,0.300,0.043,0.020,18.9,,22,2,90,4.8,-3.3,995.1,1011,0,,18.7
2016-04-23 18:00:00,1.336,218,53,0.006,0.300,0.041,0.020,18.1,,26,1.7,50,5.4,-1.7,995.6,1011.6,0,,16.5
2016-04-23 19:00:00,0.356,225,55,0.005,0.300,0.035,0.020,16.7,,30,1.3,110,5.7,-.9,996,1012.1,0,,15.1
2016-04-23 20:00:00,0,214,53,0.006,0.400,0.034,0.020,15.4,,40,.2,0,7,1.8,996.3,1012.6,0,,14.4
2016-04-23 21:00:00,0,206,57,0.006,0.400,0.024,0.024,14.3,,52,.8,90,8.4,4.5,996.5,1012.8,,,13.9
2016-04-23 22:00:00,0,176,54,0.005,0.400,0.022,0.018,13.9,,57,.4,0,9,5.5,996.9,1013.2,,,13.4
2016-04-23 23:00:00,0,173,55,0.005,0.400,0.018,0.020,13.1,,62,1,320,9.3,5.9,996.9,1013.3,,,13
2016-04-24 00:00:00,0,163,56,0.004,0.400,0.017,0.017,13.1,,60,1,230,9,5.4,996.9,1013.3,,,12.6
2016-04-24 01:00:00,0,150,59,0.004,0.400,0.016,0.015,15.2,,41,1.6,340,7.1,2,997.1,1013.4,,,12
2016-04-24 02:00:00,0,143,57,0.004,0.400,0.015,0.013,15.1,,33,3,360,5.7,-1,997.4,1013.7,,,10.1
2016-04-24 03:00:00,0,137,55,0.003,0.400,0.016,0.012,12.9,,43,.9,290,6.4,.6,997.7,1014.1,,,8.9
2016-04-24 04:00:00,0,124,49,0.003,0.400,0.016,0.011,11.1,,50,1.1,250,6.6,1,997.6,1014.2,,,8.3
2016-04-24 05:00:00,0,107,47,0.003,0.300,0.018,0.009,10,,47,1.2,270,5.8,-.8,998.1,1014.8,,,7.4
2016-04-24 06:00:00,0,116,48,0.003,0.300,0.021,0.009,8.8,,52,1.6,230,5.9,-.5,998.4,1015.1,0,,7.3
2016-04-24 07:00:00,0.804,110,37,0.003,0.300,0.020,0.009,8.7,,62,.7,360,7,1.8,998.9,1015.6,0,,9.3
2016-04-24 08:00:00,3.78,104,38,0.003,0.300,0.021,0.010,10.4,,55,.7,270,6.9,1.7,999.2,1015.8,.1,,12.8
2016-04-24 09:00:00,7.244,97,32,0.003,0.300,0.025,0.012,13.2,,46,.7,290,7,1.8,999.1,1015.5,.9,,20.1
2016-04-24 10:00:00,14.836,123,41,0.003,0.300,0.042,0.007,16.9,,18,.8,360,3.5,-7.6,998.8,1015,1,,26.4
2016-04-24 11:00:00,22.424,191,48,0.003,0.200,0.055,0.005,19.2,,21,1.4,270,4.7,-3.6,998.6,1014.6,1,,30.8
2016-04-24 12:00:00,28.344,210,50,0.003,0.300,0.058,0.006,20.1,,17,2.6,90,4,-5.7,998,1014,1,,29.3
2016-04-24 13:00:00,28.592,207,46,0.003,0.200,0.062,0.006,20.9,,18,2.2,90,4.4,-4.3,997.4,1013.3,1,,30.2
2016-04-24 14:00:00,30.404,191,42,0.003,0.200,0.065,0.006,22.2,,17,2.9,70,4.5,-4,996.8,1012.6,1,,31.5
2016-04-24 15:00:00,29.412,190,41,0.005,0.300,0.062,0.012,23.4,,18,2.2,250,5.2,-2.2,996.6,1012.3,1,,31
2016-04-24 16:00:00,26.9,198,42,0.007,0.300,0.062,0.016,23.1,,17,2.3,20,4.8,-3.3,996.4,1012.1,1,,28.4
2016-04-24 17:00:00,20.096,214,43,0.008,0.300,0.068,0.013,22.6,,18,1.9,50,4.9,-2.9,996.4,1012.2,1,,24.1
2016-04-24 18:00:00,11.072,206,40,0.007,0.300,0.065,0.013,20.4,,26,3.4,50,6.2,.2,996.6,1012.6,1,,18.8
2016-04-24 19:00:00,2.632,193,40,0.011,0.300,0.053,0.028,18.3,,32,4,50,6.7,1.2,997.4,1013.4,.3,,14.8
2016-04-24 20:00:00,0,172,42,0.013,0.300,0.041,0.035,16.7,,40,3.6,50,7.6,3,998.6,1014.8,0,,13.1
2016-04-24 21:00:00,0,164,44,0.007,0.300,0.044,0.018,15.8,,44,3.4,50,7.8,3.5,999.6,1015.9,,,12.2
2016-04-24 22:00:00,0,153,47,0.007,0.300,0.033,0.021,15,,47,1,360,8,3.7,1000.5,1016.9,,,11.7
2016-04-24 23:00:00,0,144,47,0.006,0.300,0.027,0.023,12.7,,59,.5,250,8.6,4.8,1000.5,1017,,,10.9
2016-04-25 00:00:00,0,130,44,0.005,0.300,0.027,0.017,11.6,,65,.2,0,8.8,5.2,1000.6,1017.2,,,10.1
2016-04-25 01:00:00,0,123,41,0.005,0.400,0.028,0.014,10.6,,68,.2,0,8.7,4.9,1000.8,1017.5,,,9.5
2016-04-25 02:00:00,0,120,46,0.005,0.400,0.028,0.013,9.9,,75,.2,0,9.1,5.6,1001,1017.7,,,9.1
2016-04-25 03:00:00,0,112,47,0.004,0.400,0.027,0.012,9.1,,80,.4,0,9.2,5.8,1001,1017.7,,,8.7
2016-04-25 04:00:00,0,112,46,0.004,0.400,0.027,0.011,8.4,,80,.6,320,8.8,5.1,1001,1017.8,,,8.3
2016-04-25 05:00:00,0,104,47,0.005,0.400,0.028,0.010,8.1,,84,.7,340,9,5.5,1001.5,1018.3,,,8.2
2016-04-25 06:00:00,0,104,40,0.004,0.300,0.025,0.010,7.7,,85,.2,0,8.9,5.3,1002.1,1018.9,0,,7.9
2016-04-25 07:00:00,0.644,98,43,0.004,0.300,0.023,0.010,8.7,,82,.7,360,9.2,5.7,1002.4,1019.2,.2,,10.4
2016-04-25 08:00:00,2.98,96,44,0.004,0.400,0.025,0.014,11.2,,72,.7,320,9.5,6.3,1002.7,1019.3,.5,,15.1
2016-04-25 09:00:00,7.184,105,45,0.005,0.400,0.031,0.017,14.1,,55,1.1,290,8.8,5.1,1002.5,1018.9,1,,22
2016-04-25 10:00:00,14.308,116,43,0.005,0.300,0.050,0.012,17.9,,45,1,290,9.2,5.7,1002.3,1018.4,1,,27.7
2016-04-25 11:00:00,21.52,136,35,0.005,0.300,0.062,0.009,20.9,,34,1,340,8.4,4.4,1001.7,1017.7,1,,31.9
2016-04-25 12:00:00,27.816,,41,0.004,0.300,0.070,0.007,22.5,,24,2.1,50,6.5,.9,1001.1,1016.9,1,,33
2016-04-25 13:00:00,30.164,,31,0.003,0.300,0.070,0.006,24,,21,2.4,230,6.2,.3,1000.5,1016.2,1,,35.1
2016-04-25 14:00:00,31.132,121,34,0.003,0.200,0.070,0.006,25.2,,17,2.4,110,5.4,-1.6,999.9,1015.6,1,,34.1
2016-04-25 15:00:00,29.156,117,29,0.003,0.200,0.070,0.007,25.2,,14,3.2,250,4.5,-4.2,999.5,1015.2,1,,32.6
2016-04-25 16:00:00,26.956,104,29,0.006,0.200,0.068,0.014,26,,15,2.7,230,5,-2.6,999.1,1014.8,1,,29.7
2016-04-25 17:00:00,22.088,114,33,0.009,0.300,0.063,0.020,26.2,,15,1.3,70,5.1,-2.5,998.9,1014.6,1,,26.5
2016-04-25 18:00:00,12.536,123,30,0.008,0.300,0.061,0.018,24.6,,19,1.7,110,5.9,-.5,999.2,1014.8,1,,21.4
2016-04-25 19:00:00,2.628,101,26,0.007,0.200,0.056,0.016,21.5,,28,2.1,70,7.2,2.2,999.7,1015.6,.6,,17.4
2016-04-25 20:00:00,0,89,21,0.007,0.200,0.051,0.014,19.3,,31,1.5,20,6.9,1.7,1000.2,1016.2,0,,15
2016-04-25 21:00:00,0,86,24,0.007,0.300,0.040,0.018,17.3,,37,.9,180,7.3,2.4,1000.9,1017.1,,,13.7
2016-04-25 22:00:00,0,80,27,0.006,0.300,0.034,0.017,14.6,,55,.5,320,9.1,5.6,1001.2,1017.5,,,12.4
2016-04-25 23:00:00,0,73,29,0.005,0.300,0.027,0.019,13.3,,60,0,0,9.1,5.6,1001.2,1017.6,,,11.3
2016-04-26 00:00:00,0,72,30,0.005,0.300,0.024,0.016,12,,68,0,0,9.5,6.2,1001.6,1018.2,,,10.5
2016-04-26 01:00:00,0,68,35,0.005,0.300,0.023,0.014,10.7,,75,.4,0,9.6,6.4,1001.6,1018.3,,,9.6
2016-04-26 02:00:00,0,73,34,0.004,0.400,0.021,0.013,9.7,,77,.2,0,9.2,5.8,1001.2,1017.9,,,8.9
2016-04-26 03:00:00,0,65,36,0.004,0.400,0.020,0.012,9.2,,82,.3,0,9.5,6.2,1001.2,1017.9,,,8.4
2016-04-26 04:00:00,0,63,34,0.004,0.400,0.018,0.011,8.5,,84,.9,340,9.3,5.9,1000.6,1017.4,,,8
2016-04-26 05:00:00,0,67,31,0.004,0.400,0.019,0.010,8,,87,.5,250,9.3,5.9,1000.5,1017.3,,,7.3
2016-04-26 06:00:00,0,64,34,0.003,0.400,0.017,0.010,7.5,,88,.5,250,9.1,5.6,1000.9,1017.7,0,,7.1
2016-04-26 07:00:00,0.712,61,36,0.003,0.400,0.019,0.011,9.1,,84,.5,360,9.7,6.5,1001.1,1017.8,.6,,9.8
2016-04-26 08:00:00,2.24,64,35,0.004,0.400,0.024,0.013,12.4,,70,.5,250,10,7,1001.1,1017.6,1,,16.6
2016-04-26 09:00:00,7.092,74,39,0.005,0.400,0.032,0.015,15.8,,56,.6,270,10,7,1000.5,1016.8,1,,24
2016-04-26 10:00:00,13.956,87,35,0.005,0.400,0.039,0.015,20.3,,42,1.3,290,9.9,6.9,1000.2,1016.2,1,,29.4
2016-04-26 11:00:00,20.84,94,36,0.006,0.300,0.054,0.012,23.1,,21,1.9,50,5.9,-.4,999.6,1015.4,1,,31.1
2016-04-26 12:00:00,25.768,92,28,0.006,0.200,0.063,0.006,25,,18,1.6,320,5.7,-.9,999.2,1014.9,1,,33.6
2016-04-26 13:00:00,26.916,63,16,0.011,0.200,0.058,0.005,24.8,,17,2.2,50,5.3,-1.9,998.2,1013.9,1,,31.4
2016-04-26 14:00:00,21.288,44,20,0.008,0.200,0.061,0.009,25.3,,24,2.1,360,7.7,3.2,997.6,1013.3,1,,31.7
2016-04-26 15:00:00,7.196,67,18,0.014,0.300,0.053,0.020,24.6,,36,2.2,70,11.1,8.5,997.3,1012.9,.5,,28.7
2016-04-26 16:00:00,3.112,46,13,0.016,0.300,0.049,0.027,23.7,,42,2.3,50,12.3,10,997,1012.7,.1,,25.9
2016-04-26 17:00:00,1.272,41,16,0.009,0.300,0.052,0.022,22.9,,45,3.5,70,12.5,10.3,997,1012.7,0,,22.8
2016-04-26 18:00:00,0.828,53,15,0.008,0.300,0.054,0.021,21.5,,49,3.3,50,12.5,10.3,997.1,1013,0,,20.3
2016-04-26 19:00:00,0.124,65,24,0.006,0.300,0.052,0.018,20.6,,49,3.3,50,11.9,9.5,997.5,1013.5,0,,18.2
2016-04-26 20:00:00,0,52,26,0.004,0.300,0.047,0.016,19.7,,51,2.8,50,11.6,9.2,997.4,1013.4,0,,17.2
2016-04-26 21:00:00,0,37,23,0.004,0.300,0.039,0.016,19,,55,1.6,70,12,9.7,997.9,1013.9,,,16.9
2016-04-26 22:00:00,0,48,27,0.003,0.300,0.039,0.012,18.8,,55,.8,20,11.9,9.5,997.7,1013.7,,,16.8
2016-04-26 23:00:00,0,49,26,0.003,0.300,0.031,0.013,17.5,0,65,1.1,340,12.9,10.8,997.6,1013.7,,,16.3
2016-04-27 00:00:00,0,49,32,0.003,0.300,0.028,0.010,16.4,.2,66,1.4,140,12.3,10,997.8,1014,,,15.5
2016-04-27 01:00:00,0,39,27,0.003,0.300,0.038,0.009,14,1,73,2.1,70,11.6,9.2,997.9,1014.2,,,14.3
2016-04-27 02:00:00,0,50,28,0.003,0.300,0.046,0.007,12.6,1,88,.9,50,12.8,10.6,997.2,1013.6,,,14.2
2016-04-27 03:00:00,0,50,25,0.003,0.300,0.046,0.006,12.2,1,89,.6,360,12.6,10.4,996.6,1013.1,,,13.9
2016-04-27 04:00:00,0,42,23,0.003,0.200,0.049,0.005,12.1,1,90,.9,360,12.7,10.5,996.3,1012.8,,,13.7
2016-04-27 05:00:00,0,39,27,0.003,0.200,0.052,0.004,11.7,1,89,1.8,290,12.2,9.9,995.7,1012.2,,,13.3
2016-04-27 06:00:00,0,28,16,0.002,0.200,0.054,0.004,11.3,.5,88,1.9,290,11.7,9.3,994.9,1011.4,0,,13.1
2016-04-27 07:00:00,0,15,12,0.002,0.200,0.051,0.005,11.5,1,89,1,320,12,9.7,994.5,1011,0,,13.5
2016-04-27 08:00:00,0,15,,0.002,0.200,0.046,0.006,11.4,2,91,.5,320,12.2,9.9,994.7,1011.2,0,,13.4
2016-04-27 09:00:00,0,21,13,0.002,0.200,0.045,0.006,11.6,4.5,92,.9,90,12.5,10.3,994.2,1010.7,0,,13.7
2016-04-27 10:00:00,0.536,15,12,0.002,0.200,0.046,0.006,11.5,6,92,.6,270,12.4,10.2,993.1,1009.6,0,,13.3
2016-04-27 11:00:00,1.364,21,12,0.002,0.200,0.046,0.005,11.6,3,90,1.4,250,12.3,10,993.9,1010.4,0,,13.8
2016-04-27 12:00:00,1.2,15,13,0.002,0.200,0.047,0.006,11.9,.5,87,1,290,12,9.7,993.5,1009.9,0,,14.5
2016-04-27 13:00:00,4.188,16,10,0.002,0.200,0.050,0.006,12,1,87,2.2,270,12.1,9.8,992.3,1008.7,0,,15
2016-04-27 14:00:00,2.556,20,11,0.002,0.200,0.050,0.006,11.9,0,88,1.4,270,12.2,9.9,991.4,1007.8,0,,14.5
2016-04-27 15:00:00,1.76,21,13,0.002,0.200,0.050,0.006,11.3,2.5,90,2,250,12,9.7,990.7,1007.1,0,,14.2
2016-04-27 16:00:00,1.756,16,13,0.002,0.200,0.049,0.005,11.3,4,91,1.9,270,12.1,9.8,990.1,1006.5,0,,13.9
2016-04-27 17:00:00,1.044,14,9,0.002,0.200,0.048,0.007,11.2,4,91,1.3,250,12,9.7,989.8,1006.2,0,,13.3
2016-04-27 18:00:00,0.18,12,8,0.002,0.200,0.048,0.005,11.4,3.5,89,2.1,270,11.9,9.6,989.7,1006.1,0,,13.1
2016-04-27 19:00:00,0,10,7,0.002,0.200,0.047,0.007,11.2,5.5,92,0,0,12.2,9.9,989.9,1006.3,0,,12.6
2016-04-27 20:00:00,0,9,6,0.002,0.200,0.046,0.007,11.2,3.5,93,1,340,12.4,10.1,990.1,1006.5,0,,12.5
2016-04-27 21:00:00,0,14,6,0.002,0.200,0.047,0.005,11.2,2.5,93,1.4,340,12.4,10.1,990.5,1006.9,,,12.3
2016-04-27 22:00:00,0,10,5,0.002,0.200,0.047,0.005,11.1,2,91,1.2,20,11.9,9.6,990.4,1006.8,,,12.2
2016-04-27 23:00:00,0,4,,0.002,0.200,0.048,0.005,11,.5,91,.9,360,11.9,9.5,990,1006.4,,,12.2
2016-04-28 00:00:00,0,6,,0.002,0.200,0.049,0.004,10.8,1.5,92,1.3,340,11.9,9.5,990,1006.5,,,12
2016-04-28 01:00:00,0,9,8,0.002,0.200,0.050,0.004,10.7,1,92,1,360,11.8,9.4,989.6,1006.1,,,12
2016-04-28 02:00:00,0,11,5,0.002,0.200,0.050,0.004,10.6,.5,92,1.1,360,11.7,9.3,989.3,1005.8,,,11.8
2016-04-28 03:00:00,0,12,4,0.002,0.200,0.044,0.004,10.7,.5,93,1.2,340,11.9,9.6,989.2,1005.7,,,11.8
2016-04-28 04:00:00,0,9,6,0.002,0.200,0.041,0.005,10.8,1,92,1,320,11.9,9.5,989.3,1005.8,,,11.7
2016-04-28 05:00:00,0,8,,0.002,0.200,0.043,0.005,10.6,1.5,93,1.5,340,11.9,9.5,989.5,1006,,,11.6
2016-04-28 06:00:00,0,11,7,0.002,0.200,0.039,0.006,10.7,.5,92,.8,320,11.8,9.4,990,1006.5,0,,11.7
2016-04-28 07:00:00,0.352,9,5,0.002,0.200,0.033,0.008,11,.5,91,1,360,11.9,9.5,990.4,1006.9,0,,12.2
2016-04-28 08:00:00,2.828,11,5,0.002,0.200,0.037,0.007,11.4,1,92,1.1,320,12.4,10.1,990.9,1007.3,0,,13.7
2016-04-28 09:00:00,5.412,15,5,0.002,0.200,0.034,0.009,12,0,91,1.2,340,12.7,10.5,991,1007.4,0,,15.2
2016-04-28 10:00:00,7.428,15,5,0.002,0.200,0.036,0.008,13.4,,86,1.5,340,13.1,11,991.4,1007.7,0,,18.8
2016-04-28 11:00:00,8.42,13,7,0.002,0.200,0.039,0.008,14.6,,80,1.5,360,13.2,11.1,991.4,1007.6,0,,20.1
2016-04-28 12:00:00,8.364,14,9,0.002,0.200,0.039,0.008,16.1,,69,1.1,340,12.6,10.4,991,1007.1,0,,22.4
2016-04-28 13:00:00,12.024,17,7,0.002,0.200,0.040,0.007,17.9,,54,1.5,360,11,8.4,990.6,1006.5,.5,,26.5
2016-04-28 14:00:00,21.64,18,7,0.002,0.200,0.050,0.005,18.2,,52,1.2,360,10.8,8.1,990.5,1006.4,0,,23.1
2016-04-28 15:00:00,12.588,23,16,0.002,0.200,0.048,0.006,19.3,,52,1.3,340,11.6,9.1,990.2,1006,0,,24.8
2016-04-28 16:00:00,12.54,21,13,0.002,0.200,0.044,0.006,19.1,0,50,2.5,270,11,8.4,990.3,1006.1,.6,,23.1
2016-04-28 17:00:00,13.12,19,17,0.002,0.200,0.046,0.006,18.8,,50,3.5,270,10.8,8.1,990.6,1006.5,0,,21
2016-04-28 18:00:00,6.424,24,13,0.003,0.200,0.044,0.008,18.7,,50,3.5,270,10.7,8,991,1006.9,.3,,19.2
2016-04-28 19:00:00,1.968,36,14,0.003,0.200,0.046,0.009,17.3,,49,1.8,270,9.6,6.4,991.7,1007.7,.1,,16.3
2016-04-28 20:00:00,0,41,18,0.002,0.300,0.032,0.015,15,,65,1.4,340,11,8.4,992.4,1008.7,0,,14.6
2016-04-28 21:00:00,0,37,19,0.002,0.300,0.025,0.017,13.3,,75,.2,0,11.4,8.9,993.3,1009.6,,,13
2016-04-28 22:00:00,0,38,16,0.002,0.400,0.016,0.020,12,,83,.1,0,11.6,9.1,993.7,1010.1,,,11.8
2016-04-28 23:00:00,0,48,26,0.002,0.300,0.018,0.013,11,,87,.2,0,11.4,8.9,993.8,1010.3,,,11
2016-04-29 00:00:00,0,41,23,0.002,0.300,0.028,0.007,10.7,,89,.2,0,11.4,8.9,994.5,1011,,,11.4
2016-04-29 01:00:00,0,43,20,0.002,0.200,0.027,0.006,10.4,,89,0,0,11.2,8.6,995,1011.6,,,11.2
2016-04-29 02:00:00,0,43,22,0.003,0.200,0.027,0.005,10.8,,88,.6,20,11.3,8.8,995.1,1011.6,,,11.9
2016-04-29 03:00:00,0,52,23,0.002,0.300,0.022,0.006,10.7,1,90,.2,0,11.6,9.1,995.4,1012,,,12
2016-04-29 04:00:00,0,47,23,0.002,0.200,0.023,0.005,10.8,0,91,.4,0,11.7,9.3,995.8,1012.4,,,12.1
2016-04-29 05:00:00,0,43,20,0.003,0.200,0.024,0.005,10.8,.5,91,.5,90,11.7,9.3,995.8,1012.4,,,12.2
2016-04-29 06:00:00,0,42,20,0.002,0.200,0.021,0.005,10.9,0,92,.7,340,11.9,9.6,996.2,1012.8,0,,12.3
2016-04-29 07:00:00,0.512,38,19,0.003,0.300,0.019,0.007,11.2,,91,.7,340,12,9.7,996.4,1012.9,0,,12.8
2016-04-29 08:00:00,3.752,49,24,0.003,0.300,0.019,0.008,12.4,,87,.5,340,12.4,10.2,996.3,1012.7,.1,,17.1
2016-04-29 09:00:00,7.288,53,24,0.006,0.300,0.026,0.011,13.8,,76,.4,0,11.9,9.6,997,1013.3,.6,,19.2
2016-04-29 10:00:00,11.704,55,34,0.006,0.200,0.041,0.013,15.3,,56,1.6,90,9.7,6.5,997.4,1013.7,.4,,22.5
2016-04-29 11:00:00,18.908,45,27,0.013,0.600,0.036,0.021,16.4,,48,3.3,90,8.9,5.3,997.4,1013.6,.5,,24.4
2016-04-29 12:00:00,26.936,51,20,0.019,1.400,0.042,0.025,18.4,,44,2.4,70,9.3,5.9,997,1013,.9,,30.1
2016-04-29 13:00:00,30.524,75,21,0.021,1.200,0.046,0.026,19.2,,34,3.5,70,7.5,2.9,996.4,1012.3,1,,30.4
2016-04-29 14:00:00,31.932,78,32,0.016,0.600,0.057,0.021,19.9,,31,2.9,50,7.2,2.2,995.9,1011.9,1,,30.8
2016-04-29 15:00:00,28.32,79,28,0.011,0.500,0.059,0.021,19.8,,33,2.9,70,7.6,3,995.4,1011.4,1,,27.9
2016-04-29 16:00:00,29.372,70,30,0.008,0.400,0.056,0.016,19.6,,38,3.4,70,8.6,4.8,995.1,1011,.9,,24.1
2016-04-29 17:00:00,21.988,69,26,0.012,0.700,0.047,0.022,19.3,,43,3.2,70,9.5,6.3,994.8,1010.7,.8,,22
2016-04-29 18:00:00,10.94,67,26,0.016,0.800,0.040,0.028,18.3,,51,3.1,70,10.6,7.9,995.1,1011.1,1,,18.6
2016-04-29 19:00:00,2.532,78,32,0.014,0.600,0.037,0.027,16.8,,60,2.9,90,11.4,8.9,995.8,1011.9,.5,,16.1
2016-04-29 20:00:00,0,61,26,0.012,0.500,0.038,0.023,15.4,,68,2.2,50,11.9,9.5,996.5,1012.8,0,,14.5
2016-04-29 21:00:00,0,59,30,0.009,0.300,0.038,0.019,14.1,,76,1.9,110,12.2,9.9,997.1,1013.4,,,13.4
2016-04-29 22:00:00,0,57,28,0.006,0.300,0.034,0.017,12.4,,84,.4,0,12,9.7,997.5,1014,,,12.2
2016-04-29 23:00:00,0,53,26,0.004,0.300,0.027,0.016,11.2,,87,.3,0,11.6,9.1,997.5,1014.1,,,11.2
2016-04-30 00:00:00,0,54,30,0.003,0.300,0.026,0.011,10.4,,88,.7,90,11,8.4,997.4,1014,,,10.5
2016-04-30 01:00:00,0,42,28,0.003,0.300,0.026,0.009,9.6,,90,.2,0,10.7,8,997.7,1014.3,,,9.7
2016-04-30 02:00:00,0,40,26,0.003,0.300,0.024,0.008,9.1,,91,.4,0,10.5,7.7,997.4,1014.1,,,9.1
2016-04-30 03:00:00,0,38,19,0.003,0.200,0.023,0.008,8.6,,92,.5,360,10.2,7.3,997.7,1014.4,,,8.7
2016-04-30 04:00:00,0,28,23,0.003,0.200,0.025,0.006,7.8,,93,.5,320,9.8,6.7,997.8,1014.6,,,8.2
2016-04-30 05:00:00,0,32,19,0.002,0.300,0.016,0.006,7.1,,94,.1,0,9.4,6.1,997.6,1014.4,,,8.4
2016-04-30 06:00:00,0,30,25,0.002,0.200,0.018,0.007,7,,95,.4,0,9.5,6.2,998,1014.8,0,,9.1
2016-04-30 07:00:00,0.836,27,17,0.003,0.200,0.020,0.007,7.1,,95,.4,0,9.5,6.3,998.4,1015.2,0,,11.2
2016-04-30 08:00:00,3.192,32,16,0.003,0.200,0.024,0.009,10.7,,94,.3,0,12,9.7,998.6,1015.2,.7,,15.5
2016-04-30 09:00:00,6.972,42,25,0.003,0.200,0.028,0.009,14.2,,62,.4,0,10,7,998.4,1014.7,1,,22.7
2016-04-30 10:00:00,14.808,45,21,0.003,0.200,0.031,0.012,17.9,,40,1.4,90,8.1,4,998,1014.1,1,,27.5
2016-04-30 11:00:00,22.064,51,25,0.007,0.300,0.047,0.017,19.4,,41,2.4,70,9.2,5.7,997.4,1013.3,1,,30.3
2016-04-30 12:00:00,27.632,66,24,0.004,0.200,0.057,0.011,20.6,,42,3.4,90,10.2,7.2,996.6,1012.5,1,,31.6
2016-04-30 13:00:00,30.784,74,19,0.003,0.200,0.066,0.007,22.9,,32,2.4,70,8.9,5.3,995.8,1011.5,1,,33.2
2016-04-30 14:00:00,32.624,86,28,0.003,0.300,0.071,0.006,23.8,,33,1.7,20,9.7,6.5,995.4,1011,1,,33.6
2016-04-30 15:00:00,31.78,86,30,0.004,0.300,0.073,0.007,25.8,,17,4.5,270,5.6,-1.1,994.8,1010.4,1,,31.8
2016-04-30 16:00:00,28.268,84,30,0.004,0.300,0.076,0.007,24.5,,31,3.3,110,9.5,6.2,994.4,1010,1,,30
2016-04-30 17:00:00,22.016,83,30,0.004,0.300,0.076,0.008,23.3,,35,2.9,50,9.9,6.9,994.3,1010,1,,26.9
2016-04-30 18:00:00,13.212,79,30,0.004,0.300,0.077,0.008,22,,40,2.3,70,10.5,7.7,994.4,1010.2,1,,21.3
2016-04-30 19:00:00,3.524,79,33,0.004,0.300,0.076,0.009,20.1,,46,2.2,50,10.8,8.1,995.1,1011.1,.6,,17.8
2016-04-30 20:00:00,0,70,30,0.004,0.300,0.075,0.009,17.6,,57,.6,90,11.4,8.9,996,1012.1,0,,15.9
2016-04-30 21:00:00,0,70,33,0.004,0.300,0.074,0.009,16.3,,60,1.4,70,11.1,8.5,996.7,1012.9,,,14.6
2016-04-30 22:00:00,0,66,30,0.004,0.300,0.066,0.009,15.1,,65,.7,70,11.1,8.5,997.4,1013.7,,,13.5
2016-04-30 23:00:00,0,64,28,0.004,0.300,0.060,0.010,13.2,,76,.1,0,11.5,9,997.7,1014.1,,,12.4
2016-05-01 00:00:00,0,68,31,0.005,0.300,0.057,0.010,11.9,,82,.1,0,11.4,8.9,998.1,1014.6,,,11.4
2016-05-01 01:00:00,0,58,33,0.004,0.300,0.048,0.012,11.5,,83,.3,0,11.2,8.7,998.2,1014.7,,,10.8
2016-05-01 02:00:00,0,60,33,0.003,0.300,0.037,0.008,10.6,,88,.5,50,11.2,8.6,998.2,1014.8,,,10.4
2016-05-01 03:00:00,0,58,40,0.003,0.300,0.029,0.009,9.8,,90,.3,0,10.9,8.2,998.2,1014.9,,,9.5
2016-05-01 04:00:00,0,59,36,0.003,0.300,0.025,0.007,9.3,,91,.1,0,10.6,7.9,998.4,1015.1,,,8.9
2016-05-01 05:00:00,0,47,35,0.003,0.300,0.022,0.007,8.6,,91,.5,290,10.2,7.2,998.3,1015,,,8.4
2016-05-01 06:00:00,0,44,38,0.003,0.300,0.021,0.007,8.5,,93,0,0,10.3,7.4,998.6,1015.3,0,,8.2
2016-05-01 07:00:00,0.608,46,34,0.003,0.300,0.017,0.007,9.3,,94,.4,0,10.9,8.3,999,1015.7,.4,,10.6
2016-05-01 08:00:00,2.188,44,25,0.003,0.300,0.023,0.008,12.6,,75,.4,0,10.9,8.2,999.5,1016,1,,17.1
2016-05-01 09:00:00,6.8,59,37,0.003,0.300,0.042,0.008,17.3,,62,1,270,12.2,9.9,999,1015.1,1,,24.8
2016-05-01 10:00:00,15.06,62,36,0.010,0.600,0.050,0.021,20.3,,45,1.3,90,10.6,7.9,999,1015,1,,29
2016-05-01 11:00:00,22.576,78,39,0.013,0.400,0.068,0.022,21.1,,42,2.4,90,10.4,7.6,998.9,1014.8,1,,32.1
2016-05-01 12:00:00,28.1,75,31,0.009,0.400,0.066,0.014,22.7,,40,3.2,90,10.9,8.3,998.5,1014.3,1,,33.7
2016-05-01 13:00:00,31.236,71,23,0.010,0.400,0.070,0.013,24.8,,30,2.5,90,9.3,6,997.8,1013.5,1,,33.9
2016-05-01 14:00:00,32.596,67,24,0.013,0.600,0.075,0.016,25.4,,27,2.9,70,8.7,5,997.4,1013.1,1,,33.7
2016-05-01 15:00:00,31.596,73,26,0.014,0.600,0.068,0.017,24.7,,30,3.5,70,9.3,5.9,996.9,1012.6,1,,31.2
2016-05-01 16:00:00,27.592,71,24,0.012,0.500,0.065,0.016,23.9,,34,3.9,70,10,7,996.9,1012.6,1,,27.9
2016-05-01 17:00:00,18.6,57,22,0.013,0.500,0.060,0.015,23.5,,36,3.8,70,10.4,7.5,996.7,1012.4,1,,24.8
2016-05-01 18:00:00,13.42,60,20,0.014,0.500,0.056,0.018,21.5,,42,3.3,50,10.7,8,997.1,1013,.7,,20
2016-05-01 19:00:00,2.864,53,22,0.010,0.400,0.054,0.016,20.3,,47,2.3,50,11.2,8.6,997.8,1013.8,.2,,17.8
2016-05-01 20:00:00,0,49,18,0.014,0.500,0.045,0.020,18.8,,53,1.6,360,11.5,9,998.6,1014.6,0,,16
2016-05-01 21:00:00,0,53,27,0.011,0.400,0.037,0.018,17.1,,59,.8,360,11.5,9,999.3,1015.5,,,14.7
2016-05-01 22:00:00,0,58,32,0.009,0.500,0.029,0.017,15.1,,67,.7,90,11.5,9,1000.2,1016.6,,,13.2
2016-05-01 23:00:00,0,56,30,0.006,0.400,0.026,0.017,13.5,,78,.2,0,12,9.7,1000.7,1017.1,,,12.1
2016-05-02 00:00:00,0,47,27,0.004,0.400,0.026,0.013,12.6,,83,0,0,12,9.7,1001,1017.5,,,11.4
2016-05-02 01:00:00,0,47,23,0.004,0.400,0.023,0.011,11.7,,86,.1,0,11.8,9.4,1000.8,1017.4,,,10.9
2016-05-02 02:00:00,0,42,24,0.003,0.300,0.020,0.011,11.1,,88,.1,0,11.6,9.1,1000.2,1016.8,,,10.7
2016-05-02 03:00:00,0,43,33,0.003,0.300,0.018,0.009,10.7,,90,.5,320,11.6,9.1,1000.3,1016.9,,,10.5
2016-05-02 04:00:00,0,40,25,0.003,0.300,0.017,0.008,10.6,,91,.3,0,11.6,9.1,1000.6,1017.3,,,10.2
2016-05-02 05:00:00,0,33,28,0.003,0.300,0.020,0.007,10.1,,92,.4,0,11.3,8.8,1001.1,1017.8,,,9.6
2016-05-02 06:00:00,0,33,20,0.003,0.200,0.021,0.007,9.5,,93,.2,0,11,8.4,1001.5,1018.2,0,,9
2016-05-02 07:00:00,0.896,32,19,0.003,0.200,0.021,0.009,10.9,,89,.4,0,11.6,9.1,1001.4,1018,.5,,12.5
2016-05-02 08:00:00,2.8,33,22,0.003,0.200,0.024,0.012,12.6,,80,.6,340,11.6,9.2,1001.4,1017.9,.6,,17.6
2016-05-02 09:00:00,5.708,30,22,0.003,0.300,0.024,0.012,15.7,,69,1,250,12.3,10,1000.7,1017,1,,22.9
2016-05-02 10:00:00,8.944,35,20,0.004,0.300,0.024,0.016,19.6,,62,1.9,320,14.1,12.1,1000.1,1016,1,,29.9
2016-05-02 11:00:00,12.632,51,27,0.007,0.400,0.030,0.014,21.4,,63,3.2,70,16,14,999.7,1015.6,1,,32.3
2016-05-02 12:00:00,14.404,59,28,0.008,0.600,0.038,0.011,22.7,,53,4.7,90,14.6,12.6,998.8,1014.6,1,,32.7
2016-05-02 13:00:00,21.188,,,,,,,23,,51,3.4,70,14.3,12.3,998.2,1014,1,,30.9
2016-05-02 14:00:00,18.196,,,0.006,0.300,0.036,0.009,23,,54,3.2,90,15.1,13.1,997.7,1013.4,.6,,30.1
2016-05-02 15:00:00,13.124,77,29,0.014,1.100,0.033,0.016,22,,60,3.2,70,15.8,13.8,997.4,1013.2,.6,,25.4
2016-05-02 16:00:00,9.02,65,26,0.015,0.900,0.031,0.020,21.7,,60,3.2,70,15.5,13.5,996.4,1012.2,0,,22.8
2016-05-02 17:00:00,3.444,62,30,0.013,0.500,0.031,0.018,20,,72,4.4,50,16.7,14.7,996.1,1012.1,0,,20.3
2016-05-02 18:00:00,1.308,55,24,0.014,0.700,0.028,0.020,19.7,0,74,4.1,50,16.9,14.9,995.5,1011.5,0,,19.2
2016-05-02 19:00:00,0.112,59,30,0.012,0.700,0.028,0.018,18.4,.5,85,5,50,17.9,15.8,994.8,1010.8,0,,18.3
2016-05-02 20:00:00,0,47,28,0.008,0.300,0.033,0.010,18.7,0,82,4.5,20,17.6,15.5,994.7,1010.6,0,,17.9
2016-05-02 21:00:00,0,47,25,0.007,0.200,0.038,0.007,18.4,0,84,4.5,50,17.7,15.6,994.4,1010.4,,,17.7
2016-05-02 22:00:00,0,47,24,0.009,0.400,0.033,0.012,18.6,0,81,4.9,50,17.3,15.2,994.2,1010.1,,,17.5
2016-05-02 23:00:00,0,50,30,0.012,0.300,0.032,0.011,19,0,78,4.4,50,17,15,993.2,1009.1,,,17.4
2016-05-03 00:00:00,0,44,22,0.007,0.200,0.039,0.006,18.2,0,84,4.5,50,17.5,15.4,992,1007.9,,,17.3
2016-05-03 01:00:00,0,37,21,0.006,0.200,0.036,0.007,17.6,2,87,5.4,50,17.5,15.4,990.4,1006.4,,,17.1
2016-05-03 02:00:00,0,31,16,0.006,0.200,0.039,0.004,17.6,2.5,89,5.7,50,17.8,15.7,988.6,1004.5,,,17.1
2016-05-03 03:00:00,0,17,13,0.005,0.200,0.037,0.006,17.3,3,87,5.4,20,17.2,15.1,986.8,1002.7,,,16.8
2016-05-03 04:00:00,0,21,14,0.005,0.200,0.040,0.005,17.3,4,86,5.6,50,16.9,14.9,985.6,1001.5,,,16.5
2016-05-03 05:00:00,0,32,18,0.005,0.200,0.038,0.006,17.3,5,88,5.9,50,17.3,15.2,983.8,999.7,,,16.6
2016-05-03 06:00:00,0,18,14,0.004,0.200,0.041,0.004,17.3,5.5,89,6,50,17.5,15.4,983,998.9,0,,16.7
2016-05-03 07:00:00,0,17,12,0.004,0.200,0.041,0.005,16.8,7.5,89,5.5,50,16.9,14.9,982.1,998,0,,16.7
2016-05-03 08:00:00,0.044,13,10,0.003,0.200,0.040,0.006,16.9,7.5,89,5.2,50,17,15,981.3,997.2,0,,16.7
2016-05-03 09:00:00,0.28,11,9,0.003,0.200,0.041,0.005,17.5,7,89,4.7,50,17.7,15.6,978.8,994.6,0,,17.9
2016-05-03 10:00:00,1.04,13,6,0.004,0.300,0.035,0.008,17.8,6.5,89,5,50,18.1,15.9,977.5,993.2,0,,20
2016-05-03 11:00:00,4.032,15,6,0.004,0.200,0.029,0.007,18.5,2,90,1.7,360,19.1,16.8,977.5,993.2,0,,20.6
2016-05-03 12:00:00,6.916,17,5,0.003,0.200,0.031,0.005,18.3,.5,92,1.7,320,19.2,16.9,977.6,993.3,0,,20.2
2016-05-03 13:00:00,16.112,15,4,0.003,0.300,0.044,0.005,19,0,66,5.5,270,14.4,12.4,978.3,993.9,.1,,27.4
2016-05-03 14:00:00,14.336,28,5,0.003,0.300,0.042,0.005,17.6,,56,7.4,290,11.2,8.7,979.6,995.4,1,,29
2016-05-03 15:00:00,6.328,22,8,0.003,0.200,,0.004,15.3,,56,6.6,290,9.7,6.5,981.1,997.1,.9,,22
2016-05-03 16:00:00,5.668,13,4,0.003,0.200,0.047,0.004,14.3,0,58,5.3,290,9.4,6.1,982.4,998.5,.1,,17.2
2016-05-03 17:00:00,1.312,16,4,0.003,0.300,0.049,0.005,14,,59,3.6,320,9.4,6.1,982.9,999,0,,15.7
2016-05-03 18:00:00,0.568,25,17,0.003,0.200,0.049,0.005,14.3,0,57,3.7,290,9.2,5.8,983.4,999.5,.1,,15.1
2016-05-03 19:00:00,0.352,33,14,0.003,0.200,0.050,0.005,14.1,,51,5.8,290,8.1,4,984.7,1000.8,0,,13.7
2016-05-03 20:00:00,0,47,19,0.003,0.200,0.048,0.004,14.2,,47,8.5,290,7.6,3,985.5,1001.6,0,,12.3
2016-05-03 21:00:00,0,40,16,0.003,0.200,0.049,0.005,14.3,,46,7.7,270,7.5,2.8,985.9,1002,,,11.4
2016-05-03 22:00:00,0,44,27,0.003,0.200,0.049,0.004,14.4,,46,7.7,290,7.5,2.9,986.9,1003,,,11
2016-05-03 23:00:00,0,57,19,0.003,0.200,0.048,0.004,14.1,,45,7.3,270,7.2,2.3,987.5,1003.7,,,10.3
2016-05-04 00:00:00,0,43,19,0.003,0.200,0.049,0.004,14.5,,42,8.5,270,6.9,1.7,987.1,1003.2,,,9.8
2016-05-04 01:00:00,0,48,22,0.003,0.200,0.049,0.004,14.5,,41,7.5,270,6.7,1.3,986.8,1002.9,,,9.5
2016-05-04 02:00:00,0,44,21,0.003,0.200,0.047,0.004,14.7,,39,6.4,290,6.5,.8,987,1003.2,,,9.3
2016-05-04 03:00:00,0,39,18,0.003,0.200,0.047,0.004,14.7,,39,7.3,290,6.5,.8,987.5,1003.7,,,9.2
2016-05-04 04:00:00,0,44,16,0.003,0.200,0.046,0.004,14.9,,38,5.7,290,6.4,.6,987.6,1003.8,,,9
2016-05-04 05:00:00,0,44,18,0.003,0.200,0.045,0.004,15.3,,36,5.4,290,6.2,.2,987.7,1003.8,,,9
2016-05-04 06:00:00,0,41,16,0.003,0.200,0.044,0.004,15.3,,35,5.3,290,6.1,0,987.8,1003.9,0,,9.1
2016-05-04 07:00:00,0.632,40,18,0.004,0.200,0.049,0.005,15,,41,3,360,7,1.8,987.3,1003.5,.8,,10.7
2016-05-04 08:00:00,1.98,55,22,0.004,0.200,0.050,0.006,16,,45,4,360,8.1,4,987.3,1003.4,1,,15.6
2016-05-04 09:00:00,6.864,78,22,0.005,0.200,0.049,0.007,19.5,,26,7.7,270,5.9,-.5,988,1003.8,1,,21.2
2016-05-04 10:00:00,15.464,91,21,0.005,0.300,0.052,0.007,20.1,,27,6.9,290,6.3,.4,988.4,1004.3,1,,25.2
2016-05-04 11:00:00,23.252,91,24,0.006,0.300,0.055,0.007,20.5,,27,7.2,270,6.5,.8,988.9,1004.7,1,,27.7
2016-05-04 12:00:00,28.652,111,24,0.007,0.300,0.058,0.007,21.2,,28,6.5,270,7,1.9,988.9,1004.7,1,,29.9
2016-05-04 13:00:00,31.528,121,23,0.006,0.300,0.061,0.007,22.3,,24,6.6,270,6.4,.7,989,1004.7,1,,31
2016-05-04 14:00:00,33.288,231,23,0.005,0.200,0.060,0.006,23,,16,6.5,270,4.5,-4.2,989.5,1005.1,1,,30.8
2016-05-04 15:00:00,32.704,126,20,0.004,0.200,0.058,0.006,22.7,,18,6.4,290,5,-2.8,989.7,1005.3,1,,28.9
2016-05-04 16:00:00,29.584,107,22,0.004,0.200,0.059,0.006,22.3,,16,6.1,290,4.3,-4.7,989.8,1005.5,1,,26.4
2016-05-04 17:00:00,24.688,73,16,0.004,0.200,0.057,0.005,21.9,,15,6.2,270,3.9,-5.9,990.2,1005.9,1,,22.8
2016-05-04 18:00:00,16.44,69,16,0.003,0.200,0.055,0.005,20.8,,19,5.5,290,4.6,-3.7,990.7,1006.5,1,,17.1
2016-05-04 19:00:00,5.112,66,14,0.003,0.200,0.054,0.006,19.4,,20,5,290,4.5,-4.1,991.5,1007.3,.6,,14
2016-05-04 20:00:00,0,40,13,0.003,0.200,0.052,0.007,18.6,,20,5.2,290,4.3,-4.8,992.3,1008.2,0,,12.2
2016-05-04 21:00:00,0,44,13,0.003,0.200,0.051,0.007,17.8,,23,3.8,320,4.7,-3.6,993.5,1009.5,,,11.3
2016-05-04 22:00:00,0,50,14,0.003,0.200,0.045,0.008,17.2,,29,5.3,320,5.7,-1,994.9,1011,,,10.8
2016-05-04 23:00:00,0,41,16,0.003,0.200,0.040,0.014,17.2,,24,4.8,290,4.7,-3.5,995.4,1011.5,,,10.3
2016-05-05 00:00:00,0,45,20,0.004,0.300,0.058,0.006,17.3,,20,4.8,290,3.9,-5.9,996.5,1012.6,,,9.7
2016-05-05 01:00:00,0,62,27,0.004,0.300,0.049,0.007,15.7,,29,2.9,340,5.2,-2.3,997,1013.3,,,9.3
2016-05-05 02:00:00,0,58,27,0.004,0.300,0.052,0.007,14,,36,2.1,360,5.8,-.8,997.4,1013.7,,,9
2016-05-05 03:00:00,0,55,28,0.004,0.300,0.045,0.006,12,,45,.4,0,6.3,.4,998,1014.5,,,8.4
2016-05-05 04:00:00,0,45,23,0.003,0.300,0.039,0.006,9.5,,62,.6,230,7.3,2.5,998.6,1015.2,,,7.7
2016-05-05 05:00:00,0,38,25,0.003,0.300,0.039,0.006,8,,72,.4,0,7.7,3.2,999.6,1016.4,,,7.1
2016-05-05 06:00:00,0,43,23,0.003,0.300,0.037,0.006,7.7,,76,.4,0,8,3.7,1000.4,1017.2,0,,7.1
2016-05-05 07:00:00,1.136,34,22,0.003,0.300,0.030,0.008,9.7,,69,.2,0,8.2,4.2,1001,1017.7,.8,,9.5
2016-05-05 08:00:00,2.736,38,25,0.003,0.300,0.034,0.007,12.4,,59,.8,250,8.4,4.5,1001.8,1018.3,1,,15.3
2016-05-05 09:00:00,7.372,38,25,0.003,0.300,0.038,0.008,16.8,,47,.8,250,9,5.4,1001.1,1017.3,1,,22.6
2016-05-05 10:00:00,14.976,45,16,0.003,0.200,0.045,0.007,19.1,,30,.9,340,6.6,1,1001,1017,1,,27.6
2016-05-05 11:00:00,21.572,42,14,0.013,0.200,0.041,0.015,22.8,,21,.9,230,5.8,-.6,1000.3,1016.1,1,,31.5
2016-05-05 12:00:00,24.472,45,21,0.016,0.300,0.038,0.023,22.8,,24,3.1,70,6.6,1.1,999.4,1015.2,1,,31.9
2016-05-05 13:00:00,26.348,48,18,0.012,0.300,0.044,0.017,23.5,,21,3.3,90,6.1,-.1,998.8,1014.5,1,,31.7
2016-05-05 14:00:00,27.068,52,16,0.017,0.400,0.046,0.023,24,,24,3.1,70,7.1,2.1,998.1,1013.8,1,,30.6
2016-05-05 15:00:00,19.34,49,16,0.022,0.500,0.052,0.028,23.7,,22,2.9,50,6.4,.7,997.7,1013.4,.9,,27.9
2016-05-05 16:00:00,15.732,51,21,0.016,0.500,0.056,0.019,22.5,,26,3.2,50,7.1,2,996.9,1012.7,.5,,23.9
2016-05-05 17:00:00,7.712,48,20,0.010,0.300,0.058,0.017,21.7,,27,2.5,50,7,1.8,998,1013.9,.2,,21.4
2016-05-05 18:00:00,2.84,44,23,0.011,0.300,0.057,0.018,20.3,,27,4.8,70,6.4,.6,998.1,1014.1,0,,17.7
2016-05-05 19:00:00,0.608,46,19,0.009,0.300,0.054,0.018,19.4,,30,3.8,50,6.7,1.3,997.9,1013.8,0,,15.7
2016-05-05 20:00:00,0,47,21,0.009,0.400,0.051,0.017,18.4,,35,3.4,50,7.4,2.6,997.6,1013.6,0,,14.9
2016-05-05 21:00:00,0,57,24,0.010,0.500,0.040,0.022,17.9,,43,2.5,50,8.8,5.1,997.6,1013.7,,,14.8
2016-05-05 22:00:00,0,57,29,0.009,0.600,0.035,0.018,18.2,,50,3.1,50,10.4,7.5,997.7,1013.7,,,14.7
2016-05-05 23:00:00,0,54,30,0.008,0.600,0.033,0.015,17.5,,52,4.1,50,10.4,7.5,996.8,1012.9,,,14.4
2016-05-06 00:00:00,0,57,31,0.006,0.500,0.032,0.013,17.9,,60,3.7,50,12.3,10,996.4,1012.4,,,14.7
2016-05-06 01:00:00,0,57,36,0.006,0.500,0.029,0.012,18.6,,68,2.6,20,14.5,12.5,996,1012,,,15.4
2016-05-06 02:00:00,0,59,40,0.005,0.500,0.028,0.012,18.3,,74,4.2,50,15.5,13.5,995.2,1011.2,,,15.9
2016-05-06 03:00:00,0,62,37,0.004,0.500,0.029,0.010,18,,74,4.5,50,15.2,13.2,993.2,1009.2,,,15.8
2016-05-06 04:00:00,0,67,39,0.004,0.500,0.031,0.008,16.9,,83,5,50,15.9,13.9,992.3,1008.4,,,15.9
2016-05-06 05:00:00,0,68,45,0.004,0.400,0.037,0.007,16.2,.1,89,4.6,50,16.3,14.3,992.1,1008.2,,,15.8
2016-05-06 06:00:00,0,43,34,0.005,0.300,0.045,0.006,16.2,.1,89,4.4,50,16.3,14.3,992.3,1008.4,0,,15.8
2016-05-06 07:00:00,0,23,,0.006,0.400,0.042,0.008,16.3,.1,87,3.8,50,16.1,14.1,992.7,1008.8,0,,16.1
2016-05-06 08:00:00,0.056,20,15,0.005,0.200,0.043,0.009,16.5,,86,3.3,50,16.1,14.1,992.8,1008.9,0,,17.1
2016-05-06 09:00:00,1.084,17,,0.005,0.200,0.041,0.010,17,,83,3.4,50,16,14,992.1,1008.2,0,,18.9
2016-05-06 10:00:00,4.644,19,14,0.004,0.200,0.046,0.006,17.9,,78,3.1,70,16,14,992.1,1008.1,.1,,23.2
2016-05-06 11:00:00,5.804,18,10,0.005,0.200,0.044,0.009,18.9,,77,3.6,90,16.7,14.7,991.9,1007.8,.4,,30.3
2016-05-06 12:00:00,8.868,19,5,0.004,0.200,0.045,0.006,19,,76,3.4,90,16.6,14.6,991.6,1007.5,.5,,28.8
2016-05-06 13:00:00,15.04,22,10,0.003,0.200,0.048,0.004,19.9,,74,3.7,90,17.2,15.1,990.6,1006.5,.8,,33.6
2016-05-06 14:00:00,20.228,28,9,0.003,0.200,0.050,0.005,20.3,,74,3.7,90,17.6,15.5,989.7,1005.6,1,,33.2
2016-05-06 15:00:00,25.648,26,12,0.003,0.200,0.050,0.005,20.1,,75,3.7,70,17.6,15.5,989.2,1005.1,1,,31.3
2016-05-06 16:00:00,17.944,27,12,0.006,0.200,0.045,0.011,20.9,,72,2.6,90,17.7,15.6,988.9,1004.7,1,,30.1
2016-05-06 17:00:00,20.016,44,18,0.016,0.800,0.041,0.022,20.7,,75,3.4,70,18.3,16.1,988.2,1004,1,,26.2
2016-05-06 18:00:00,9.292,59,33,0.019,0.700,0.049,0.029,20.1,,79,1.8,50,18.5,16.3,988.4,1004.3,.9,,23.1
2016-05-06 19:00:00,1.412,61,39,0.015,0.500,0.040,0.028,19.4,,83,2.3,70,18.6,16.4,989.4,1005.2,0,,20.9
2016-05-06 20:00:00,0,53,27,0.016,0.600,0.025,0.036,19.1,,85,2.1,50,18.8,16.5,989.9,1005.7,0,,19.6
2016-05-06 21:00:00,0,53,27,0.010,0.400,0.035,0.018,18.6,,87,1.4,90,18.5,16.3,990.9,1006.8,,,18.9
2016-05-06 22:00:00,0,52,30,0.005,0.300,0.037,0.010,19.6,,79,3,360,17.9,15.8,991.7,1007.5,,,18.5
2016-05-06 23:00:00,0,35,22,0.004,0.300,0.034,0.010,19.1,,74,4,340,16.3,14.3,991.6,1007.5,,,17.2
2016-05-07 00:00:00,0,36,21,0.003,0.200,0.035,0.006,18.1,,70,3.2,340,14.5,12.5,992.1,1008.1,,,16
2016-05-07 01:00:00,0,36,25,0.003,0.300,0.050,0.004,16.9,,60,4.3,360,11.5,9,992.6,1008.7,,,14.4
2016-05-07 02:00:00,0,73,29,0.003,0.200,0.055,0.003,16,,55,3.7,340,9.9,6.9,993.4,1009.6,,,13.1
2016-05-07 03:00:00,0,155,40,0.003,0.200,0.052,0.003,15,,52,3.2,340,8.8,5.2,993.7,1010,,,11.9
2016-05-07 04:00:00,0,218,50,0.003,0.200,0.047,0.003,14.3,,49,2.4,20,8,3.7,994.7,1011,,,11.2
2016-05-07 05:00:00,0,250,58,0.003,0.200,0.042,0.004,14.1,,50,4,340,8,3.8,995.3,1011.6,,,10.7
2016-05-07 06:00:00,0,361,84,0.003,0.200,0.039,0.004,13.3,,57,3.4,340,8.7,4.9,995.8,1012.2,0,,10.7
2016-05-07 07:00:00,0.952,339,83,0.003,0.200,0.035,0.005,14.4,,55,2.3,340,9,5.4,996.3,1012.6,.3,,13
2016-05-07 08:00:00,3.292,325,86,0.003,0.200,0.034,0.006,16,,49,4.4,340,8.8,5.2,996.5,1012.7,1,,17.5
2016-05-07 09:00:00,7.928,312,79,0.003,0.200,0.035,0.006,18.1,,41,3.2,340,8.5,4.6,997.2,1013.2,1,,23.4
2016-05-07 10:00:00,14.856,282,74,0.003,0.200,0.037,0.006,20,,30,3,340,7,1.8,997.4,1013.4,1,,28
2016-05-07 11:00:00,19.764,264,69,0.003,0.200,0.042,0.005,21.3,,24,4.5,290,6.1,-.1,997.5,1013.4,1,,30
2016-05-07 12:00:00,24.012,256,68,0.003,0.200,0.045,0.005,22.3,,26,5.8,290,7,1.8,997.2,1013,1,,31.8
2016-05-07 13:00:00,23.016,232,54,0.003,0.200,0.049,0.004,23.5,,22,4.4,320,6.3,.5,997,1012.7,1,,33.1
2016-05-07 14:00:00,19.052,202,45,0.024,1.300,0.035,0.026,24.5,,18,4.4,290,5.5,-1.4,996.5,1012.1,1,,32
2016-05-07 15:00:00,19.712,280,59,0.015,0.800,0.041,0.019,24.2,,18,3.5,290,5.4,-1.6,996.3,1011.9,1,,28.6
2016-05-07 16:00:00,15.968,232,54,0.007,0.400,0.048,0.011,23.2,,24,4.3,270,6.8,1.4,996.4,1012.1,.3,,25.7
2016-05-07 17:00:00,16.336,169,31,0.003,0.200,0.053,0.008,22.8,,27,4.7,270,7.5,2.8,996.4,1012.1,.8,,23.6
2016-05-07 18:00:00,11.504,115,19,0.003,0.200,0.053,0.008,21.6,,26,3.6,290,6.7,1.2,997,1012.9,.2,,19.9
2016-05-07 19:00:00,2.292,97,22,0.003,0.200,0.052,0.008,20.4,,29,3,290,6.9,1.7,997.9,1013.9,0,,17.3
2016-05-07 20:00:00,0,85,18,0.003,0.200,0.049,0.009,18.9,,39,2.2,360,8.5,4.6,998.6,1014.6,0,,16
2016-05-07 21:00:00,0,86,29,0.003,0.200,0.046,0.008,18.3,,40,3.7,360,8.4,4.4,999.2,1015.2,,,14.4
2016-05-07 22:00:00,0,75,19,0.003,0.200,0.043,0.007,17,,44,1.8,20,8.5,4.6,999.8,1016,,,13.9
2016-05-07 23:00:00,0,61,18,0.003,0.200,0.041,0.007,15.3,,51,1.3,290,8.8,5.2,1000.4,1016.8,,,12.4
2016-05-08 00:00:00,0,63,24,0.003,0.200,0.041,0.007,13,,63,.6,320,9.4,6.1,1001,1017.5,,,11.1
2016-05-08 01:00:00,0,62,20,0.003,0.200,0.038,0.006,12.1,,69,.6,290,9.7,6.5,1001.5,1018,,,10.9
2016-05-08 02:00:00,0,51,18,0.003,0.200,0.035,0.005,10.8,,77,.3,0,9.9,6.9,1001.6,1018.3,,,10.1
2016-05-08 03:00:00,0,43,17,0.003,0.200,0.033,0.005,10,,81,.6,340,9.9,6.8,1001.6,1018.3,,,9.1
2016-05-08 04:00:00,0,40,22,0.003,0.200,0.031,0.005,9.2,,85,.7,360,9.9,6.8,1001.9,1018.6,,,8.6
2016-05-08 05:00:00,0,43,16,0.003,0.200,0.027,0.006,8.4,,88,.9,340,9.7,6.5,1002.1,1018.9,,,8
2016-05-08 06:00:00,0,37,17,0.003,0.200,0.025,0.006,7.7,,89,.4,0,9.3,5.9,1002.2,1019,0,,8.2
2016-05-08 07:00:00,0.796,37,16,0.003,0.200,0.023,0.006,9,,84,.6,290,9.6,6.4,1002.6,1019.3,.7,,10.2
2016-05-08 08:00:00,2.288,50,20,0.003,0.200,0.027,0.008,12.4,,68,.9,290,9.7,6.6,1002.9,1019.4,1,,16.5
2016-05-08 09:00:00,7.412,54,20,0.003,0.200,0.036,0.008,15.1,,55,.9,270,9.4,6.1,1002.7,1019.1,1,,22.9
2016-05-08 10:00:00,14.532,54,20,0.003,0.200,0.052,0.005,19,,47,.6,270,10.3,7.4,1002.3,1018.3,1,,29.2
2016-05-08 11:00:00,20.112,124,30,0.004,0.200,0.058,0.005,21.6,,34,2.2,360,8.7,5,1001.8,1017.7,1,,31.2
2016-05-08 12:00:00,24.116,117,28,0.004,0.200,0.060,0.005,21.6,,33,3.4,70,8.5,4.6,1001.3,1017.2,1,,29.1
2016-05-08 13:00:00,25.444,111,27,0.004,0.200,0.065,0.005,22.7,,34,2.9,50,9.3,6,1000.7,1016.5,1,,30.6
2016-05-08 14:00:00,18.816,118,30,0.004,0.200,0.069,0.005,22.7,,29,3,110,8,3.7,1000,1015.8,1,,29.3
2016-05-08 15:00:00,14.18,123,36,0.004,0.200,0.067,0.007,22.7,,26,2.6,50,7.1,2.1,999.4,1015.2,.6,,27.8
2016-05-08 16:00:00,11.292,140,33,0.006,0.200,0.061,0.010,22,,27,2.9,50,7.1,2.1,999.1,1015,0,,25.6
2016-05-08 17:00:00,7.12,139,32,0.004,0.200,0.060,0.005,21.4,,25,2.5,20,6.3,.5,999.2,1015.1,0,,23
2016-05-08 18:00:00,2.928,112,34,0.003,0.200,0.056,0.005,20.2,,28,2.2,50,6.6,1,998.9,1014.9,0,,19.3
2016-05-08 19:00:00,0.376,93,18,0.003,0.200,0.048,0.008,19.2,,29,1.7,50,6.4,.7,999,1015,0,,17.3
2016-05-08 20:00:00,0,81,21,0.003,0.200,0.049,0.005,18.8,,29,1.1,50,6.2,.3,998.9,1014.9,0,,16.5
2016-05-08 21:00:00,0,79,20,0.003,0.200,0.038,0.009,17,0,37,.9,200,7.1,2.1,999.4,1015.6,,,16
2016-05-08 22:00:00,0,64,23,0.003,0.200,0.035,0.008,16.9,,34,.4,0,6.5,.9,999.3,1015.5,,,15.6
2016-05-08 23:00:00,0,64,24,0.003,0.200,0.034,0.007,16.4,,42,.6,340,7.8,3.4,998.8,1015,,,15.2
2016-05-09 00:00:00,0,52,18,0.003,0.200,0.032,0.007,15.7,,45,.5,110,8,3.7,998.6,1014.9,,,14.8
2016-05-09 01:00:00,0,55,20,0.003,0.200,0.032,0.005,14.7,,54,.1,0,9,5.4,998.1,1014.5,,,14.3
2016-05-09 02:00:00,0,36,16,0.003,0.200,0.030,0.006,14.4,,59,.1,0,9.6,6.4,997.5,1013.8,,,14.3
2016-05-09 03:00:00,0,43,19,0.003,0.200,0.029,0.005,14.4,,60,.2,0,9.8,6.7,996.8,1013.1,,,14.6
2016-05-09 04:00:00,0,37,23,0.003,0.200,0.029,0.005,14,0,64,1,340,10.2,7.2,996.4,1012.7,,,14.3
2016-05-09 05:00:00,0,43,18,0.003,0.200,0.027,0.005,13.5,0,71,.5,250,10.9,8.3,996.3,1012.6,,,14.2
2016-05-09 06:00:00,0,35,15,0.003,0.200,0.029,0.005,12.9,.2,80,.9,340,11.9,9.5,996.5,1012.9,0,,14.2
2016-05-09 07:00:00,0.06,36,16,0.003,0.200,0.025,0.007,13.3,0,80,.9,250,12.2,9.9,996.6,1013,0,,15.5
2016-05-09 08:00:00,0.96,41,16,0.003,0.200,0.023,0.011,14.1,,71,.5,270,11.4,8.9,996.4,1012.7,0,,16.7
2016-05-09 09:00:00,1.832,37,17,0.003,0.200,0.023,0.014,15.2,,65,.6,290,11.2,8.6,996.4,1012.7,0,,18.1
2016-05-09 10:00:00,4.316,42,20,0.003,0.200,0.027,0.013,17.2,,57,.7,320,11.1,8.5,996.2,1012.3,0,,21.2
2016-05-09 11:00:00,7.232,42,16,0.003,0.200,0.030,0.012,19.5,,50,1.1,70,11.2,8.7,995.6,1011.5,0,,25.6
2016-05-09 12:00:00,14.156,51,18,0.003,0.200,0.041,0.008,21.7,,46,1.5,70,11.9,9.5,994.8,1010.6,.2,,29.3
2016-05-09 13:00:00,8.896,43,16,0.003,0.200,0.042,0.010,21.2,,42,1.5,90,10.5,7.7,994.2,1010.1,0,,26.7
2016-05-09 14:00:00,12.292,48,15,0.003,0.200,0.047,0.008,22.7,0,37,1.2,360,10.2,7.2,993.3,1009,.5,,30.6
2016-05-09 15:00:00,6.96,50,25,0.003,0.200,0.051,0.007,22.1,,35,2.3,110,9.3,5.9,993,1008.8,0,,28
2016-05-09 16:00:00,9.728,60,19,0.003,0.200,0.049,0.010,21.4,,39,2,70,9.9,6.8,992.9,1008.7,0,,23.3
2016-05-09 17:00:00,5.556,55,15,0.003,0.200,0.047,0.013,21,,37,1.5,70,9.2,5.7,992.5,1008.3,0,,21.4
2016-05-09 18:00:00,1.132,55,16,0.004,0.200,0.039,0.015,20.5,,41,2,70,9.8,6.7,992.4,1008.3,0,,20.1
2016-05-09 19:00:00,0.228,50,24,0.004,0.200,0.038,0.012,19.5,,47,.4,0,10.6,7.8,992.6,1008.4,0,,19.1
2016-05-09 20:00:00,0,52,24,0.003,0.200,0.035,0.009,18.7,,56,1.2,90,12,9.7,992.5,1008.4,0,,18.1
2016-05-09 21:00:00,0,48,14,0.005,0.300,0.027,0.015,18.2,,58,.8,140,12,9.7,992.8,1008.8,,,17.7
2016-05-09 22:00:00,0,58,25,0.003,0.200,0.031,0.009,17.7,,65,.3,0,13.1,11,992.9,1008.9,,,17.4
2016-05-09 23:00:00,0,50,18,0.005,0.300,0.021,0.017,17.4,,68,.7,70,13.5,11.4,992.7,1008.7,,,17.2
2016-05-10 00:00:00,0,50,29,0.004,0.200,0.025,0.010,17.2,,66,1.3,110,12.9,10.7,992.1,1008.1,,,16.8
2016-05-10 01:00:00,0,43,23,0.005,0.300,0.016,0.014,16.6,,70,.3,0,13.1,11,992.1,1008.2,,,16.5
2016-05-10 02:00:00,0,45,24,0.004,0.300,0.014,0.014,16.5,,70,.9,140,13.1,11,991.4,1007.5,,,16.3
2016-05-10 03:00:00,0,43,28,0.005,0.300,0.014,0.013,16.3,,71,.5,110,13.1,11,990.9,1007,,,16.1
2016-05-10 04:00:00,0,54,27,0.005,0.300,0.010,0.015,15.9,,74,.3,0,13.3,11.2,990.8,1006.9,,,16
2016-05-10 05:00:00,0,48,27,0.005,0.300,0.009,0.019,14.8,.6,89,.3,0,14.9,12.9,990.4,1006.6,,,15.8
2016-05-10 06:00:00,0,55,35,0.004,0.300,0.007,0.017,14.6,1.4,90,.5,290,14.9,12.9,990.6,1006.8,0,,15.6
2016-05-10 07:00:00,0.024,52,32,0.004,0.300,0.010,0.015,14.4,3,92,.7,230,15.1,13.1,989.3,1005.5,0,,15.9
2016-05-10 08:00:00,0.072,42,30,0.005,0.400,0.013,0.017,14.7,1,92,.2,0,15.4,13.4,989.4,1005.6,0,,16.1
2016-05-10 09:00:00,0.772,46,37,0.005,0.400,0.012,0.020,14.8,2.5,92,.9,50,15.5,13.5,990.2,1006.4,0,,16.4
2016-05-10 10:00:00,3.096,50,31,0.005,0.400,0.019,0.017,15.3,1,86,1.1,160,14.9,12.9,988.8,1005,0,,18
2016-05-10 11:00:00,2.58,34,30,0.004,0.300,0.032,0.012,15,1.5,88,.9,200,15,13,988.7,1004.9,0,,17.5
2016-05-10 12:00:00,2.14,31,22,0.004,0.400,0.031,0.014,14.8,2,90,1.2,180,15.1,13.1,988.4,1004.6,0,,17.3
2016-05-10 13:00:00,4.48,32,24,0.003,0.400,0.030,0.015,14.8,3,93,.6,340,15.6,13.6,988.1,1004.3,0,,17.7
2016-05-10 14:00:00,3.056,37,24,0.003,0.300,0.034,0.013,14.8,2,92,.8,250,15.5,13.5,987.1,1003.3,0,,17.7
2016-05-10 15:00:00,2.324,23,16,0.003,0.300,0.033,0.013,15,2,93,.1,0,15.8,13.8,986.6,1002.8,0,,17.6
2016-05-10 16:00:00,1.84,15,,0.003,0.300,0.031,0.013,14.9,1,93,1.6,270,15.7,13.7,986,1002.2,0,,17.3
2016-05-10 17:00:00,0.704,16,12,0.003,0.300,0.031,0.014,13.9,2,92,1.1,250,14.6,12.6,986.7,1002.9,0,,16.7
2016-05-10 18:00:00,0.724,14,11,0.003,0.200,0.042,0.008,13.5,0,87,2.1,180,13.4,11.3,986.9,1003.1,0,,15.6
2016-05-10 19:00:00,0.112,12,7,0.003,0.200,0.048,0.005,13,0,92,1.3,250,13.7,11.7,987.8,1004,0,,15.3
2016-05-10 20:00:00,0,9,6,0.003,0.200,0.047,0.004,12.1,.5,91,1.5,320,12.8,10.6,988.6,1004.9,0,,14.5
2016-05-10 21:00:00,0,7,4,0.003,0.200,0.044,0.005,12,0,91,1.9,340,12.7,10.5,989.1,1005.4,,,14.2
2016-05-10 22:00:00,0,10,4,0.003,0.200,0.039,0.006,12,,91,1.6,340,12.7,10.5,989.7,1006.1,,,13.9
2016-05-10 23:00:00,0,13,9,0.003,0.200,0.032,0.009,12.1,.5,91,1.3,360,12.8,10.6,990.1,1006.5,,,13.8
2016-05-11 00:00:00,0,20,9,0.003,0.200,0.034,0.005,11.9,0,92,1.2,20,12.8,10.6,990.3,1006.7,,,13.6
2016-05-11 01:00:00,0,20,6,0.003,0.200,0.030,0.005,12,,93,.6,320,12.9,10.8,990.1,1006.5,,,13.6
2016-05-11 02:00:00,0,15,11,0.003,0.200,0.028,0.004,12,.1,93,.8,360,12.9,10.8,990.2,1006.6,,,13.5
2016-05-11 03:00:00,0,16,10,0.003,0.200,0.026,0.004,12,,93,.5,290,12.9,10.8,990.5,1006.9,,,13.5
2016-05-11 04:00:00,0,16,7,0.003,0.200,0.026,0.004,12,,93,.7,230,12.9,10.8,991,1007.4,,,13.5
2016-05-11 05:00:00,0,15,7,0.003,0.200,0.020,0.003,12,.2,93,.6,250,12.9,10.8,991.3,1007.7,,,13.4
2016-05-11 06:00:00,0,16,7,0.003,0.200,0.025,0.004,12,.2,94,.6,320,13.1,11,992.1,1008.5,0,,13.4
2016-05-11 07:00:00,0.176,17,8,0.003,0.200,0.023,0.007,12.4,0,93,.5,50,13.3,11.2,992.4,1008.8,0,,14.7
2016-05-11 08:00:00,2.488,17,5,0.003,0.200,0.025,0.008,13.3,,85,.6,20,12.9,10.8,992.6,1008.9,0,,16.7
2016-05-11 09:00:00,6.028,18,7,0.003,0.200,0.030,0.009,14.5,,78,1.1,320,12.9,10.7,993,1009.2,0,,20.8
2016-05-11 10:00:00,12.268,23,10,0.003,0.200,0.042,0.005,15.6,,70,1.1,270,12.4,10.1,993,1009.2,.9,,25.9
2016-05-11 11:00:00,16.676,21,10,0.003,0.200,0.047,0.004,18.5,,65,1.6,340,13.7,11.7,993.2,1009.1,1,,33.4
2016-05-11 12:00:00,20.028,22,7,0.003,0.200,0.047,0.004,19.9,,55,1.6,290,12.7,10.5,992.9,1008.9,1,,34.6
2016-05-11 13:00:00,22.744,21,4,0.003,0.200,0.046,0.004,21.6,,45,1.2,290,11.6,9.1,992.7,1008.5,1,,35.2
2016-05-11 14:00:00,22.412,22,4,0.003,0.200,0.044,0.007,21.8,,39,2.2,70,10.2,7.2,992.3,1008.1,1,,35.9
2016-05-11 15:00:00,30.872,31,4,0.007,0.400,0.046,0.011,22,,50,2.4,50,13.1,11,992.5,1008.3,1,,32.3
2016-05-11 16:00:00,25.7,30,5,0.013,0.600,0.052,0.020,21.8,,50,3.2,110,13,10.9,992.3,1008.1,.8,,31.9
2016-05-11 17:00:00,17.796,40,22,0.019,0.700,0.048,0.026,21.3,,50,2.7,50,12.6,10.4,992.5,1008.3,1,,27.5
2016-05-11 18:00:00,9.708,45,25,0.020,0.700,0.039,0.031,19.9,,59,3.5,50,13.7,11.6,992.8,1008.8,.5,,21.3
2016-05-11 19:00:00,5.376,60,19,0.013,0.500,0.042,0.022,18.3,,66,2.7,90,13.8,11.8,993.9,1009.9,.3,,19.2
2016-05-11 20:00:00,0.032,31,16,0.007,0.300,0.045,0.015,16.8,,72,2.4,50,13.7,11.7,994.6,1010.7,0,,17.4
2016-05-11 21:00:00,0,21,15,0.007,0.200,0.039,0.016,15.6,,79,2.4,70,13.9,11.9,995.6,1011.8,,,16.1
2016-05-11 22:00:00,0,17,12,0.006,0.200,0.034,0.016,14.7,,83,1.7,70,13.8,11.8,996.7,1013,,,15.2
2016-05-11 23:00:00,0,31,14,0.005,0.200,0.029,0.016,13.6,,89,.8,160,13.8,11.8,997.3,1013.7,,,14.3
2016-05-12 00:00:00,0,32,20,0.004,0.200,0.032,0.010,13.3,,91,.9,270,13.8,11.8,996.9,1013.3,,,13.6
2016-05-12 01:00:00,0,37,23,0.003,0.200,0.027,0.008,13.3,,90,1,270,13.7,11.6,996.7,1013.1,,,14.4
2016-05-12 02:00:00,0,36,19,0.003,0.200,0.023,0.008,13.4,,89,.8,50,13.7,11.6,997.3,1013.7,,,14.9
2016-05-12 03:00:00,0,34,17,0.003,0.200,0.021,0.007,13.7,,88,.8,140,13.7,11.7,997.4,1013.8,,,15.1
2016-05-12 04:00:00,0,33,22,0.003,0.200,0.021,0.006,13.5,,89,1.2,290,13.7,11.7,997.6,1014,,,15.1
2016-05-12 05:00:00,0,25,19,0.003,0.300,0.017,0.006,13.4,,90,.6,270,13.7,11.7,997.3,1013.7,,,15.1
2016-05-12 06:00:00,0,35,20,0.003,0.300,0.013,0.006,13.3,,87,1.7,290,13.2,11.1,997.8,1014.2,0,,15
2016-05-12 07:00:00,0.872,39,31,0.003,0.300,0.011,0.006,13.1,,90,1.1,340,13.5,11.4,997.7,1014.1,0,,15.6
2016-05-12 08:00:00,2.892,31,28,0.003,0.300,0.015,0.007,13.5,,88,2.2,320,13.6,11.5,999.4,1015.8,0,,17
2016-05-12 09:00:00,7.456,40,25,0.006,0.400,0.023,0.010,15.3,,79,1.7,320,13.7,11.6,999.3,1015.6,0,,21.4
2016-05-12 10:00:00,15.6,42,32,0.010,0.500,0.044,0.016,17.2,,70,1.5,360,13.7,11.6,999.5,1015.7,.7,,29.4
2016-05-12 11:00:00,22.772,62,35,0.010,0.400,0.063,0.017,19.8,,60,1.7,290,13.8,11.8,999,1015.1,1,,33.7
2016-05-12 12:00:00,27.412,55,31,0.010,0.300,0.077,0.017,22.9,,33,3.1,70,9.2,5.7,998.3,1014.1,1,,34.9
2016-05-12 13:00:00,30.576,45,19,0.021,0.700,0.082,0.027,24,,32,3.5,50,9.5,6.2,997.4,1013.1,1,,34.3
2016-05-12 14:00:00,32.672,69,27,0.024,0.700,0.088,0.026,,,,,,,,,,,,
2016-05-12 15:00:00,32.388,57,28,0.012,0.400,0.075,0.017,24.4,,32,3.1,50,9.7,6.6,996,1011.6,1,,33.2
2016-05-12 16:00:00,30.064,39,20,0.010,0.400,0.062,0.016,23.7,,33,3.9,90,9.6,6.4,995.5,1011.1,1,,30.4
2016-05-12 17:00:00,25.088,44,15,0.011,0.400,0.055,0.019,24,,34,2.5,70,10.1,7.1,995.2,1010.8,1,,28.2
2016-05-12 18:00:00,16.736,40,12,0.014,0.400,0.047,0.025,22.7,,33,3.5,70,9,5.5,995.4,1011.1,1,,21.9
2016-05-12 19:00:00,5.956,39,15,0.019,0.600,0.037,0.033,20.1,,47,3.2,20,11,8.4,995.8,1011.8,.8,,18.5
2016-05-12 20:00:00,0.016,57,17,0.013,0.400,0.037,0.027,18.6,,53,1.7,50,11.3,8.8,996.5,1012.5,0,,16.7
2016-05-12 21:00:00,0,41,17,0.009,0.400,0.038,0.019,17.1,,62,1.2,360,12,9.7,997.5,1013.6,,,15.7
2016-05-12 22:00:00,0,49,18,0.004,0.200,0.047,0.007,15.8,,72,.8,70,12.9,10.7,998.4,1014.7,,,14.8
2016-05-12 23:00:00,0,26,18,0.003,0.200,0.050,0.005,14.5,,80,.9,110,13.1,11,998.7,1015,,,13.9
2016-05-13 00:00:00,0,23,17,0.003,0.200,0.052,0.004,12.7,,87,.4,0,12.7,10.5,999.3,1015.8,,,13
2016-05-13 01:00:00,0,26,16,0.003,0.200,0.032,0.005,12,,90,.1,0,12.6,10.4,999.7,1016.2,,,12.1
2016-05-13 02:00:00,0,19,14,0.003,0.200,0.030,0.005,11.7,,91,.5,270,12.4,10.2,999.6,1016.1,,,11.5
2016-05-13 03:00:00,0,20,13,0.003,0.200,0.031,0.004,11.2,,91,.7,320,12,9.7,999.7,1016.3,,,11.2
2016-05-13 04:00:00,0,26,15,0.003,0.200,0.024,0.004,12.4,,86,1.1,140,12.4,10.1,1000.1,1016.6,,,11.1
2016-05-13 05:00:00,0,21,12,0.003,0.200,0.024,0.005,13.9,,76,.6,360,12,9.7,999.9,1016.3,,,11
2016-05-13 06:00:00,0,24,15,0.003,0.200,0.019,0.005,11.9,,86,1.6,250,11.9,9.6,1000.8,1017.4,0,,11.5
2016-05-13 07:00:00,1.304,20,13,0.003,0.200,0.020,0.007,13.7,,80,.7,340,12.5,10.3,1001.6,1018,.2,,14.4
2016-05-13 08:00:00,4.244,31,12,0.003,0.200,0.023,0.009,17.1,,68,2.2,320,13.2,11.1,1002,1018.2,.8,,19.3
2016-05-13 09:00:00,9.176,35,19,0.003,0.200,0.039,0.008,17.9,,62,2.3,320,12.7,10.5,1002.5,1018.6,.8,,23.1
2016-05-13 10:00:00,11.848,39,26,0.003,0.200,0.050,0.006,17.4,,66,2.6,340,13,10.9,1003,1019.2,0,,20.6
2016-05-13 11:00:00,11.796,48,25,0.003,0.300,0.052,0.008,19,,61,1.1,340,13.3,11.2,1003.1,1019.1,.3,,25.2
2016-05-13 12:00:00,16.708,42,30,0.003,0.300,0.053,0.007,19.4,,58,.9,20,13,10.9,1002.8,1018.8,.2,,25.6
2016-05-13 13:00:00,20.596,47,24,0.003,0.300,0.056,0.005,21.9,,47,1.3,320,12.3,10,1002.5,1018.4,.6,,33.2
2016-05-13 14:00:00,25.196,46,25,0.003,0.200,0.056,0.005,20.8,,48,1.7,340,11.7,9.3,1002.5,1018.5,.2,,25.9
2016-05-13 15:00:00,13.276,47,27,0.004,0.200,0.057,0.007,22.2,,47,1.5,290,12.5,10.3,1003.1,1019,.2,,28.7
2016-05-13 16:00:00,21.456,46,26,0.003,0.200,0.063,0.007,21.4,,53,1.2,70,13.5,11.4,1003.1,1019.1,.4,,24.7
2016-05-13 17:00:00,21.004,46,26,0.003,0.200,0.059,0.005,21.6,,45,2,50,11.6,9.1,1003.5,1019.5,.7,,25
2016-05-13 18:00:00,9.128,40,19,0.003,0.200,0.058,0.005,21.3,,45,2.5,90,11.3,8.8,1003.8,1019.8,1,,21.3
2016-05-13 19:00:00,3.24,42,25,0.005,0.300,0.066,0.009,19.6,,54,1.1,160,12.3,10,1004.5,1020.5,.8,,18.7
2016-05-13 20:00:00,0,58,31,0.008,0.400,0.071,0.014,18.5,,61,2.2,70,12.9,10.8,1005.1,1021.2,0,,17
2016-05-13 21:00:00,0,59,35,0.006,0.300,0.059,0.011,17.5,,68,2.4,50,13.6,11.5,1006.3,1022.5,,,16.4
2016-05-13 22:00:00,0,49,23,0.005,0.300,0.048,0.013,16.5,,71,1.9,70,13.3,11.2,1006.9,1023.2,,,15.2
2016-05-13 23:00:00,0,53,34,0.004,0.300,0.040,0.011,14.5,,79,.3,0,12.9,10.8,1007.3,1023.7,,,14.3
2016-05-14 00:00:00,0,44,34,0.004,0.300,0.033,0.011,13.6,,86,.4,0,13.3,11.2,1007.7,1024.2,,,13.3
2016-05-14 01:00:00,0,50,33,0.003,0.300,0.029,0.010,12.5,,88,.4,0,12.7,10.5,1008,1024.6,,,12.2
2016-05-14 02:00:00,0,47,37,0.003,0.300,0.026,0.009,11.9,,88,.7,70,12.2,9.9,1008,1024.7,,,11.7
2016-05-14 03:00:00,0,40,39,0.003,0.300,0.025,0.008,11.4,,90,.5,90,12.1,9.8,1008,1024.7,,,11.5
2016-05-14 04:00:00,0,42,31,0.003,0.300,0.024,0.007,10.8,,90,.3,0,11.6,9.2,1008,1024.8,,,11.3
2016-05-14 05:00:00,0,41,33,0.003,0.300,0.019,0.007,10.2,,92,.4,0,11.4,8.9,1008,1024.8,,,10.3
2016-05-14 06:00:00,0.044,44,34,0.003,0.300,0.020,0.008,10.3,,93,.6,50,11.6,9.2,1008.5,1025.3,0,,11.1
2016-05-14 07:00:00,0.672,45,31,0.003,0.300,0.020,0.010,11.3,,89,1.2,340,11.9,9.5,1008.8,1025.5,.6,,12.7
2016-05-14 08:00:00,1.856,52,33,0.003,0.300,0.040,0.005,14.1,,77,.7,340,12.4,10.1,1008.5,1025,1,,18.7
2016-05-14 09:00:00,7.132,37,22,0.003,0.300,0.049,0.004,16.7,,55,1.2,340,10.4,7.6,1008.4,1024.7,1,,25.6
2016-05-14 10:00:00,15.592,39,22,0.003,0.300,0.050,0.005,18.9,,45,2.6,70,9.7,6.6,1008,1024.1,1,,30.1
2016-05-14 11:00:00,23.152,33,15,0.003,0.300,0.054,0.007,20.9,,46,2,70,11.3,8.8,1007.4,1023.5,1,,33.5
2016-05-14 12:00:00,28.14,63,21,0.003,0.300,0.058,0.005,21.9,,45,1.5,70,11.8,9.4,1006.7,1022.7,1,,35.4
2016-05-14 13:00:00,30.196,50,20,0.003,0.300,0.063,0.004,23.5,,40,1.8,20,11.6,9.1,1005.9,1021.7,1,,35.6
2016-05-14 14:00:00,30.14,53,19,0.003,0.300,0.066,0.006,23.2,,39,2.5,20,11,8.4,1005,1020.8,1,,34.8
2016-05-14 15:00:00,29.768,48,28,0.004,0.300,0.068,0.009,24,,38,2.4,50,11.2,8.7,1004.1,1019.9,1,,34.2
2016-05-14 16:00:00,27.332,53,26,0.006,0.300,0.073,0.013,23,,39,2.3,70,10.9,8.2,1003.4,1019.2,1,,30.4
2016-05-14 17:00:00,18.708,53,26,0.007,0.300,0.074,0.013,23.1,,41,2,50,11.6,9.1,1003.1,1018.9,1,,28.4
2016-05-14 18:00:00,9.08,53,18,0.007,0.200,0.066,0.013,21.8,,42,2.2,20,10.9,8.3,1003.2,1019.1,.8,,23
2016-05-14 19:00:00,2.868,46,17,0.006,0.200,0.057,0.014,20.4,,43,2.9,50,10.2,7.3,1003.5,1019.6,.2,,19.7
2016-05-14 20:00:00,0.08,43,21,0.006,0.300,0.050,0.017,19,,51,2.8,50,11.2,8.6,1003.7,1019.8,0,,17.5
2016-05-14 21:00:00,0,45,23,0.005,0.200,0.041,0.012,18.3,,56,3.3,50,11.7,9.3,1003.9,1020,,,16.5
2016-05-14 22:00:00,0,41,23,0.004,0.200,0.034,0.011,17.4,,61,5,70,12,9.7,1003.7,1019.9,,,15.5
2016-05-14 23:00:00,0,44,25,0.004,0.200,0.031,0.010,16.6,,64,3.5,50,12,9.7,1003.5,1019.8,,,14.8
2016-05-15 00:00:00,0,40,23,0.003,0.200,0.029,0.009,15.7,,69,1.2,50,12.3,10,1003.3,1019.7,,,14.4
2016-05-15 01:00:00,0,42,21,0.003,0.200,0.027,0.007,15.5,,66,1.7,50,11.6,9.1,1002.6,1019,,,14
2016-05-15 02:00:00,0,37,20,0.003,0.200,0.026,0.007,14.6,,69,1.7,110,11.4,8.9,1002,1018.4,,,13.3
2016-05-15 03:00:00,0,37,15,0.003,0.300,0.021,0.007,13.8,,74,.7,340,11.6,9.2,1001.6,1018,,,12.6
2016-05-15 04:00:00,0,39,20,0.003,0.200,0.021,0.007,12.4,,82,.8,340,11.8,9.4,1001.1,1017.6,,,12.5
2016-05-15 05:00:00,0,32,19,0.003,0.200,0.020,0.006,11.7,,88,.2,0,12,9.7,1000.7,1017.3,,,11.6
2016-05-15 06:00:00,0,32,23,0.003,0.200,0.018,0.006,11.3,,89,.5,90,11.9,9.5,1000.2,1016.8,0,,11.7
2016-05-15 07:00:00,0.688,36,22,0.003,0.200,0.017,0.007,12.8,,83,.7,340,12.2,9.9,999.9,1016.4,.8,,14.5
2016-05-15 08:00:00,3.296,39,26,0.003,0.300,0.018,0.011,15.9,,71,1.3,340,12.8,10.6,999.5,1015.8,1,,20.8
2016-05-15 09:00:00,5.832,47,31,0.004,0.300,0.019,0.015,17.2,,69,2.3,340,13.5,11.4,998.4,1014.5,.9,,21.9
2016-05-15 10:00:00,12.396,65,32,0.008,0.500,0.029,0.014,18.6,,69,4,50,14.7,12.7,997.8,1013.8,.6,,23.8
2016-05-15 11:00:00,12.032,53,25,0.017,1.200,0.027,0.025,21.5,,62,4,70,15.9,13.9,996.8,1012.7,1,,30.2
2016-05-15 12:00:00,12.66,62,35,0.022,1.200,0.024,0.027,23.4,,54,4,70,15.5,13.5,995.9,1011.6,1,,34.9
2016-05-15 13:00:00,5.556,81,38,0.020,1.100,0.028,0.023,22.3,,60,3.2,20,16.1,14.1,995.5,1011.3,.3,,28.9
2016-05-15 14:00:00,3.78,68,38,0.021,0.700,0.029,0.024,21.5,,66,3.2,50,16.8,14.8,995.1,1010.9,.9,,32.6
2016-05-15 15:00:00,3.46,73,31,0.014,0.500,0.031,0.022,21.1,,70,3.8,50,17.5,15.4,993.9,1009.8,.8,,29.2
2016-05-15 16:00:00,1.652,61,39,0.014,0.600,0.032,0.020,21.3,,73,3.5,70,18.4,16.2,993.6,1009.4,.6,,27.9
2016-05-15 17:00:00,0.324,64,39,0.012,0.500,0.030,0.018,20.8,,76,2.8,50,18.6,16.4,992.8,1008.7,.2,,23.5
2016-05-15 18:00:00,0.088,70,38,0.013,0.700,0.024,0.019,21.1,,77,3.1,50,19.2,16.9,991.7,1007.5,0,,22
2016-05-15 19:00:00,0,66,35,0.011,0.700,0.021,0.017,21.6,0,75,3.2,50,19.2,16.9,990.9,1006.7,0,,21
2016-05-15 20:00:00,0,51,34,0.008,0.500,0.022,0.013,21.9,0,74,3.5,50,19.4,17,990.4,1006.1,0,,20.5
2016-05-15 21:00:00,0,42,27,0.006,0.300,0.018,0.012,22.3,,73,3.2,20,19.6,17.2,989.5,1005.2,,,20.3
2016-05-15 22:00:00,0,32,22,0.005,0.200,0.017,0.010,23.5,0,65,4.2,70,18.8,16.5,988.2,1003.8,,,20
2016-05-15 23:00:00,0,17,11,0.006,0.300,0.014,0.012,20.7,1.5,87,2.2,360,21.2,18.4,988.6,1004.4,,,20.1
2016-05-16 00:00:00,0,15,12,0.004,0.100,0.023,0.005,15.5,3.5,85,3.1,20,14.9,12.9,989.8,1006,,,17.5
2016-05-16 01:00:00,0,13,7,0.003,0.200,0.031,0.004,14.7,1.5,88,2.6,340,14.7,12.7,990.4,1006.6,,,16.5
2016-05-16 02:00:00,0,11,4,0.003,0.200,0.045,0.003,14.9,.5,70,6,270,11.8,9.4,990.6,1006.8,,,15.5
2016-05-16 03:00:00,0,10,4,0.003,0.200,0.047,0.003,13.2,.5,79,4,290,11.9,9.6,989.9,1006.2,,,14.7
2016-05-16 04:00:00,0,9,6,0.003,0.200,0.046,0.003,12.5,2,78,5.8,270,11.2,8.7,991.3,1007.6,,,13.8
2016-05-16 05:00:00,0,6,5,0.003,0.200,0.045,0.003,11.5,1.5,74,4.8,290,10,7,992.5,1008.9,,,12.9
2016-05-16 06:00:00,0,9,8,0.003,0.200,0.045,0.003,10.8,1,72,3.5,290,9.3,5.9,992.8,1009.3,0,,12.3
2016-05-16 07:00:00,0.028,13,7,0.003,0.200,0.043,0.005,10.1,1,80,2.9,320,9.8,6.7,993,1009.6,0,,12.3
2016-05-16 08:00:00,0.644,15,11,0.003,0.200,0.037,0.008,10.1,1,84,2.4,340,10.4,7.5,993.5,1010.1,0,,12.8
2016-05-16 09:00:00,4.804,29,18,0.003,0.200,0.037,0.008,12.6,0,72,2.9,340,10.4,7.6,993.9,1010.3,0,,16.6
2016-05-16 10:00:00,12.432,38,23,0.003,0.200,0.040,0.006,14.9,,47,4.9,290,7.9,3.6,994.2,1010.5,.4,,19.9
2016-05-16 11:00:00,19.308,36,23,0.003,0.200,0.041,0.006,16.6,,39,4.7,290,7.3,2.5,994.6,1010.7,.7,,22
2016-05-16 12:00:00,27.612,48,20,0.003,0.200,0.045,0.005,18.5,,37,5.1,290,7.8,3.5,994.5,1010.5,1,,29.8
2016-05-16 13:00:00,32.72,46,16,0.003,0.200,0.048,0.005,19.1,,33,4.6,290,7.3,2.4,994.2,1010.1,1,,30.5
2016-05-16 14:00:00,33.404,43,18,0.003,0.200,0.049,0.005,20.5,,23,5.3,290,5.6,-1.3,994.2,1010.1,1,,30.1
2016-05-16 15:00:00,32.492,51,15,0.003,0.200,0.049,0.005,20.8,,23,5.2,290,5.6,-1.1,994.1,1010,1,,29.6
2016-05-16 16:00:00,29.128,48,18,0.004,0.200,0.051,0.005,20.8,,25,4.5,320,6.1,0,994.4,1010.3,1,,29.2
2016-05-16 17:00:00,24.26,44,13,0.003,0.200,0.051,0.006,20.9,,23,3.6,290,5.7,-1,994.8,1010.7,1,,25.1
2016-05-16 18:00:00,11.816,40,13,0.004,0.200,0.051,0.006,19.8,,23,3.7,290,5.3,-1.9,995,1011,1,,19.6
2016-05-16 19:00:00,6.724,40,15,0.004,0.200,0.048,0.008,18.4,,26,3.6,270,5.5,-1.4,995.3,1011.3,.8,,16.6
2016-05-16 20:00:00,0.1,36,15,0.003,0.200,0.042,0.009,15.9,,27,1.2,290,4.9,-3.1,995.7,1011.9,0,,14.1
2016-05-16 21:00:00,0,39,19,0.003,0.200,0.035,0.010,12.9,,43,2.1,320,6.4,.6,996.5,1012.9,,,12.4
2016-05-16 22:00:00,0,36,20,0.003,0.200,0.035,0.007,11.6,,53,.3,0,7.2,2.3,997.2,1013.7,,,11.2
2016-05-16 23:00:00,0,33,17,0.003,0.200,0.032,0.007,10.2,,63,.4,0,7.8,3.4,997.7,1014.3,,,10.2
2016-05-17 00:00:00,0,31,15,0.003,0.200,0.031,0.005,8.3,,72,.6,340,7.8,3.5,997.6,1014.3,,,9.3
2016-05-17 01:00:00,0,21,13,0.003,0.200,0.029,0.005,7.6,,80,.6,90,8.3,4.3,997.6,1014.4,,,8.8
2016-05-17 02:00:00,0,29,15,0.003,0.200,0.026,0.005,6.8,,81,.6,320,8,3.7,997.9,1014.7,,,8
2016-05-17 03:00:00,0,23,20,0.003,0.200,0.025,0.004,6.4,,88,.3,0,8.4,4.5,997.8,1014.7,,,7.6
2016-05-17 04:00:00,0,20,13,0.003,0.200,0.019,0.005,6.2,,88,.2,0,8.3,4.3,998.3,1015.2,,,7.2
2016-05-17 05:00:00,0,19,,0.003,0.200,0.017,0.005,6,,88,.5,270,8.2,4.1,998.5,1015.4,,,7.1
2016-05-17 06:00:00,0,21,17,0.003,0.200,0.015,0.006,6.7,,85,.4,0,8.3,4.3,999.2,1016.1,0,,7.7
2016-05-17 07:00:00,0.888,17,11,0.003,0.200,0.016,0.007,10.5,,72,.4,0,9.1,5.6,999.9,1016.6,1,,10.5
2016-05-17 08:00:00,2.02,32,13,0.003,0.200,0.021,0.008,13.4,,57,.5,250,8.7,5,999.9,1016.3,1,,17
2016-05-17 09:00:00,7.24,37,19,0.004,0.200,0.027,0.010,18.9,,41,.6,200,8.9,5.3,999.9,1015.9,1,,24.7
2016-05-17 10:00:00,15.82,53,22,0.004,0.200,0.034,0.011,20.4,,38,.8,250,9,5.5,999.8,1015.8,1,,30.1
2016-05-17 11:00:00,22.756,51,20,0.004,0.200,0.048,0.006,23.5,,27,1.2,70,7.8,3.4,999.7,1015.4,1,,34
2016-05-17 12:00:00,27.24,44,15,0.005,0.200,0.061,0.005,24.4,,19,1.9,340,5.8,-.7,999.1,1014.7,1,,35.6
2016-05-17 13:00:00,28.724,55,20,0.004,0.200,0.062,0.006,26.4,,23,1.6,270,7.8,3.5,998.6,1014.2,1,,36.6
2016-05-17 14:00:00,29.5,52,23,0.005,0.300,0.064,0.006,27.2,,20,1.1,320,7.2,2.2,998,1013.6,1,,36.5
2016-05-17 15:00:00,28.248,,,,,,,27.3,,19,1.9,230,6.9,1.6,997.8,1013.4,1,,35.8
2016-05-17 16:00:00,26.176,,,0.006,0.300,0.068,0.006,28.4,,24,1.3,250,9.2,5.8,997.6,1013.1,1,,33.9
2016-05-17 17:00:00,22.632,49,18,0.005,0.300,0.070,0.006,27.3,,22,1.5,90,8,3.7,997.5,1013,1,,30.5
2016-05-17 18:00:00,15.364,43,15,0.018,0.600,0.059,0.028,26,,24,2.4,90,8,3.8,997.9,1013.6,1,,24.5
2016-05-17 19:00:00,4.836,65,29,0.014,0.400,0.074,0.024,23.6,,29,1.3,110,8.4,4.5,998.7,1014.4,.8,,21
2016-05-17 20:00:00,0.044,62,30,0.010,0.300,0.080,0.016,19.7,,45,.8,20,10.3,7.4,999.7,1015.8,0,,18.1
2016-05-17 21:00:00,0,63,30,0.011,0.300,0.061,0.020,17.2,,57,.5,230,11.1,8.5,1000.8,1017,,,16.3
2016-05-17 22:00:00,0,52,35,0.008,0.400,0.050,0.019,15.8,,65,.1,0,11.6,9.2,1001.7,1018,,,14.9
2016-05-17 23:00:00,0,63,35,0.010,0.600,0.040,0.021,14,,75,.3,0,11.9,9.6,1002.2,1018.6,,,13.7
2016-05-18 00:00:00,0,68,44,0.007,0.600,0.035,0.015,12.9,,77,.5,320,11.4,8.9,1002.3,1018.8,,,12.8
2016-05-18 01:00:00,0,52,39,0.005,0.400,0.032,0.011,12.1,,84,.7,70,11.8,9.4,1002.1,1018.7,,,12.1
2016-05-18 02:00:00,0,57,41,0.004,0.400,0.030,0.009,11.4,,85,.4,0,11.4,8.9,1002.1,1018.7,,,11.3
2016-05-18 03:00:00,0,50,40,0.004,0.400,0.028,0.009,10.7,,88,.5,360,11.2,8.7,1002,1018.7,,,10.7
2016-05-18 04:00:00,0,46,39,0.004,0.400,0.025,0.008,10.3,,90,.1,0,11.2,8.7,1002,1018.7,,,10
2016-05-18 05:00:00,0,52,37,0.004,0.500,0.022,0.007,9.6,,91,.6,270,10.8,8.1,1002.1,1018.8,,,9.6
2016-05-18 06:00:00,0,50,39,0.004,0.400,0.022,0.007,9.5,,91,.8,270,10.7,8,1002.6,1019.3,0,,9.8
2016-05-18 07:00:00,0.836,43,35,0.004,0.400,0.021,0.008,11.4,,84,.8,320,11.2,8.7,1002.9,1019.5,1,,12.6
2016-05-18 08:00:00,1.948,51,37,0.004,0.400,0.025,0.011,14.4,,71,1.1,270,11.6,9.2,1003.4,1019.8,1,,19.4
2016-05-18 09:00:00,7.196,52,33,0.005,0.400,0.031,0.012,18,,54,1.2,290,11.1,8.5,1003,1019.1,1,,26.5
2016-05-18 10:00:00,15.472,52,27,0.004,0.300,0.042,0.009,21.7,,43,.9,360,11.1,8.5,1002.7,1018.6,1,,31.5
2016-05-18 11:00:00,21.812,50,25,0.004,0.300,0.054,0.007,24.4,,36,1.1,290,10.9,8.3,1002.2,1017.9,1,,35.6
2016-05-18 12:00:00,25.444,52,30,0.004,0.200,0.063,0.008,27.6,,24,1.1,250,8.8,5.1,1001.7,1017.3,1,,38
2016-05-18 13:00:00,27.86,46,21,0.003,0.200,0.065,0.006,29.1,,13,2.2,290,5.2,-2.1,1001.2,1016.7,1,,37.8
2016-05-18 14:00:00,27.336,45,24,0.003,0.200,0.066,0.006,29.5,,12,3.5,250,4.9,-2.9,1000.8,1016.2,1,,37.1
2016-05-18 15:00:00,25.56,37,18,0.004,0.200,0.068,0.008,29.9,,14,2,200,5.9,-.5,1000.4,1015.9,1,,37.2
2016-05-18 16:00:00,24.048,43,14,0.005,0.200,0.068,0.012,29.7,,12,1.9,70,5,-2.7,1000.1,1015.6,1,,34.9
2016-05-18 17:00:00,21.656,46,21,0.010,0.300,0.077,0.021,29,,16,1,90,6.4,.6,1000.2,1015.7,1,,29.9
2016-05-18 18:00:00,13.968,56,29,0.009,0.300,0.084,0.019,27.7,,21,1.1,50,7.7,3.3,1000.1,1015.7,1,,26.2
2016-05-18 19:00:00,4.5,69,35,0.015,0.400,0.083,0.025,25.4,,27,1.2,90,8.7,5,1000.4,1016.1,.8,,22.1
2016-05-18 20:00:00,0.116,74,40,0.011,0.400,0.085,0.020,23.3,,37,1.8,20,10.5,7.7,1000.9,1016.7,0,,19.4
2016-05-18 21:00:00,0,95,43,0.009,0.300,0.082,0.017,19.8,,50,.8,250,11.5,9,1001.8,1017.9,,,17.6
2016-05-18 22:00:00,0,81,39,0.008,0.400,0.060,0.018,18.1,,60,.2,0,12.4,10.2,1002.4,1018.5,,,16.1
2016-05-18 23:00:00,0,71,50,0.007,0.400,0.048,0.018,16.3,,69,.5,270,12.7,10.5,1002.5,1018.8,,,15.3
2016-05-19 00:00:00,0,76,52,0.007,0.500,0.040,0.015,15.5,,74,.2,0,12.9,10.8,1002.6,1019,,,14.8
2016-05-19 01:00:00,0,67,47,0.005,0.400,0.036,0.012,14.1,,81,.4,0,12.9,10.8,1002.4,1018.8,,,13.7
2016-05-19 02:00:00,0,63,47,0.005,0.400,0.033,0.011,13.4,,82,.4,0,12.5,10.3,1002.3,1018.8,,,13
2016-05-19 03:00:00,0,64,47,0.005,0.500,0.030,0.011,12.5,,87,.2,0,12.5,10.3,1002.3,1018.8,,,12
2016-05-19 04:00:00,0,63,51,0.005,0.400,0.030,0.010,11.8,,89,.6,340,12.3,10,1002.4,1019,,,11.5
2016-05-19 05:00:00,0,61,45,0.004,0.400,0.027,0.009,10.8,,90,.8,340,11.6,9.2,1002.6,1019.3,,,10.8
2016-05-19 06:00:00,0.052,51,44,0.004,0.300,0.026,0.009,10.9,,91,.2,0,11.8,9.4,1003.2,1019.9,0,,11
2016-05-19 07:00:00,2,51,35,0.004,0.300,0.025,0.010,12.9,,84,.5,290,12.4,10.2,1003.3,1019.8,1,,14.4
2016-05-19 08:00:00,4.644,58,31,0.004,0.300,0.027,0.012,15.7,,67,1.1,290,11.9,9.5,1003.5,1019.9,1,,20.6
2016-05-19 09:00:00,8.448,44,30,0.004,0.300,0.029,0.012,17.9,,59,1.5,290,12,9.7,1003.6,1019.8,.9,,23.8
2016-05-19 10:00:00,16.576,54,31,0.004,0.300,0.036,0.012,19,,52,1.1,270,11.4,8.9,1003.2,1019.2,.5,,24.4
2016-05-19 11:00:00,22.816,58,31,0.005,0.300,0.062,0.008,23,,38,1.2,50,10.6,7.9,1003,1018.8,.4,,32.3
2016-05-19 12:00:00,26.712,50,31,0.005,0.200,0.072,0.007,25.6,,29,1,340,9.5,6.2,1002.1,1017.8,1,,35
2016-05-19 13:00:00,28.452,54,28,0.004,0.200,0.072,0.005,27.3,,20,1.7,230,7.2,2.3,1001.4,1017,1,,36.3
2016-05-19 14:00:00,24.02,49,22,0.004,0.200,0.069,0.004,27.2,,19,1.5,70,6.8,1.5,1000.8,1016.4,.9,,33.5
2016-05-19 15:00:00,29.252,39,22,0.004,0.200,0.073,0.005,27.8,,22,1.4,50,8.2,4.1,1000.4,1016,.8,,34.2
2016-05-19 16:00:00,23.108,43,26,0.006,0.200,0.076,0.009,27.1,,16,2,90,5.7,-.9,1000.1,1015.7,1,,31.6
2016-05-19 17:00:00,18.144,,,,,,,27.3,,19,1.8,90,6.9,1.6,999.9,1015.5,1,,30.4
2016-05-19 18:00:00,9.94,,,,,,,25.6,,29,1.5,180,9.5,6.2,999.9,1015.6,1,,25
2016-05-19 19:00:00,3.588,56,32,0.012,0.300,0.070,0.025,22,,39,.6,200,10.2,7.3,1000.3,1016.2,.3,,21.1
2016-05-19 20:00:00,0,64,39,0.011,0.300,0.066,0.023,19.1,,49,0,0,10.8,8.1,1000.8,1016.8,0,,17.8
2016-05-19 21:00:00,0,73,41,0.009,0.300,0.060,0.019,16.9,,58,.6,20,11.1,8.5,1001.6,1017.8,,,16.2
2016-05-19 22:00:00,0,71,38,0.007,0.300,0.049,0.017,15.6,,67,.4,0,11.8,9.4,1002.4,1018.8,,,14.8
2016-05-19 23:00:00,0,70,42,0.007,0.400,0.040,0.018,14.4,,72,.5,70,11.8,9.4,1002.6,1019,,,13.8
2016-05-20 00:00:00,0,70,51,0.005,0.400,0.036,0.014,13.5,,75,.3,0,11.6,9.1,1003,1019.5,,,12.8
2016-05-20 01:00:00,0,61,45,0.005,0.400,0.030,0.013,12.2,,80,.6,360,11.3,8.8,1002.9,1019.5,,,12
2016-05-20 02:00:00,0,58,41,0.005,0.300,0.032,0.010,11.5,,85,.3,0,11.5,9,1002.7,1019.3,,,11.3
2016-05-20 03:00:00,0,48,38,0.004,0.300,0.031,0.009,10.7,,88,.3,0,11.2,8.7,1002.8,1019.5,,,10.8
2016-05-20 04:00:00,0,47,34,0.003,0.300,0.035,0.007,10.2,,87,.8,340,10.8,8.1,1002.7,1019.4,,,10.3
2016-05-20 05:00:00,0,48,32,0.003,0.300,0.031,0.007,9.6,,89,.6,340,10.6,7.8,1002.6,1019.3,,,9.7
2016-05-20 06:00:00,0,38,29,0.003,0.300,0.033,0.007,9.5,,91,.3,0,10.7,8,1002.8,1019.5,.1,,10
2016-05-20 07:00:00,0.752,33,25,0.003,0.300,0.034,0.008,11.2,,81,.8,290,10.7,8,1002.6,1019.2,1,,12.9
2016-05-20 08:00:00,1.804,45,29,0.003,0.300,0.039,0.010,14.8,,67,.9,340,11.2,8.7,1002.7,1019.1,1,,18.9
2016-05-20 09:00:00,6.952,46,24,0.003,0.200,0.046,0.010,18.1,,56,1.1,250,11.6,9.1,1002.8,1018.9,1,,26.3
2016-05-20 10:00:00,15.164,38,28,0.003,0.200,0.057,0.008,21.9,,43,.9,360,11.2,8.7,1002.4,1018.3,1,,31.9
2016-05-20 11:00:00,21.952,46,20,0.002,0.200,0.064,0.004,25.2,,31,2.1,360,9.9,6.8,1002,1017.8,1,,37.1
2016-05-20 12:00:00,26.192,47,16,0.002,0.200,0.064,0.006,25.4,,29,2.5,90,9.3,6,1001.7,1017.5,1,,40.4
2016-05-20 13:00:00,27.312,39,17,0.002,0.200,0.066,0.005,26.8,,22,2.2,70,7.7,3.2,1001.2,1016.8,1,,41.6
2016-05-20 14:00:00,26.464,42,15,0.002,0.200,0.070,0.005,27.4,,21,1.7,230,7.6,3.1,1000.6,1016.2,1,,43.2
2016-05-20 15:00:00,30.336,46,16,0.002,0.200,0.074,0.005,27.8,,17,2.1,70,6.3,.4,1000.1,1015.7,1,,42.4
2016-05-20 16:00:00,26.344,56,15,0.003,0.200,0.076,0.006,28.1,,19,1.5,340,7.2,2.2,999.8,1015.3,1,,39.9
2016-05-20 17:00:00,22.848,45,22,0.004,0.200,0.076,0.008,27.7,,22,2.2,110,8.1,4,999.5,1015.1,1,,36.1
2016-05-20 18:00:00,11.368,50,16,0.007,0.200,0.071,0.015,27,,22,1.4,90,7.8,3.4,999.7,1015.3,1,,29
2016-05-20 19:00:00,3.584,47,15,0.008,0.200,0.068,0.016,24.2,,28,1.7,160,8.4,4.5,1000.5,1016.2,.7,,24
2016-05-20 20:00:00,0.208,44,21,0.005,0.200,0.060,0.016,22.1,,37,1.5,20,9.8,6.7,1001,1016.9,0,,20.5
2016-05-20 21:00:00,0,49,20,0.005,0.300,0.050,0.018,20.4,,43,1.1,250,10.2,7.3,1001.7,1017.7,,,18.5
2016-05-20 22:00:00,0,43,35,0.004,0.300,0.047,0.015,18.4,,53,.5,290,11.2,8.6,1002.4,1018.5,,,17.1
2016-05-20 23:00:00,0,39,25,0.005,0.200,0.043,0.014,17,,63,.4,0,12.1,9.8,1002.7,1018.9,,,16.2
2016-05-21 00:00:00,0,42,30,0.004,0.200,0.042,0.012,15.8,,70,.6,70,12.5,10.3,1002.9,1019.2,,,15.2
2016-05-21 01:00:00,0,43,25,0.003,0.200,0.040,0.009,14.7,,74,.3,0,12.4,10.1,1002.7,1019.1,,,14.3
2016-05-21 02:00:00,0,44,31,0.003,0.200,0.036,0.008,13.7,,78,.6,340,12.2,9.9,1002.8,1019.2,,,13.4
2016-05-21 03:00:00,0,31,29,0.002,0.200,0.034,0.007,12.9,,85,.5,50,12.6,10.4,1002.7,1019.2,,,12.5
2016-05-21 04:00:00,0,26,25,0.002,0.200,0.033,0.007,12.1,,87,.6,320,12.2,9.9,1002.9,1019.5,,,11.7
2016-05-21 05:00:00,0,26,23,0.002,0.200,0.033,0.006,11.7,,89,.8,340,12.2,9.9,1003.1,1019.7,,,11.7
2016-05-21 06:00:00,0.068,32,17,0.002,0.200,0.029,0.007,11.6,,90,.2,0,12.3,10,1003.5,1020.1,0,,11.6
2016-05-21 07:00:00,2.288,37,24,0.002,0.200,0.032,0.008,12.7,,84,.4,0,12.3,10,1004,1020.5,.6,,14.1
2016-05-21 08:00:00,4.4,36,23,0.002,0.200,0.038,0.009,15.7,,70,.9,270,12.4,10.2,1004.3,1020.7,1,,21.3
2016-05-21 09:00:00,8.656,39,26,0.003,0.200,0.045,0.009,19.1,,57,1.2,270,12.5,10.3,1003.9,1020,1,,26.8
2016-05-21 10:00:00,15.468,45,27,0.003,0.200,0.052,0.009,21.4,,46,1,290,11.6,9.2,1003.6,1019.6,1,,31.4
2016-05-21 11:00:00,22.964,43,24,0.002,0.200,0.061,0.006,23.1,,35,1,230,9.8,6.7,1003.3,1019.1,1,,32.9
2016-05-21 12:00:00,27.984,48,22,0.002,0.200,0.065,0.004,25.5,,19,2.2,90,6.2,.1,1002.5,1018.3,1,,41.2
2016-05-21 13:00:00,31.508,39,16,0.002,0.200,0.065,0.003,26.4,,17,2.7,360,5.8,-.6,1001.4,1017.1,1,,44
2016-05-21 14:00:00,30.256,41,16,0.002,0.200,0.064,0.004,27.2,,15,1.8,50,5.4,-1.7,1001,1016.6,1,,44.5
2016-05-21 15:00:00,29.928,30,16,0.002,0.200,0.065,0.004,26.7,,19,3.1,70,6.6,1.1,1000.6,1016.2,1,,44.2
2016-05-21 16:00:00,28.164,26,13,0.002,0.200,0.068,0.004,26.6,,18,2.9,90,6.2,.3,1000.1,1015.7,1,,39.4
2016-05-21 17:00:00,21.572,29,19,0.002,0.200,0.071,0.004,26.9,,20,1.8,70,7.1,2,1000.1,1015.7,1,,36.7
2016-05-21 18:00:00,13.784,34,15,0.007,0.300,0.085,0.015,25.2,,26,1.8,160,8.3,4.3,1000.4,1016.1,.9,,28.7
2016-05-21 19:00:00,4.208,52,33,0.007,0.300,0.079,0.016,22.7,,35,1.3,140,9.6,6.4,1000.8,1016.6,.3,,24.5
2016-05-21 20:00:00,0.076,52,37,0.005,0.300,0.068,0.013,21.7,,42,2.2,70,10.9,8.2,1001.5,1017.4,0,,21.2
2016-05-21 21:00:00,0,66,41,0.004,0.300,0.062,0.012,19.1,,53,.3,0,11.6,9.2,1002.3,1018.3,,,18.9
2016-05-21 22:00:00,0,53,42,0.004,0.300,0.050,0.014,18,,61,.3,0,12.5,10.3,1002.7,1018.8,,,17.5
2016-05-21 23:00:00,0,63,41,0.003,0.300,0.046,0.013,16.5,,67,.3,0,12.5,10.3,1002.9,1019.2,,,16.5
2016-05-22 00:00:00,0,57,44,0.003,0.300,0.047,0.010,15.4,,77,.7,20,13.4,11.3,1002.5,1018.9,,,15.5
2016-05-22 01:00:00,0,59,42,0.003,0.300,0.043,0.009,14.8,,76,.4,0,12.8,10.6,1002.4,1018.8,,,14.7
2016-05-22 02:00:00,0,51,45,0.003,0.300,0.039,0.008,13.7,,84,.2,0,13.1,11,1002,1018.4,,,13.5
2016-05-22 03:00:00,0,49,39,0.002,0.300,0.035,0.008,12.7,,84,.5,340,12.3,10,1001.7,1018.2,,,12.5
2016-05-22 04:00:00,0,48,41,0.002,0.300,0.034,0.008,11.8,,88,.6,320,12.1,9.8,1001.7,1018.3,,,11.4
2016-05-22 05:00:00,0,49,42,0.002,0.200,0.035,0.007,10.9,,90,.8,360,11.7,9.3,1002,1018.7,,,10.9
2016-05-22 06:00:00,0,44,40,0.002,0.200,0.035,0.007,11,,89,.4,0,11.6,9.2,1002.3,1018.9,0,,11.4
2016-05-22 07:00:00,1.12,46,34,0.002,0.300,0.036,0.008,12.3,,84,.7,360,11.9,9.6,1002.5,1019,.7,,14.3
2016-05-22 08:00:00,3.096,47,39,0.002,0.300,0.041,0.009,15.2,,67,1,270,11.6,9.1,1002.4,1018.8,1,,20.5
2016-05-22 09:00:00,8.292,56,42,0.002,0.300,0.050,0.007,18.2,,54,.6,230,11.2,8.7,1002,1018.1,.6,,26.2
2016-05-22 10:00:00,13.864,64,45,0.002,0.300,0.060,0.005,20.5,,37,.9,290,8.8,5.2,1001.7,1017.7,1,,34.9
2016-05-22 11:00:00,22.184,68,42,0.002,0.300,0.068,0.004,24.8,,25,1.5,50,7.8,3.4,1001.3,1017.1,1,,41.2
2016-05-22 12:00:00,27.596,58,41,0.002,0.200,0.068,0.004,25,,21,2.2,70,6.6,1.1,1000.9,1016.7,1,,43.8
2016-05-22 13:00:00,28.496,56,45,0.003,0.200,0.068,0.004,27.1,,25,1.9,50,8.9,5.3,1000.2,1015.8,1,,46.4
2016-05-22 14:00:00,29.88,49,35,0.004,0.200,0.072,0.004,27.1,,23,2.9,50,8.2,4.1,999.7,1015.3,1,,46.7
2016-05-22 15:00:00,27.996,53,29,0.004,0.200,0.073,0.005,27.4,,21,2.1,360,7.6,3.1,999.1,1014.7,1,,45.9
2016-05-22 16:00:00,26.52,48,31,0.004,0.200,0.073,0.004,27.5,,22,1.6,340,8,3.8,998.7,1014.3,1,,43.2
2016-05-22 17:00:00,22.308,46,27,0.006,0.200,0.076,0.009,28.1,,22,1.2,270,8.3,4.3,998.4,1013.9,1,,38.6
2016-05-22 18:00:00,14.548,47,30,0.009,0.300,0.079,0.016,26.3,,27,1.7,200,9.2,5.7,998.5,1014.1,1,,30.6
2016-05-22 19:00:00,5.196,51,36,0.008,0.300,0.076,0.016,24.3,,34,.7,160,10.3,7.4,999,1014.7,.9,,25.3
2016-05-22 20:00:00,0.152,55,37,0.007,0.300,0.060,0.019,20.4,,49,.7,250,11.7,9.3,999.3,1015.3,0,,21.2
2016-05-22 21:00:00,0,65,30,0.007,0.300,0.051,0.017,18.3,,59,.7,270,12.4,10.1,1000,1016.1,,,19.1
2016-05-22 22:00:00,0,65,41,0.005,0.300,0.046,0.014,17.5,,66,1.4,340,13.1,11,1000.7,1016.8,,,17.8
2016-05-22 23:00:00,0,64,40,0.005,0.300,0.041,0.015,17.2,,67,.3,0,13.1,11,1000.9,1017.1,,,16.2
2016-05-23 00:00:00,0,58,40,0.005,0.300,0.037,0.014,15.7,,75,.1,0,13.3,11.2,1001.3,1017.6,,,15.1
2016-05-23 01:00:00,0,57,41,0.004,0.300,0.038,0.011,14.2,,81,.6,340,13,10.9,1000.9,1017.3,,,14.1
2016-05-23 02:00:00,0,58,39,0.003,0.200,0.036,0.009,13.1,,85,.9,340,12.8,10.6,1000.8,1017.3,,,13.3
2016-05-23 03:00:00,0,45,40,0.003,0.200,0.037,0.008,12.4,,87,.4,0,12.4,10.2,1000.6,1017.1,,,12.4
2016-05-23 04:00:00,0,48,37,0.002,0.200,0.035,0.007,11.7,,91,.5,340,12.4,10.2,1000.4,1017,,,11.8
2016-05-23 05:00:00,0,52,41,0.002,0.200,0.034,0.007,11.1,,91,.4,0,11.9,9.6,1000.6,1017.2,,,11.1
2016-05-23 06:00:00,0.064,43,39,0.002,0.200,0.032,0.007,11.1,,91,.7,340,11.9,9.6,1000.5,1017.1,.1,,11.7
2016-05-23 07:00:00,1.124,48,39,0.002,0.300,0.032,0.008,13.7,,81,.4,0,12.6,10.4,1000.4,1016.8,1,,14.9
2016-05-23 08:00:00,2.236,60,43,0.003,0.300,0.035,0.013,16.1,,68,.9,320,12.4,10.1,1000.3,1016.6,1,,21.4
2016-05-23 09:00:00,7.42,60,38,0.003,0.300,0.049,0.010,18.8,,56,.9,230,12.1,9.8,999.8,1015.8,1,,29.6
2016-05-23 10:00:00,14.696,62,42,0.003,0.300,0.052,0.012,21.9,,44,.9,50,11.5,9,999.1,1015,1,,35.7
2016-05-23 11:00:00,20.972,61,37,0.004,0.300,0.068,0.007,25.3,,29,2,50,9.3,5.9,998.5,1014.2,1,,42
2016-05-23 12:00:00,24.82,58,35,0.005,0.300,0.073,0.008,25.5,,30,3.2,90,9.7,6.6,997.7,1013.4,1,,45.2
2016-05-23 13:00:00,27.348,62,34,0.006,0.300,0.074,0.010,26.5,,28,2.7,70,9.6,6.4,996.9,1012.5,1,,46.8
2016-05-23 14:00:00,24.456,59,39,0.019,0.700,0.067,0.029,26.7,,30,2.8,70,10.4,7.6,996.4,1012,1,,42.9
2016-05-23 15:00:00,23.4,80,47,0.015,0.600,0.085,0.020,27.5,,29,2.5,50,10.6,7.8,995.5,1011,1,,45.4
2016-05-23 16:00:00,24.972,80,40,0.015,0.400,0.084,0.020,27.5,,25,3,70,9.2,5.7,995,1010.5,1,,42.4
2016-05-23 17:00:00,17.176,71,40,0.015,0.400,0.070,0.020,26.4,,30,2.5,50,10.3,7.4,994.4,1010,.9,,35.8
2016-05-23 18:00:00,12.784,70,32,0.013,0.400,0.067,0.019,25.2,,33,3,50,10.5,7.7,994.5,1010.2,.9,,29.2
2016-05-23 19:00:00,2.272,63,37,0.015,0.400,0.062,0.024,23.9,,38,3.9,50,11.2,8.7,994.8,1010.4,0,,25.7
2016-05-23 20:00:00,0.2,65,38,0.016,0.400,0.049,0.029,22.9,,39,3.8,50,10.8,8.1,995.1,1010.8,0,,22.4
2016-05-23 21:00:00,0,73,48,0.012,0.400,0.045,0.021,21.7,,44,1.8,50,11.4,8.9,995.7,1011.5,,,21
2016-05-23 22:00:00,0,73,34,0.010,0.400,0.042,0.016,22.5,,43,3.3,90,11.6,9.2,995.6,1011.4,,,21.1
2016-05-23 23:00:00,0,66,45,0.007,0.400,0.032,0.017,22.5,,48,2,70,13,10.9,994.7,1010.4,,,20.6
2016-05-24 00:00:00,0,65,39,0.006,0.400,0.027,0.017,21.9,,54,3.9,70,14.1,12.1,994.6,1010.4,,,20.4
2016-05-24 01:00:00,0,69,47,0.005,0.400,0.024,0.015,21,,60,2.6,70,14.9,12.9,994.3,1010.2,,,20
2016-05-24 02:00:00,0,71,49,0.005,0.400,0.023,0.013,20.5,,66,3.4,50,15.9,13.9,993.7,1009.6,,,20.2
2016-05-24 03:00:00,0,62,50,0.013,0.300,0.029,0.016,20.4,,68,4.4,50,16.2,14.2,992.9,1008.8,,,20
2016-05-24 04:00:00,0,60,46,0.011,0.300,0.035,0.012,19.6,0,79,4.1,50,17.9,15.8,992.5,1008.3,,,19.5
2016-05-24 05:00:00,0,54,32,0.008,0.300,0.036,0.010,19.5,0,81,3.5,50,18.3,16.1,992.4,1008.2,,,19.4
2016-05-24 06:00:00,0,42,24,0.010,0.700,0.026,0.019,19,,88,1.3,50,19.2,16.9,992.4,1008.3,0,,19.4
2016-05-24 07:00:00,0,50,35,0.007,0.500,0.029,0.014,18.7,,89,2.5,50,19.1,16.8,991.9,1007.8,0,,19.3
2016-05-24 08:00:00,0.296,32,22,0.007,0.500,0.028,0.017,19.2,.1,88,2.3,20,19.5,17.1,991.1,1006.9,0,,21
2016-05-24 09:00:00,0.828,32,26,0.004,0.300,0.039,0.009,19.2,.4,90,3.2,20,20,17.5,990.8,1006.6,0,,21.3
2016-05-24 10:00:00,0.908,20,10,0.006,0.500,0.034,0.016,19.6,3.5,92,1.3,360,20.9,18.2,991.1,1006.9,0,,22.4
2016-05-24 11:00:00,2.904,34,19,0.008,0.700,0.024,0.026,19.4,3.5,93,.6,360,20.9,18.2,991.1,1006.9,0,,21.9
2016-05-24 12:00:00,1.404,21,21,0.006,0.500,0.026,0.019,19.5,4,90,.8,50,20.4,17.8,990.7,1006.5,0,,22.4
2016-05-24 13:00:00,5.504,17,8,0.003,0.200,0.029,0.007,19.7,1.5,91,.8,270,20.8,18.1,990.2,1006.1,0,,24
2016-05-24 14:00:00,5.78,14,7,0.002,0.200,0.030,0.007,19.4,3.5,91,1,360,20.4,17.8,989.7,1005.5,0,,22.6
2016-05-24 15:00:00,4.412,6,5,0.002,0.200,0.030,0.006,18.8,2,84,3.8,360,18.2,16,989.6,1005.4,0,,21.3
2016-05-24 16:00:00,2.256,,6,0.002,0.200,0.032,0.006,18.6,0,81,2.4,320,17.3,15.2,989.7,1005.6,0,,21.8
2016-05-24 17:00:00,5.82,12,7,0.002,0.200,0.038,0.006,19.7,,74,1.9,360,16.9,14.9,989.6,1005.5,0,,23.6
2016-05-24 18:00:00,10.404,12,5,0.002,0.200,0.046,0.005,20.1,,68,2.1,320,16,14,989.5,1005.4,.6,,22.1
2016-05-24 19:00:00,4.508,12,6,0.002,0.300,0.050,0.006,19.5,,62,2.3,320,14,12,990.4,1006.2,.7,,19.7
2016-05-24 20:00:00,0.064,27,9,0.002,0.200,0.055,0.005,17.9,,69,1.3,290,14.1,12.1,991.4,1007.4,0,,18
2016-05-24 21:00:00,0,25,22,0.002,0.200,0.053,0.005,16.6,,77,1.6,270,14.5,12.5,991.9,1008,,,17
2016-05-24 22:00:00,0,26,17,0.002,0.200,0.048,0.006,15.4,,84,.5,200,14.7,12.7,992.6,1008.8,,,16.5
2016-05-24 23:00:00,0,34,23,0.002,0.200,0.044,0.006,14.9,,87,.8,360,14.7,12.7,993,1009.3,,,15.9
2016-05-25 00:00:00,0,31,23,0.002,0.200,0.041,0.004,14.3,,90,.4,0,14.6,12.6,993.2,1009.4,,,15.4
2016-05-25 01:00:00,0,30,24,0.002,0.200,0.037,0.004,13.7,,92,1.1,250,14.4,12.4,993.2,1009.5,,,15
2016-05-25 02:00:00,0,25,18,0.002,0.200,0.037,0.004,13.6,,91,1,270,14.1,12.1,993.5,1009.8,,,14.7
2016-05-25 03:00:00,0,34,20,0.002,0.200,0.036,0.004,13.2,,91,1.4,230,13.7,11.7,993.6,1009.9,,,14.3
2016-05-25 04:00:00,0,28,22,0.002,0.300,0.035,0.003,12.9,,92,1.1,250,13.7,11.6,993.8,1010.2,,,13.9
2016-05-25 05:00:00,0,24,23,0.002,0.300,0.030,0.004,12.4,,93,1.5,230,13.3,11.2,994.2,1010.6,,,13.1
2016-05-25 06:00:00,0,35,25,0.002,0.300,0.028,0.005,12.3,,94,1.7,270,13.4,11.3,994.9,1011.3,0,,13.2
2016-05-25 07:00:00,1.096,31,27,0.002,0.300,0.028,0.004,13.4,,91,1.2,290,13.9,11.9,995.1,1011.4,.4,,15.4
2016-05-25 08:00:00,2.96,42,27,0.002,0.300,0.027,0.006,15.2,,82,1.4,290,14.1,12.1,995.2,1011.5,1,,20.4
2016-05-25 09:00:00,7.584,44,31,0.002,0.300,0.031,0.007,17.7,,63,1.2,270,12.7,10.5,994.9,1010.9,1,,26.6
2016-05-25 10:00:00,15.268,44,33,0.003,0.300,0.046,0.006,20.6,,52,1,290,12.5,10.3,994.2,1010.1,1,,31.4
2016-05-25 11:00:00,21.684,58,35,0.003,0.300,0.059,0.005,23.1,,49,.9,270,13.7,11.7,993.9,1009.6,1,,34.8
2016-05-25 12:00:00,26.008,60,38,0.007,0.600,0.060,0.011,24.8,,38,1.3,20,11.9,9.5,993.9,1009.6,1,,36.8
2016-05-25 13:00:00,28.052,74,41,0.028,1.400,0.045,0.039,25.5,,35,2.5,360,11.4,8.9,993.6,1009.2,1,,36.7
2016-05-25 14:00:00,28.86,95,51,0.025,1.000,0.075,0.028,26.5,,24,2.9,320,8.2,4.2,993.1,1008.6,1,,36.1
2016-05-25 15:00:00,28.756,95,51,0.016,0.800,0.094,0.019,26.8,,29,4,320,10.2,7.2,992.7,1008.2,1,,35.4
2016-05-25 16:00:00,25.888,87,45,0.009,0.600,0.076,0.012,26.6,,31,3.4,320,10.7,8,992.8,1008.3,1,,33.4
2016-05-25 17:00:00,22.16,63,41,0.003,0.300,0.065,0.006,27.3,,26,2.7,290,9.4,6.1,992,1007.5,1,,31.3
2016-05-25 18:00:00,14.192,50,31,0.008,0.400,0.075,0.014,25.7,,27,2.8,360,8.8,5.2,992.5,1008.1,1,,25.6
2016-05-25 19:00:00,4.6,77,45,0.005,0.400,0.070,0.011,23.4,,40,1,340,11.5,9,992.3,1007.9,.9,,22.4
2016-05-25 20:00:00,0.144,68,45,0.004,0.300,0.067,0.011,20.1,,56,.4,0,13.1,11,993.3,1009.2,0,,19.6
2016-05-25 21:00:00,0,72,50,0.006,0.400,0.055,0.014,17.9,,69,.1,0,14.1,12.1,994.2,1010.2,,,18.1
2016-05-25 22:00:00,0,78,57,0.005,0.500,0.042,0.015,16.6,,77,.5,340,14.5,12.5,995,1011.1,,,16.9
2016-05-25 23:00:00,0,86,57,0.004,0.400,0.035,0.013,15.6,,84,.3,0,14.8,12.8,995.4,1011.6,,,15.9
2016-05-26 00:00:00,0,79,53,0.003,0.400,0.031,0.010,14.5,,85,.8,340,14,12,995.5,1011.8,,,15
2016-05-26 01:00:00,0,72,46,0.003,0.300,0.036,0.006,13.8,,90,.2,0,14.1,12.1,995.3,1011.6,,,14.2
2016-05-26 02:00:00,0,62,47,0.002,0.300,0.036,0.005,13.1,,90,.4,0,13.5,11.4,994.8,1011.2,,,13.7
2016-05-26 03:00:00,0,63,46,0.002,0.300,0.026,0.006,12.9,,90,1.1,230,13.3,11.2,994.9,1011.3,,,13.3
2016-05-26 04:00:00,0,62,43,0.002,0.300,0.034,0.005,12.3,,91,.6,230,12.9,10.8,995.4,1011.8,,,12.9
2016-05-26 05:00:00,0,58,43,0.002,0.300,0.032,0.005,12.4,,91,.4,0,13,10.9,995.5,1011.9,,,13
2016-05-26 06:00:00,0,54,43,0.002,0.300,0.027,0.006,12.5,,91,.6,50,13.1,11,995.6,1012,0,,13.9
2016-05-26 07:00:00,1.824,57,51,0.002,0.300,0.023,0.006,13.9,,86,.4,0,13.6,11.5,995.5,1011.8,0,,16.4
2016-05-26 08:00:00,4.824,59,44,0.002,0.300,0.027,0.008,14.9,,80,1.1,290,13.5,11.4,995.2,1011.5,0,,19
2016-05-26 09:00:00,7.728,63,50,0.002,0.300,0.033,0.009,18.3,,65,.6,290,13.6,11.5,994.9,1010.9,1,,23.8
2016-05-26 10:00:00,13.752,68,47,0.002,0.300,0.046,0.008,22.1,,50,.7,290,13.2,11.1,994,1009.8,1,,30.9
2016-05-26 11:00:00,20.352,82,45,0.003,0.300,0.059,0.007,23.8,,44,.6,50,12.9,10.8,993.7,1009.3,1,,33.8
2016-05-26 12:00:00,24.048,75,49,0.003,0.300,0.068,0.006,26.1,,41,1.8,50,13.8,11.8,993.5,1009.1,1,,35.9
2016-05-26 13:00:00,27.588,75,45,,,0.070,,27.4,,36,2.1,20,13,10.9,992.6,1008.1,1,,37
2016-05-26 14:00:00,23.816,81,45,0.019,0.800,0.081,0.024,27,,33,1.6,160,11.7,9.3,992.1,1007.6,1,,35
2016-05-26 15:00:00,25.276,93,54,0.015,0.700,0.102,0.020,27.9,,33,3.9,290,12.4,10.1,991.7,1007.1,1,,34.7
2016-05-26 16:00:00,15.78,101,59,0.012,0.600,0.096,0.018,28,,36,4.3,290,13.6,11.5,991.8,1007.2,.7,,33.5
2016-05-26 17:00:00,8.048,96,59,0.007,0.500,0.083,0.013,26.2,,36,3.3,290,12.2,9.9,992,1007.5,.8,,27.9
2016-05-26 18:00:00,2.492,87,55,0.007,0.500,0.073,0.016,25.5,,38,4.1,270,12.4,10.1,992.1,1007.7,0,,24.7
2016-05-26 19:00:00,0.804,90,59,0.008,0.500,0.066,0.019,24.5,,44,1.4,270,13.5,11.4,992.6,1008.1,0,,23.3
2016-05-26 20:00:00,0,90,59,0.010,0.500,0.049,0.027,22.7,,56,1.1,70,15.4,13.4,993,1008.7,0,,22.2
2016-05-26 21:00:00,0,96,62,0.009,0.400,0.041,0.025,22.6,,55,1,340,15,13,993.6,1009.3,,,21.6
2016-05-26 22:00:00,0,95,66,0.006,0.500,0.036,0.019,21.9,,60,.8,230,15.7,13.7,994.2,1010,,,21.1
2016-05-26 23:00:00,0,96,66,0.005,0.400,0.032,0.017,21.1,,66,.5,250,16.4,14.4,994.6,1010.5,,,20.6
2016-05-27 00:00:00,0,90,70,0.004,0.400,0.030,0.013,20.5,,68,.3,0,16.3,14.3,994.7,1010.6,,,20
2016-05-27 01:00:00,0,83,66,0.003,0.400,0.048,0.007,20,,71,.1,0,16.5,14.5,994.6,1010.6,,,19.5
2016-05-27 02:00:00,0,89,69,0.002,0.300,0.050,0.005,19.3,,78,.6,360,17.4,15.3,995,1010.9,,,19.1
2016-05-27 03:00:00,0,81,60,0.002,0.300,0.047,0.005,18.8,,79,1,200,17,15,995,1010.9,,,18.8
2016-05-27 04:00:00,0,88,64,0.002,0.300,0.045,0.005,18.7,,82,.9,340,17.6,15.5,995.1,1011,,,18.6
2016-05-27 05:00:00,0,78,63,0.002,0.300,0.043,0.005,18.2,,84,1.1,230,17.5,15.4,995.7,1011.7,,,18.4
2016-05-27 06:00:00,0,79,67,0.002,0.300,0.038,0.006,18.2,,84,.8,340,17.5,15.4,996.1,1012.1,0,,18.7
2016-05-27 07:00:00,1.012,74,64,0.003,0.400,0.037,0.008,19.5,,79,1.1,320,17.8,15.7,996.6,1012.5,.1,,20.7
2016-05-27 08:00:00,3.724,84,63,0.002,0.400,0.035,0.008,21.7,,65,.9,290,16.8,14.8,996.6,1012.4,.9,,25.4
2016-05-27 09:00:00,7.644,84,59,0.002,0.400,0.043,0.009,23.3,,53,.8,50,15.1,13.1,996.5,1012.2,1,,29.1
2016-05-27 10:00:00,15.104,94,62,0.002,0.400,0.058,0.006,24.8,,44,1.6,70,13.7,11.7,996.5,1012.2,1,,33.2
2016-05-27 11:00:00,22.172,96,62,0.002,0.300,0.064,0.005,26.2,,32,1.4,230,10.8,8.1,996,1011.6,.9,,34.9
2016-05-27 12:00:00,26.6,85,48,0.002,0.200,0.065,0.004,27.1,,27,1.8,250,9.6,6.4,995.8,1011.3,.9,,39.2
2016-05-27 13:00:00,27.676,76,27,0.002,0.200,0.069,0.005,27.4,,27,1.4,20,9.8,6.7,995.1,1010.6,1,,41.6
2016-05-27 14:00:00,25.328,59,34,0.004,0.300,0.077,0.008,28,,23,1.1,70,8.7,4.9,994.4,1009.9,1,,40.8
2016-05-27 15:00:00,24.656,71,40,0.008,0.300,0.080,0.016,27.9,,29,2,90,10.9,8.2,993.6,1009,.9,,39.2
2016-05-27 16:00:00,14.36,68,45,0.011,0.400,0.076,0.026,27.2,,30,1.7,50,10.8,8.1,993.2,1008.7,.5,,35.2
2016-05-27 17:00:00,7.384,86,56,0.010,0.400,0.078,0.025,25.6,,41,1.9,70,13.4,11.3,993.5,1009.1,0,,29.8
2016-05-27 18:00:00,2.652,80,55,0.007,0.400,0.078,0.020,24.1,,46,2.5,50,13.7,11.7,993.7,1009.3,0,,26.7
2016-05-27 19:00:00,0.7,81,61,0.009,0.400,0.069,0.021,23,,47,2.5,50,13.1,11,994.2,1009.9,0,,24
2016-05-27 20:00:00,0,94,60,0.008,0.400,0.063,0.018,22.2,,51,2.2,50,13.6,11.5,994.5,1010.3,0,,22.3
2016-05-27 21:00:00,0,91,65,0.008,0.400,0.054,0.018,21.7,,55,1,50,14.2,12.2,995.2,1011,,,21.6
2016-05-27 22:00:00,0,95,63,0.007,0.400,0.054,0.014,21,,58,1,360,14.4,12.4,994.4,1010.3,,,20.9
2016-05-27 23:00:00,0,94,66,0.005,0.400,0.055,0.011,20.6,,60,1.5,90,14.5,12.5,994,1009.9,,,20.3
2016-05-28 00:00:00,0,86,68,0.006,0.400,0.048,0.012,20,,63,.8,110,14.7,12.7,993.7,1009.7,,,19.9
2016-05-28 01:00:00,0,94,70,0.006,0.400,0.045,0.011,19.4,,68,1.3,140,15.3,13.3,993.8,1009.7,,,19.7
2016-05-28 02:00:00,0,85,69,0.003,0.400,0.047,0.008,19.2,,70,.5,50,15.5,13.5,993.8,1009.7,,,19.4
2016-05-28 03:00:00,0,80,65,0.003,0.300,0.050,0.007,18.8,0,77,.6,200,16.6,14.6,993.9,1009.8,,,19.2
2016-05-28 04:00:00,0,74,62,0.003,0.300,0.044,0.007,18.8,,78,.7,230,16.8,14.8,993.6,1009.5,,,19
2016-05-28 05:00:00,0,76,63,0.003,0.300,0.041,0.007,19.7,,70,1,360,16,14,993.6,1009.6,,,18.9
2016-05-28 06:00:00,0,79,63,0.003,0.400,0.034,0.007,20,0,52,.9,340,12.1,9.8,993.4,1009.4,0,,18.8
2016-05-28 07:00:00,0.12,88,67,0.003,0.400,0.032,0.008,19.5,,58,.8,200,13.1,11,993.6,1009.4,0,,19.4
2016-05-28 08:00:00,1.796,86,66,0.003,0.400,0.036,0.009,19.8,,60,1.2,270,13.8,11.8,993.9,1009.9,0,,21
2016-05-28 09:00:00,4.24,85,64,0.002,0.400,0.042,0.009,20.5,,56,1.4,290,13.5,11.4,994.2,1010.1,0,,22.4
2016-05-28 10:00:00,4.152,81,64,0.003,0.300,0.042,0.010,20.4,0,56,1.3,340,13.4,11.3,994.2,1010.1,0,,22.7
2016-05-28 11:00:00,6.924,80,57,0.003,0.300,0.045,0.009,21.6,,50,1.3,290,12.9,10.7,993.2,1009,0,,25.8
2016-05-28 12:00:00,9.028,84,54,0.003,0.300,0.051,0.007,21.9,0,52,1.3,340,13.6,11.5,992.8,1008.6,0,,25.7
2016-05-28 13:00:00,10.096,84,52,0.003,0.300,0.053,0.006,23.2,,45,1.5,340,12.7,10.5,992,1007.6,.1,,31.9
2016-05-28 14:00:00,20.136,81,46,0.003,0.300,0.055,0.006,24.3,,32,1.4,270,9.7,6.5,991.1,1006.6,.9,,35.9
2016-05-28 15:00:00,26.668,81,48,0.010,0.500,0.055,0.018,26.1,,26,1.2,340,8.7,5,990.4,1005.9,1,,39.9
2016-05-28 16:00:00,22.504,95,57,0.020,0.900,0.054,0.031,27.4,,31,1.3,340,11.2,8.7,990,1005.4,1,,39.2
2016-05-28 17:00:00,19.868,111,55,0.019,0.800,0.068,0.027,25.9,,37,1.9,110,12.3,10,989.8,1005.3,1,,35.6
2016-05-28 18:00:00,12.004,106,59,0.017,0.900,0.074,0.028,25.2,,37,1.7,70,11.8,9.4,990,1005.6,1,,28.5
2016-05-28 19:00:00,3.98,183,147,0.030,1.600,0.068,0.040,23.6,,41,1.8,50,11.9,9.5,990.1,1005.7,1,,24
2016-05-28 20:00:00,0.132,121,75,0.020,1.200,0.068,0.029,21.4,,54,.6,20,13.7,11.6,990.4,1006.2,0,,21.1
2016-05-28 21:00:00,0,103,70,0.015,1.100,0.055,0.026,19.3,,69,.8,230,15.4,13.4,990.9,1006.7,,,19.6
2016-05-28 22:00:00,0,102,69,0.012,1.200,0.043,0.022,18.3,,74,.2,0,15.5,13.5,991.4,1007.3,,,18.2
2016-05-28 23:00:00,0,122,90,0.009,1.100,0.036,0.020,17.3,,81,.2,0,16,14,991.2,1007.2,,,17.3
2016-05-29 00:00:00,0,101,73,0.007,1.100,0.031,0.017,16.5,,84,.7,340,15.7,13.7,991,1007.1,,,16.6
2016-05-29 01:00:00,0,98,77,0.005,0.900,0.027,0.013,15.8,,87,.6,50,15.6,13.6,990.6,1006.7,,,16.1
2016-05-29 02:00:00,0,90,72,0.004,0.800,0.026,0.011,15.6,,87,.3,0,15.4,13.4,990.7,1006.9,,,16.3
2016-05-29 03:00:00,0,88,70,0.003,0.600,0.026,0.009,15.9,,86,.9,360,15.5,13.5,990.4,1006.5,,,16.6
2016-05-29 04:00:00,0,66,52,0.003,0.600,0.026,0.008,16,,85,.2,0,15.4,13.4,989.9,1006,,,17.1
2016-05-29 05:00:00,0,72,58,0.003,0.500,0.026,0.007,16,,86,.7,290,15.6,13.6,989.6,1005.7,,,17.2
2016-05-29 06:00:00,0,64,49,0.003,0.600,0.021,0.007,16.2,0,85,.9,340,15.6,13.6,990.3,1006.4,0,,17.2
2016-05-29 07:00:00,0.236,74,66,0.003,0.500,0.024,0.008,16.1,.2,88,.9,160,16.1,14.1,990.4,1006.5,0,,18
2016-05-29 08:00:00,1.684,68,42,0.003,0.400,0.026,0.008,17.1,0,81,.8,290,15.8,13.8,990.2,1006.2,0,,20.9
2016-05-29 09:00:00,2.972,67,49,0.003,0.500,0.027,0.010,18.2,,78,1.2,340,16.2,14.2,990,1005.9,0,,23.1
2016-05-29 10:00:00,3.872,63,53,0.003,0.500,0.028,0.010,19.2,,71,1.2,270,15.8,13.8,989.7,1005.5,0,,24.4
2016-05-29 11:00:00,6.2,69,45,0.004,0.500,0.035,0.012,20.5,,66,.9,340,15.9,13.9,989.3,1005.1,0,,27.4
2016-05-29 12:00:00,13.812,64,46,0.004,0.500,0.039,0.012,22,,61,1.7,340,16.1,14.1,988.6,1004.3,0,,31.5
2016-05-29 13:00:00,24.072,66,43,0.006,0.600,0.058,0.010,24.7,,44,.9,200,13.7,11.6,987.5,1003.1,.8,,36.9
2016-05-29 14:00:00,22.488,61,34,0.004,0.500,0.066,0.007,25.7,,35,1.7,340,11.5,9,986.9,1002.4,.8,,39.9
2016-05-29 15:00:00,14.856,44,34,0.004,0.500,0.071,0.007,25.2,,44,2.1,340,14,12,986.7,1002.2,0,,35.7
2016-05-29 16:00:00,18.908,47,35,0.004,0.500,0.068,0.006,24.3,,47,1.9,360,14.2,12.2,986.3,1001.8,.1,,32.2
2016-05-29 17:00:00,11.912,60,46,0.003,0.400,0.067,0.007,26.3,,44,.8,90,15,13,986.1,1001.5,.5,,33.8
2016-05-29 18:00:00,3.508,54,45,0.004,0.400,0.064,0.009,25.1,,45,2.2,270,14.3,12.3,986.5,1002,.2,,28.6
2016-05-29 19:00:00,2.956,67,50,0.011,0.500,0.061,0.019,24.1,,47,2.3,290,14,12,986.8,1002.3,.6,,24.7
2016-05-29 20:00:00,0.236,66,44,0.009,0.500,0.062,0.015,21.9,,58,2,360,15.2,13.2,987.3,1003,0,,21.6
2016-05-29 21:00:00,0,61,46,0.007,0.500,0.054,0.014,20.6,,64,1,360,15.5,13.5,987.9,1003.7,,,19.7
2016-05-29 22:00:00,0,64,42,0.005,0.500,0.040,0.014,19.8,,67,1.3,20,15.4,13.4,988.6,1004.5,,,18.4
2016-05-29 23:00:00,0,64,50,0.004,0.500,0.032,0.012,18.7,,72,.2,0,15.5,13.5,988.8,1004.6,,,17.1
2016-05-30 00:00:00,0,66,42,0.003,0.400,0.029,0.009,17.5,,76,1.6,230,15.2,13.2,988.6,1004.6,,,16.3
2016-05-30 01:00:00,0,68,48,0.003,0.400,0.034,0.007,17.5,,74,2.1,230,14.8,12.8,988.6,1004.6,,,15.8
2016-05-30 02:00:00,0,65,45,0.003,0.300,0.041,0.006,15.8,,81,1,230,14.5,12.5,988.8,1004.9,,,14.9
2016-05-30 03:00:00,0,55,40,0.003,0.300,0.051,0.005,15,,84,1.2,230,14.3,12.3,989.2,1005.4,,,14.3
2016-05-30 04:00:00,0,59,38,0.003,0.300,0.050,0.005,14.1,,87,1.2,250,13.9,11.9,989.5,1005.7,,,13.6
2016-05-30 05:00:00,0,61,37,0.003,0.300,0.046,0.005,13.9,,87,.7,230,13.7,11.7,990,1006.2,,,13.1
2016-05-30 06:00:00,0.012,65,36,0.003,0.300,0.043,0.005,14.4,,86,.3,0,14,12,990.6,1006.8,.1,,13.6
2016-05-30 07:00:00,0.984,58,33,0.003,0.300,0.039,0.007,16.7,,78,.4,0,14.8,12.8,991.2,1007.3,1,,16.8
2016-05-30 08:00:00,2.164,62,41,0.003,0.300,0.047,0.007,19.1,,67,1.4,230,14.8,12.8,991.5,1007.4,1,,22.9
2016-05-30 09:00:00,7.136,73,42,0.004,0.300,0.053,0.008,22.9,,50,1.1,250,13.9,11.9,991.3,1007,1,,30.8
2016-05-30 10:00:00,15.408,70,41,0.004,0.300,0.062,0.007,25.1,,36,2.1,320,11.4,8.9,991.1,1006.7,1,,37.3
2016-05-30 11:00:00,21.948,78,35,0.003,0.300,0.062,0.006,27.1,,29,1.6,290,10.4,7.5,990.7,1006.2,1,,43.4
2016-05-30 12:00:00,24.848,65,29,0.003,0.300,0.067,0.006,29.1,,24,2.4,20,9.6,6.4,990.6,1005.9,1,,47.6
2016-05-30 13:00:00,26.364,64,33,0.008,0.500,0.070,0.014,30.6,,22,2,320,9.6,6.4,989.9,1005.2,1,,49.6
2016-05-30 14:00:00,27.868,75,38,0.017,0.900,0.068,0.024,30.8,,20,2,20,8.8,5.2,989.5,1004.8,1,,51.3
2016-05-30 15:00:00,28.74,81,38,0.011,0.600,0.075,0.018,31.5,,18,2.8,320,8.2,4.2,989.4,1004.6,1,,50.5
2016-05-30 16:00:00,27.18,60,22,0.012,0.500,0.100,0.017,31.3,,15,2.5,320,6.8,1.5,989.1,1004.3,1,,47
2016-05-30 17:00:00,22.024,58,28,0.011,0.600,0.076,0.020,30.6,,22,2.2,320,9.6,6.4,989.3,1004.6,1,,41.7
2016-05-30 18:00:00,12.768,65,29,0.016,0.700,0.067,0.031,29.7,,27,1.1,340,11.2,8.6,989.3,1004.6,1,,34.3
2016-05-30 19:00:00,3.936,80,32,0.013,0.600,0.061,0.027,26.2,,39,2.2,90,13.2,11.1,990.1,1005.6,.9,,28.6
2016-05-30 20:00:00,0.22,69,26,0.009,0.400,0.063,0.018,24,,48,1.7,90,14.3,12.3,990.5,1006,0,,24.6
2016-05-30 21:00:00,0,61,32,0.009,0.400,0.047,0.024,22.3,,58,.6,70,15.6,13.6,991,1006.7,,,22.3
2016-05-30 22:00:00,0,55,29,0.007,0.500,0.040,0.020,20.6,,65,.7,230,15.7,13.7,991.7,1007.6,,,20.4
2016-05-30 23:00:00,0,68,48,0.006,0.500,0.034,0.019,19.4,,68,1,250,15.3,13.3,991.7,1007.5,,,19
2016-05-31 00:00:00,0,64,51,0.005,0.500,0.027,0.016,18.9,,65,.9,270,14.1,12.1,991.7,1007.6,,,17.6
2016-05-31 01:00:00,0,69,39,0.004,0.500,0.028,0.012,17.4,,69,1,230,13.7,11.6,991.6,1007.6,,,16.6
2016-05-31 02:00:00,0,61,44,0.003,0.400,0.031,0.010,16.8,,71,1,250,13.6,11.5,991.5,1007.6,,,15.6
2016-05-31 03:00:00,0,66,49,0.003,0.400,0.035,0.007,16.1,,75,1.1,250,13.7,11.6,991.6,1007.7,,,14.9
2016-05-31 04:00:00,0,59,48,0.003,0.300,0.037,0.006,14.9,,77,.1,0,12.9,10.8,991.7,1007.9,,,13.7
2016-05-31 05:00:00,0,63,43,0.002,0.300,0.031,0.006,14,,81,.5,320,12.9,10.7,992,1008.2,,,12.9
2016-05-31 06:00:00,0.028,56,35,0.002,0.300,0.031,0.006,14.2,,80,.3,0,12.9,10.7,992.2,1008.4,0,,13.7
2016-05-31 07:00:00,1.424,54,37,0.002,0.300,0.027,0.007,16.4,,74,.5,360,13.7,11.7,992.5,1008.6,.9,,17.5
2016-05-31 08:00:00,2.996,50,35,0.002,0.300,0.038,0.008,19.2,,56,.6,340,12.4,10.2,992.8,1008.7,1,,23.7
2016-05-31 09:00:00,7.232,63,42,0.003,0.300,0.049,0.009,22.1,,51,1.2,290,13.5,11.4,992.4,1008.1,1,,32.1
2016-05-31 10:00:00,14.876,67,43,0.003,0.300,0.058,0.007,24.5,,43,1.8,270,13.1,11,992.1,1007.6,1,,39.3
2016-05-31 11:00:00,18.808,73,47,0.006,0.600,0.064,0.010,27.6,,31,1.8,340,11.4,8.9,991.2,1006.6,1,,43.7
2016-05-31 12:00:00,21.476,78,50,0.007,0.600,0.067,0.011,28.4,,28,3.1,340,10.8,8.1,991.2,1006.6,1,,48.2
2016-05-31 13:00:00,26.256,79,48,0.012,0.900,0.068,0.016,29,,30,3.9,270,11.9,9.6,991,1006.3,1,,46.9
2016-05-31 14:00:00,21.728,75,49,0.014,1.000,0.073,0.019,28.7,,30,2.2,340,11.8,9.4,990.5,1005.8,.7,,44.8
2016-05-31 15:00:00,15.392,81,49,0.009,0.700,0.077,0.014,29.1,,27,2.2,20,10.8,8.1,990.1,1005.4,.9,,45.5
2016-05-31 16:00:00,8.136,70,44,0.009,0.600,0.087,0.016,28.7,,32,1.5,90,12.5,10.3,989.3,1004.6,.2,,39.8
2016-05-31 17:00:00,4.236,87,43,0.008,0.500,0.079,0.018,29.1,,27,2.2,320,10.8,8.1,989.3,1004.6,.5,,39.9
2016-05-31 18:00:00,3.804,125,82,0.005,0.300,0.059,0.015,27.6,,31,2.2,340,11.4,8.9,989.1,1004.5,1,,33.5
2016-05-31 19:00:00,4.1,59,33,0.003,0.300,0.066,0.009,26.3,,33,2.7,340,11.2,8.7,989.6,1005.1,.5,,29
2016-05-31 20:00:00,0.232,58,29,0.003,0.300,0.061,0.010,24.4,,41,1.4,20,12.4,10.2,989.9,1005.4,0,,24.6
2016-05-31 21:00:00,0,56,37,0.003,0.300,0.058,0.010,22.1,,55,.5,70,14.6,12.6,990.8,1006.5,,,22.6
2016-05-31 22:00:00,0,58,37,0.003,0.300,0.057,0.008,21.1,,60,.9,230,15,13,991.2,1007,,,21.6
2016-05-31 23:00:00,0,63,38,0.003,0.300,0.048,0.010,20.5,,62,.5,290,14.9,12.9,991.3,1007.2,,,20.3
2016-06-01 00:00:00,0,63,40,0.002,0.300,0.050,0.007,19.7,,66,.5,110,15.1,13.1,991,1006.9,,,19.9
2016-06-01 01:00:00,0,66,40,0.003,0.300,0.054,0.006,19.2,,70,.6,200,15.5,13.5,990.8,1006.6,,,19.4
2016-06-01 02:00:00,0,56,42,0.002,0.300,0.050,0.005,18.8,,69,.8,70,14.9,12.9,990.5,1006.4,,,18.7
2016-06-01 03:00:00,0,63,42,0.002,0.300,0.046,0.005,18.1,,75,0,0,15.5,13.5,990.5,1006.4,,,18.1
2016-06-01 04:00:00,0,58,36,0.002,0.300,0.045,0.005,17.7,,77,.5,230,15.6,13.6,990.7,1006.7,,,18
2016-06-01 05:00:00,0,61,40,0.002,0.300,0.042,0.006,17,,81,.5,340,15.7,13.7,990.9,1006.9,,,17
2016-06-01 06:00:00,0.036,53,43,0.002,0.300,0.035,0.006,16.6,,80,.5,320,15.1,13.1,991,1007.1,0,,16.7
2016-06-01 07:00:00,1.68,58,43,0.002,0.300,0.034,0.008,17.5,,80,.5,340,16,14,991.8,1007.8,0,,19.6
2016-06-01 08:00:00,4.764,64,47,0.003,0.300,0.046,0.008,19.9,,69,.8,340,16,14,992.1,1008,.1,,25.1
2016-06-01 09:00:00,9.004,72,43,0.003,0.400,0.058,0.006,21.2,,42,3,90,10.5,7.7,992.4,1008.2,.6,,29.1
2016-06-01 10:00:00,12.472,81,43,0.004,0.400,0.060,0.006,21.6,,42,2.5,90,10.8,8.1,992,1007.8,0,,31.7
2016-06-01 11:00:00,17.528,77,40,0.004,0.400,0.063,0.006,22.5,,44,4.3,90,11.9,9.6,992.2,1007.9,1,,42.4
2016-06-01 12:00:00,24.856,69,41,0.004,0.400,0.067,0.006,24.2,,41,3,70,12.4,10.1,991.8,1007.3,1,,48
2016-06-01 13:00:00,28.372,77,28,0.003,0.300,0.072,0.007,24.9,,42,2.1,110,13.1,11,991.1,1006.7,1,,50.2
2016-06-01 14:00:00,30.068,81,42,0.002,0.300,0.073,0.007,25.1,,42,2.5,110,13.3,11.2,990.7,1006.3,1,,51.2
2016-06-01 15:00:00,29.004,75,40,0.002,0.200,0.075,0.008,25.4,,37,2.2,180,11.9,9.6,990.4,1006,.8,,48.6
2016-06-01 16:00:00,22.98,77,38,0.002,0.200,0.079,0.010,26.1,,38,1.4,160,12.8,10.6,990,1005.5,1,,45.4
2016-06-01 17:00:00,19.6,66,32,0.003,0.200,0.080,0.010,24.4,,42,2.2,110,12.8,10.6,990.1,1005.6,.9,,36.2
2016-06-01 18:00:00,5.872,65,27,0.004,0.300,0.074,0.013,24.5,,40,1.8,50,12.3,10,990.4,1005.9,1,,31.6
2016-06-01 19:00:00,1.804,64,24,0.005,0.300,0.062,0.018,22.4,,52,1.2,110,14,12,990.8,1006.5,.2,,26.6
2016-06-01 20:00:00,0.076,65,26,0.007,0.200,0.055,0.021,21.6,,53,1,140,13.7,11.6,991.8,1007.6,0,,24.4
2016-06-01 21:00:00,0,42,17,0.006,0.200,0.050,0.018,20.9,,50,2.1,50,12.3,10,992.5,1008.4,,,21.9
2016-06-01 22:00:00,0,39,13,0.005,0.200,0.045,0.016,19.6,,55,1.1,50,12.5,10.3,993.5,1009.3,,,20.7
2016-06-01 23:00:00,0,31,10,0.004,0.200,0.039,0.016,18.3,,58,1.1,70,12.1,9.8,994,1010,,,18.8
2016-06-02 00:00:00,0,43,15,0.004,0.200,0.039,0.013,16.5,,69,.5,110,12.9,10.7,994,1010.1,,,17
2016-06-02 01:00:00,0,32,12,0.003,0.200,0.034,0.012,15.5,,73,.2,0,12.8,10.6,993.8,1010,,,15.8
2016-06-02 02:00:00,0,28,14,0.003,0.200,0.030,0.012,14.4,,74,.5,50,12.1,9.8,994,1010.2,,,14.7
2016-06-02 03:00:00,0,25,10,0.003,0.200,0.026,0.011,13.4,,82,.9,340,12.5,10.3,994.1,1010.4,,,13.7
2016-06-02 04:00:00,0,20,12,0.002,0.200,0.022,0.011,12.6,,84,.1,0,12.2,9.9,994.5,1010.9,,,12.8
2016-06-02 05:00:00,0,33,16,0.002,0.200,0.021,0.010,11.9,,86,.6,340,11.9,9.6,994.9,1011.4,,,12.1
2016-06-02 06:00:00,0.032,26,18,0.002,0.200,0.019,0.010,12,,85,.9,360,11.9,9.5,995.1,1011.5,.2,,12.6
2016-06-02 07:00:00,0.836,30,14,0.002,0.200,0.021,0.010,14,,73,.8,320,11.6,9.2,995.5,1011.8,1,,16.3
2016-06-02 08:00:00,1.764,39,20,0.003,0.200,0.029,0.012,16.4,,62,.9,290,11.5,9,995.8,1012,1,,23.7
2016-06-02 09:00:00,6.764,41,24,0.003,0.200,0.037,0.012,19.9,,49,.8,360,11.3,8.8,995.8,1011.8,1,,32.8
2016-06-02 10:00:00,15.136,53,23,0.003,0.200,0.045,0.010,22.3,,36,.9,270,9.6,6.4,995.5,1011.3,1,,40.2
2016-06-02 11:00:00,22.62,44,22,0.003,0.200,0.050,0.008,23.7,,29,1.4,230,8.4,4.5,995.2,1010.8,1,,46.5
2016-06-02 12:00:00,27.332,43,13,0.002,0.200,0.051,0.008,24.6,,27,2,250,8.3,4.3,994.6,1010.2,1,,52.2
2016-06-02 13:00:00,28.092,40,12,0.002,0.200,0.053,0.008,26.6,,22,2,180,7.6,3.1,994.1,1009.6,1,,54.9
2016-06-02 14:00:00,29.548,33,17,0.007,0.200,0.053,0.017,26.9,,22,2.2,50,7.7,3.3,993.6,1009.1,1,,54.6
2016-06-02 15:00:00,29.884,47,15,0.019,0.300,0.047,0.036,27.8,,21,1.6,230,7.8,3.4,993.2,1008.6,1,,52.8
2016-06-02 16:00:00,27.56,54,18,0.010,0.500,0.068,0.021,27.6,,26,1.1,250,9.5,6.3,992.8,1008.3,1,,46.4
2016-06-02 17:00:00,22.216,58,21,0.010,0.400,0.069,0.021,26,,30,3.1,70,10,7,992.6,1008.2,.9,,40.6
2016-06-02 18:00:00,13.896,57,27,0.025,1.100,0.052,0.042,23.6,,40,3.5,50,11.6,9.1,992.9,1008.5,.7,,30.6
2016-06-02 19:00:00,4.552,92,27,0.010,0.400,0.057,0.027,21.8,,44,3.8,50,11.4,8.9,993.8,1009.6,.1,,26.4
2016-06-02 20:00:00,0.152,49,19,0.010,0.300,0.053,0.027,20.6,,47,4,50,11.3,8.8,994.5,1010.4,0,,22.8
2016-06-02 21:00:00,0,39,23,0.011,0.300,0.043,0.024,20.1,,49,2.1,70,11.5,9,995.4,1011.4,,,22.3
2016-06-02 22:00:00,0,31,13,0.010,0.200,0.037,0.021,19.3,,49,2.4,70,10.9,8.3,996.3,1012.2,,,20.8
2016-06-02 23:00:00,0,34,18,0.009,0.200,0.032,0.022,18,,54,.6,50,11.1,8.5,996.7,1012.7,,,18.7
2016-06-03 00:00:00,0,30,17,0.006,0.200,0.032,0.017,16.3,,66,.5,230,12.2,9.9,996.5,1012.7,,,17.3
2016-06-03 01:00:00,0,29,18,0.004,0.200,0.034,0.014,15.5,,70,.3,0,12.3,10,996.5,1012.8,,,16.1
2016-06-03 02:00:00,0,26,18,0.003,0.200,0.029,0.013,14.8,,78,.1,0,13,10.9,996.1,1012.4,,,15.3
2016-06-03 03:00:00,0,38,19,0.003,0.200,0.022,0.013,14.2,,83,0,0,13.4,11.3,996,1012.3,,,14.6
2016-06-03 04:00:00,0,20,,0.003,0.200,0.021,0.011,13.6,,85,.3,0,13.2,11.1,995.9,1012.2,,,13.9
2016-06-03 05:00:00,0,30,23,0.002,0.200,0.021,0.010,13.3,,88,.2,0,13.4,11.3,996.2,1012.6,,,13.3
2016-06-03 06:00:00,0,30,22,0.002,0.200,0.024,0.010,13.6,,88,.7,290,13.7,11.6,996.4,1012.7,0,,14.4
2016-06-03 07:00:00,1.148,35,26,0.003,0.200,0.029,0.011,15.5,,79,.6,340,13.8,11.8,996.3,1012.6,1,,18.2
2016-06-03 08:00:00,2.884,36,24,0.003,0.300,0.036,0.011,18.9,,71,1,320,15.5,13.5,996.3,1012.2,1,,25
2016-06-03 09:00:00,7.36,41,31,0.003,0.300,0.047,0.009,21.5,,56,1.4,270,14.3,12.3,996.2,1012.1,1,,34.5
2016-06-03 10:00:00,14.612,56,30,0.003,0.300,0.055,0.011,23.6,,46,1.2,250,13.3,11.2,995.9,1011.6,1,,42.3
2016-06-03 11:00:00,20.68,64,34,0.003,0.300,0.062,0.012,26.5,,38,1.4,90,13.1,11,995.1,1010.7,1,,48.6
2016-06-03 12:00:00,24.632,72,39,0.004,0.300,0.069,0.013,27.1,,30,1.2,140,10.7,8,994.7,1010.2,1,,52.3
2016-06-03 13:00:00,25.652,81,35,0.011,0.300,0.068,0.025,28,,27,2,90,10.2,7.2,994.3,1009.7,1,,54.7
2016-06-03 14:00:00,19.776,103,51,0.023,0.400,0.059,0.049,27.4,,27,2.4,70,9.8,6.7,994.1,1009.6,.9,,49.7
2016-06-03 15:00:00,18.632,82,38,0.013,0.300,0.086,0.024,27.7,,33,1.4,320,12.2,9.9,993.8,1009.3,.9,,46.9
2016-06-03 16:00:00,9.992,63,42,,,,,26.3,,37,2.5,50,12.6,10.4,993.5,1009.1,1,,42.5
2016-06-03 17:00:00,9.728,28,,0.008,0.400,0.063,0.023,25.7,,33,3.4,90,10.9,8.2,993.5,1009.1,.5,,36.7
2016-06-03 18:00:00,7.928,44,32,0.008,0.400,0.059,0.023,24.9,,36,1.9,20,11.2,8.7,993.5,1009.2,.3,,31.4
2016-06-03 19:00:00,2.176,54,51,0.006,0.400,0.056,0.019,23.9,,47,1.8,50,13.8,11.8,994.1,1009.7,.5,,26.9
2016-06-03 20:00:00,0.244,52,32,0.005,0.300,0.055,0.016,22.4,,55,1.6,50,14.9,12.9,994.4,1010.1,0,,24.2
2016-06-03 21:00:00,0,48,28,0.006,0.400,0.050,0.016,21.4,,58,.7,110,14.7,12.7,994.7,1010.5,,,23
2016-06-03 22:00:00,0,55,33,0.005,0.300,0.043,0.014,20.6,,58,.8,70,14,12,995,1010.9,,,22.1
2016-06-03 23:00:00,0,58,38,0.010,0.300,0.034,0.019,19.9,,59,1.7,140,13.7,11.6,995,1011,,,21.1
2016-06-04 00:00:00,0,43,36,0.008,0.300,0.029,0.017,19.2,,62,.7,110,13.7,11.7,994.8,1010.7,,,20.7
2016-06-04 01:00:00,0,47,31,0.006,0.300,0.026,0.015,19.1,,61,1.7,140,13.4,11.3,993.9,1009.8,,,20
2016-06-04 02:00:00,0,47,41,0.005,0.400,0.025,0.014,18.6,,63,1,160,13.5,11.4,993.3,1009.2,,,19.4
2016-06-04 03:00:00,0,51,44,0.004,0.300,0.024,0.012,18.4,,63,.8,20,13.3,11.2,993.3,1009.2,,,19
2016-06-04 04:00:00,0,56,38,0.004,0.400,0.023,0.011,17.8,,71,.1,0,14.4,12.4,993.5,1009.5,,,18.5
2016-06-04 05:00:00,0,51,36,0.003,0.300,0.022,0.010,17.4,,73,.3,0,14.5,12.5,993.8,1009.8,,,18.3
2016-06-04 06:00:00,0,44,37,0.003,0.400,0.020,0.011,17.4,,78,.1,0,15.5,13.5,994.1,1010.2,0,,18.8
2016-06-04 07:00:00,0.764,56,38,0.003,0.300,0.020,0.014,18,,73,.4,0,15,13,994.2,1010.2,0,,20.5
2016-06-04 08:00:00,3.648,64,41,0.003,0.300,0.020,0.016,18.9,,70,.2,0,15.3,13.3,994.3,1010.2,0,,21.9
2016-06-04 09:00:00,4.932,67,37,0.003,0.300,0.026,0.014,20,,64,.9,90,14.9,12.9,994,1010,0,,26.2
2016-06-04 10:00:00,6.764,61,36,0.003,0.300,0.035,0.012,20.4,0,68,.6,270,16.2,14.2,993.8,1009.7,0,,24.8
2016-06-04 11:00:00,5.14,58,37,0.004,0.300,0.039,0.010,19.5,.2,84,.4,0,19,16.7,994.2,1010.1,0,,22.6
2016-06-04 12:00:00,4.528,72,50,0.003,0.200,0.034,0.012,18.5,1.8,90,.4,0,19.1,16.8,993.9,1009.8,0,,21.6
2016-06-04 13:00:00,1.456,38,31,0.001,0.200,0.038,0.006,18.2,2,91,1,340,19,16.7,993.7,1009.7,0,,21.1
2016-06-04 14:00:00,3.816,37,22,0.001,0.200,0.038,0.005,16.2,4,90,.8,50,16.5,14.5,993.4,1009.6,0,,19.8
2016-06-04 15:00:00,1.8,33,21,0.001,0.200,0.043,0.004,16.3,2.5,91,1.1,50,16.8,14.8,993.4,1009.5,0,,20
2016-06-04 16:00:00,2.192,29,19,0.001,0.200,0.044,0.004,15.8,1,90,.7,290,16.1,14.1,993.2,1009.4,0,,20
2016-06-04 17:00:00,1.968,29,20,0.000,0.200,0.046,0.004,16,.5,89,1.1,200,16.1,14.1,992.9,1009.1,0,,20.5
2016-06-04 18:00:00,1.656,24,15,0.000,0.200,0.042,0.005,16.3,0,88,.5,140,16.3,14.3,992.9,1009,0,,20.2
2016-06-04 19:00:00,1.964,22,15,0.000,0.200,0.040,0.006,15.9,0,88,1.3,230,15.9,13.9,992.8,1009,0,,19
2016-06-04 20:00:00,0.176,28,18,0.000,0.200,0.032,0.009,15.4,,91,1.1,140,15.9,13.9,992.7,1008.9,0,,17.8
2016-06-04 21:00:00,0,28,24,0.000,0.200,0.026,0.010,14.9,,93,.6,230,15.7,13.7,992.9,1009.2,,,16.5
2016-06-04 22:00:00,0,35,17,0.000,0.200,0.026,0.008,14.7,,93,.2,0,15.5,13.5,993.6,1009.9,,,16
2016-06-04 23:00:00,0,32,28,0.000,0.200,0.024,0.008,14.5,,93,.6,90,15.3,13.3,993.8,1010,,,15.8
2016-06-05 00:00:00,0,40,24,0.000,0.200,0.024,0.008,14.3,,95,1,340,15.5,13.5,993.7,1009.9,,,16.4
2016-06-05 01:00:00,0,40,25,0.000,0.200,0.028,0.005,14.1,,95,.9,320,15.3,13.3,993.9,1010.2,,,16.4
2016-06-05 02:00:00,0,40,32,0.000,0.200,0.027,0.004,14.2,,95,2,340,15.4,13.4,993.7,1010,,,16.3
2016-06-05 03:00:00,0,47,29,0.000,0.200,0.027,0.004,14.3,,95,.9,360,15.5,13.5,993.4,1009.6,,,16.3
2016-06-05 04:00:00,0,35,29,0.000,0.200,0.025,0.004,14.2,,94,1.8,270,15.2,13.2,993.4,1009.6,,,16.2
2016-06-05 05:00:00,0,39,30,0.000,0.200,0.022,0.004,14.4,,93,.3,0,15.2,13.2,993.6,1009.8,,,16.3
2016-06-05 06:00:00,0.016,35,24,0.000,0.200,0.021,0.004,14.3,,93,1.4,290,15.1,13.1,994.2,1010.5,0,,16.5
2016-06-05 07:00:00,1.048,40,25,0.000,0.200,0.021,0.004,14.6,,92,1.7,270,15.3,13.3,994.3,1010.5,0,,17.6
2016-06-05 08:00:00,2.372,35,21,0.000,0.200,0.023,0.005,15.9,,88,1,290,15.9,13.9,994.7,1010.9,0,,21.4
2016-06-05 09:00:00,6.648,39,30,0.000,0.200,0.033,0.004,18.6,,78,1,270,16.6,14.6,995,1011,1,,28.6
2016-06-05 10:00:00,10.364,30,16,0.001,0.200,0.049,0.003,20.8,,68,.7,160,16.6,14.6,995,1010.9,.8,,27.9
2016-06-05 11:00:00,14.872,19,11,0.001,0.200,0.050,0.003,22.8,,52,2.8,70,14.4,12.4,995.3,1011,.6,,30.8
2016-06-05 12:00:00,16.608,20,12,0.001,0.200,0.052,0.003,23.4,,50,2.7,50,14.3,12.3,995.2,1010.9,.5,,32.2
2016-06-05 13:00:00,18.828,21,12,0.001,0.200,0.055,0.003,24.8,,42,2.1,50,13.1,11,994.7,1010.4,1,,38.1
2016-06-05 14:00:00,14.18,26,16,0.000,0.200,0.055,0.003,25.8,,40,1.4,90,13.2,11.1,994.7,1010.3,1,,36.3
2016-06-05 15:00:00,11.708,28,12,0.000,0.200,0.055,0.003,25.5,,38,2.1,90,12.4,10.1,994.1,1009.7,.8,,33.6
2016-06-05 16:00:00,13.868,30,14,0.000,0.200,0.057,0.003,26.7,,32,1.8,50,11.2,8.6,993.9,1009.4,1,,34.7
2016-06-05 17:00:00,17.184,32,14,0.000,0.200,0.058,0.003,26.3,,34,2.9,50,11.6,9.1,993.9,1009.5,1,,31.8
2016-06-05 18:00:00,9.932,24,15,0.000,0.200,0.059,0.003,25.7,,38,3.2,20,12.5,10.3,994.4,1010,1,,26.8
2016-06-05 19:00:00,0.688,27,17,0.002,0.200,0.054,0.011,24.3,,40,2.2,50,12.1,9.8,994.8,1010.4,.9,,22.9
2016-06-05 20:00:00,0,41,19,0.003,0.200,0.055,0.010,22.8,,43,1.5,70,11.9,9.5,995.7,1011.4,0,,21.4
2016-06-05 21:00:00,0,34,19,0.003,0.200,0.047,0.011,20.7,,54,1.4,140,13.1,11,996.8,1012.7,,,19.2
2016-06-05 22:00:00,0,39,22,0.002,0.200,0.041,0.010,19.4,,61,1.1,180,13.7,11.6,997.6,1013.5,,,18.2
2016-06-05 23:00:00,0,35,20,0.001,0.200,0.049,0.004,19,,64,1.2,110,14,12,997.9,1013.9,,,18.2
2016-06-06 00:00:00,0,33,23,0.001,0.200,0.050,0.004,17.8,,73,.5,340,14.8,12.8,997.7,1013.8,,,18.1
2016-06-06 01:00:00,0,29,23,0.001,0.200,0.048,0.003,17.7,,74,.6,340,14.9,12.9,997.7,1013.8,,,18.4
2016-06-06 02:00:00,0,29,24,0.001,0.200,0.049,0.003,17.6,,75,.2,0,15.1,13.1,997.6,1013.7,,,18.3
2016-06-06 03:00:00,0,23,18,0.000,0.200,0.050,0.003,17.5,,77,.5,320,15.4,13.4,997.5,1013.6,,,18.2
2016-06-06 04:00:00,0,25,18,0.000,0.200,0.050,0.002,17.7,,75,1,320,15.2,13.2,997.6,1013.7,,,18.1
2016-06-06 05:00:00,0,22,16,0.000,0.200,0.049,0.002,17.7,,76,.8,320,15.4,13.4,997.7,1013.8,,,17.9
2016-06-06 06:00:00,0,23,19,0.000,0.200,0.049,0.003,17.3,,79,1,320,15.6,13.6,998.1,1014.2,0,,18
2016-06-06 07:00:00,0.212,25,11,0.000,0.200,0.048,0.003,17.1,0,83,1.1,270,16.1,14.1,998.2,1014.3,0,,18.5
2016-06-06 08:00:00,1.308,23,16,0.000,0.200,0.047,0.003,17.7,,80,.8,290,16.1,14.1,998.2,1014.3,0,,19.4
2016-06-06 09:00:00,1.664,24,23,0.000,0.200,0.046,0.003,17.3,.3,86,.4,0,16.9,14.9,998.6,1014.7,0,,20.4
2016-06-06 10:00:00,1.76,22,21,0.000,0.200,0.046,0.004,17.3,.2,87,.2,0,17.2,15.1,998.6,1014.7,0,,21.4
2016-06-06 11:00:00,2.992,23,23,0.000,0.200,0.045,0.003,17.4,.1,87,1.4,270,17.3,15.2,998.8,1014.9,0,,22
2016-06-06 12:00:00,3.444,30,15,0.000,0.200,0.042,0.004,17.9,.2,86,.7,270,17.6,15.5,998.1,1014.2,0,,23
2016-06-06 13:00:00,3.22,22,19,0.000,0.200,0.042,0.003,18.4,,83,.6,200,17.5,15.4,997.5,1013.5,0,,23.3
2016-06-06 14:00:00,3.484,17,14,0.000,0.200,0.044,0.003,18,,89,.5,270,18.3,16.1,997.1,1013.1,0,,22.3
2016-06-06 15:00:00,3.128,18,10,0.000,0.200,0.043,0.003,18,.1,87,.3,0,17.8,15.7,996.8,1012.8,0,,22.9
2016-06-06 16:00:00,1.488,19,11,0.000,0.200,0.041,0.003,18.6,,85,.4,0,18.2,16,996.5,1012.5,0,,22.5
2016-06-06 17:00:00,1.54,17,,0.000,0.200,0.038,0.004,18.7,,84,.3,0,18.1,15.9,996.1,1012.1,0,,22.1
2016-06-06 18:00:00,0.708,17,13,0.000,0.200,0.036,0.006,18.3,,88,.2,0,18.4,16.2,996.1,1012.1,0,,21.6
2016-06-06 19:00:00,0.04,25,18,0.000,0.200,0.034,0.007,17.8,.2,91,.8,20,18.5,16.3,996.3,1012.3,0,,20.2
2016-06-06 20:00:00,0,17,13,0.000,0.200,0.033,0.006,17.8,.3,93,0,0,18.9,16.6,996.7,1012.8,0,,19.6
2016-06-06 21:00:00,0,23,14,0.000,0.200,0.032,0.005,17.7,,93,.4,0,18.8,16.5,997.2,1013.3,,,19.3
2016-06-06 22:00:00,0,26,12,0.000,0.200,0.031,0.004,17.6,,92,.1,0,18.4,16.2,997.4,1013.5,,,19.1
2016-06-06 23:00:00,0,15,11,0.000,0.200,0.024,0.006,17.7,,93,.3,0,18.8,16.5,997.2,1013.3,,,18.9
2016-06-07 00:00:00,0,17,15,0.000,0.200,0.023,0.005,17.6,0,93,.2,0,18.6,16.4,996.9,1013,,,18.8
2016-06-07 01:00:00,0,18,14,0.000,0.200,0.023,0.004,17.6,0,93,.4,0,18.6,16.4,996.5,1012.6,,,18.7
2016-06-07 02:00:00,0,19,17,0.000,0.200,0.024,0.004,17.5,,93,0,0,18.5,16.3,996.1,1012.2,,,18.7
2016-06-07 03:00:00,0,16,14,0.000,0.200,0.021,0.004,17.6,,94,.4,0,18.9,16.6,996.1,1012.2,,,18.6
2016-06-07 04:00:00,0,15,12,0.000,0.200,0.022,0.004,17.6,,93,.1,0,18.6,16.4,995.9,1012,,,18.6
2016-06-07 05:00:00,0,18,12,0.001,0.200,0.019,0.004,17.6,,93,.5,20,18.6,16.4,995.7,1011.8,,,18.4
2016-06-07 06:00:00,0,16,10,0.000,0.200,0.016,0.005,17.7,,93,.9,340,18.8,16.5,995.7,1011.7,0,,18.8
2016-06-07 07:00:00,0.508,19,18,0.000,0.200,0.016,0.005,17.9,.2,93,.4,0,19,16.7,995.7,1011.7,0,,19.3
2016-06-07 08:00:00,4.292,24,10,0.000,0.200,0.018,0.006,19.2,0,87,.7,290,19.2,16.9,995.5,1011.4,0,,23.2
2016-06-07 09:00:00,7.24,26,8,0.000,0.200,0.023,0.005,20.3,,82,.8,320,19.5,17.1,995.4,1011.4,0,,25.2
2016-06-07 10:00:00,12.4,29,13,0.000,0.200,0.027,0.004,22.1,,71,.7,20,18.8,16.5,995,1010.8,.3,,30.8
2016-06-07 11:00:00,18.296,24,16,0.000,0.200,0.032,0.005,24,,61,1.2,140,18.2,16,994.5,1010.1,.9,,35.7
2016-06-07 12:00:00,22.888,31,17,0.001,0.200,0.036,0.005,24.6,,59,1,140,18.2,16,994.2,1009.7,.1,,33.5
2016-06-07 13:00:00,13.456,,,,,,,25.6,,55,1.5,110,17.9,15.8,993.8,1009.4,.2,,36.2
2016-06-07 14:00:00,11.384,,,0.023,1.400,0.037,0.029,24.7,,62,1.3,70,19.2,16.9,993.8,1009.5,.1,,30.5
2016-06-07 15:00:00,11.716,,,0.021,1.000,0.048,0.030,24.9,,60,2,90,18.8,16.5,993.4,1009.1,.3,,31.9
2016-06-07 16:00:00,11.8,72,50,0.019,0.800,0.067,0.031,25.2,,62,1.9,70,19.7,17.3,993.1,1008.7,.2,,32.3
2016-06-07 17:00:00,10.192,75,57,0.010,0.500,0.065,0.020,24.7,,62,1.8,90,19.2,16.9,992.7,1008.4,.5,,29.9
2016-06-07 18:00:00,4.708,63,44,0.009,0.400,0.050,0.024,24.3,,65,1.1,70,19.6,17.2,992.7,1008.3,0,,27.3
2016-06-07 19:00:00,1.896,54,27,0.005,0.300,0.042,0.023,23.7,,68,.6,50,19.9,17.4,992.7,1008.3,0,,24.9
2016-06-07 20:00:00,0.112,43,31,0.004,0.300,0.041,0.018,22.6,,74,1.4,50,20.2,17.7,992.8,1008.5,0,,22.6
2016-06-07 21:00:00,0,38,29,0.005,0.300,0.037,0.019,21.8,,80,1,50,20.8,18.1,993.2,1009,,,21.9
2016-06-07 22:00:00,0,43,38,0.004,0.300,0.033,0.016,21,,83,1,140,20.5,17.9,993.8,1009.7,,,21
2016-06-07 23:00:00,0,47,35,0.004,0.400,0.022,0.020,20.5,,86,1,70,20.6,18,994.1,1010,,,20.7
2016-06-08 00:00:00,0,53,42,0.003,0.400,0.020,0.015,20.1,,87,1.3,180,20.4,17.8,994.2,1010.2,,,20.3
2016-06-08 01:00:00,0,40,,0.003,0.400,0.015,0.014,19.8,,89,.3,0,20.5,17.9,994,1010,,,20.4
2016-06-08 02:00:00,0,53,43,0.002,0.400,0.013,0.011,19.2,,91,1,230,20.1,17.6,993.3,1009.2,,,19.3
2016-06-08 03:00:00,0,46,40,0.001,0.400,0.010,0.010,19.1,,91,.4,0,20,17.5,993.3,1009.2,,,19.5
2016-06-08 04:00:00,0,46,43,0.001,0.400,0.009,0.009,19.2,,91,0,0,20.1,17.6,993.4,1009.3,,,19.6
2016-06-08 05:00:00,0,39,,0.001,0.500,0.009,0.009,19.2,,92,.2,0,20.4,17.8,993.5,1009.4,,,19.5
2016-06-08 06:00:00,0,54,33,0.001,0.500,0.008,0.009,19.2,0,92,0,0,20.4,17.8,993.5,1009.4,0,,19.7
2016-06-08 07:00:00,0.064,50,44,0.002,0.500,0.008,0.009,19.6,.1,91,.2,0,20.6,18,993.7,1009.5,0,,20.5
2016-06-08 08:00:00,2.14,62,41,0.002,0.500,0.011,0.011,19.9,,90,.7,230,20.9,18.2,993.8,1009.8,0,,21.8
2016-06-08 09:00:00,7.028,78,52,0.003,0.400,0.020,0.009,21.4,,82,.4,0,20.8,18.1,993.9,1009.7,0,,25.3
2016-06-08 10:00:00,9.688,80,57,0.003,0.400,0.028,0.008,21.8,,74,.5,250,19.2,16.9,993.8,1009.6,0,,24.2
2016-06-08 11:00:00,13.364,80,53,0.004,0.400,0.040,0.009,22.4,.1,74,1,90,20,17.5,993.7,1009.4,0,,26.7
2016-06-08 12:00:00,11.84,80,54,0.008,0.700,0.051,0.014,21.4,.1,83,.5,180,21,18.3,993.7,1009.5,0,,24.1
2016-06-08 13:00:00,9.52,79,73,0.015,1.200,0.044,0.025,21.7,0,85,.1,0,22,19,993.6,1009.4,0,,24.2
2016-06-08 14:00:00,5.636,78,,0.018,1.000,0.048,0.035,22.7,.2,81,.5,160,22.2,19.2,993.3,1009,0,,26.7
2016-06-08 15:00:00,10.212,79,73,0.007,0.400,0.042,0.020,23.3,,76,1.3,90,21.7,18.8,993,1008.6,0,,28.9
2016-06-08 16:00:00,9.9,79,41,0.009,0.500,0.036,0.023,22.7,,77,.9,110,21.2,18.4,992.8,1008.5,0,,25.3
2016-06-08 17:00:00,7.864,78,36,0.008,0.400,0.037,0.022,23,0,78,.4,0,21.8,18.9,992.5,1008.2,0,,25.4
2016-06-08 18:00:00,5.236,77,42,0.006,0.400,0.036,0.020,22.9,0,79,1,140,22,19,992.6,1008.3,0,,25.5
2016-06-08 19:00:00,2.74,76,37,0.007,0.400,0.032,0.024,22.1,,79,1.3,230,20.9,18.2,993,1008.8,0,,23.3
2016-06-08 20:00:00,0.44,76,34,0.003,0.300,0.038,0.013,21.6,,82,.6,270,21,18.3,993.5,1009.3,0,,21.9
2016-06-08 21:00:00,0,77,33,0.003,0.400,0.035,0.012,20.9,,87,.6,110,21.4,18.6,993.8,1009.7,,,21
2016-06-08 22:00:00,0,77,39,0.003,0.300,0.033,0.012,20.4,,88,.8,110,21,18.3,993.9,1009.8,,,20.5
2016-06-08 23:00:00,0,77,33,0.003,0.300,0.029,0.011,19.7,,90,.3,0,20.6,18,994.6,1010.6,,,19.9
2016-06-09 00:00:00,0,77,34,0.003,0.300,0.030,0.010,19.8,,90,.2,0,20.8,18.1,994.7,1010.7,,,20
2016-06-09 01:00:00,0,76,37,0.003,0.300,0.022,0.010,19.4,,92,.3,0,20.6,18,994.6,1010.5,,,19.8
2016-06-09 02:00:00,0,76,32,0.002,0.300,0.016,0.010,19.2,,92,.4,0,20.4,17.8,994.3,1010.2,,,19.6
2016-06-09 03:00:00,0,76,40,0.002,0.300,0.018,0.008,19.3,,92,.2,0,20.5,17.9,994.2,1010.1,,,19.8
2016-06-09 04:00:00,0,76,40,0.001,0.300,0.017,0.007,19,,92,.3,0,20.1,17.6,994.1,1010,,,18.9
2016-06-09 05:00:00,0,76,45,0.002,0.300,0.016,0.008,18.8,,93,.6,200,20.1,17.6,994.4,1010.3,,,18.7
2016-06-09 06:00:00,0,77,40,0.002,0.300,0.013,0.008,18.7,,92,.5,290,19.7,17.3,994.8,1010.7,0,,19
2016-06-09 07:00:00,1.216,76,35,0.001,0.300,0.011,0.009,19.7,,87,.6,290,19.9,17.4,995,1011,0,,21.1
2016-06-09 08:00:00,2.42,77,39,0.001,0.300,0.011,0.009,20.5,,82,.8,290,19.7,17.3,995.7,1011.6,0,,23.2
2016-06-09 09:00:00,4.184,77,42,0.002,0.300,0.012,0.009,21.4,,79,.6,340,20,17.5,995.6,1011.5,0,,25
2016-06-09 10:00:00,8.436,79,41,0.002,0.400,0.017,0.010,23.8,,71,.8,340,20.9,18.2,995.4,1011,.3,,30.8
2016-06-09 11:00:00,12.936,81,42,0.002,0.300,0.023,0.008,24.4,,60,1.7,250,18.3,16.1,995.1,1010.7,.7,,34
2016-06-09 12:00:00,23.2,84,39,0.001,0.300,0.045,0.005,25.7,,57,1.2,270,18.8,16.5,994.8,1010.4,.9,,38.6
2016-06-09 13:00:00,24.944,85,33,0.001,0.200,0.051,0.004,27.2,,52,1.8,70,18.6,16.4,994.4,1009.9,.9,,42.9
2016-06-09 14:00:00,22.564,83,31,0.001,0.300,0.056,0.006,26.8,,47,1.9,90,16.5,14.5,994.1,1009.6,.7,,38.6
2016-06-09 15:00:00,9.948,78,31,0.001,0.300,0.064,0.008,26.5,,47,2,50,16.2,14.2,994,1009.6,.3,,35.8
2016-06-09 16:00:00,4.436,78,37,0.003,0.300,0.047,0.009,27.6,,52,2.3,360,19.1,16.8,993.8,1009.3,.9,,41.2
2016-06-09 17:00:00,14.96,79,29,0.011,0.400,0.052,0.021,26.8,,51,2.2,50,17.9,15.8,993.5,1009,1,,37.5
2016-06-09 18:00:00,7.004,78,41,0.015,0.500,0.054,0.026,26,,54,1.7,70,18.1,15.9,993.6,1009.2,1,,32
2016-06-09 19:00:00,1.676,76,54,0.015,0.600,0.054,0.025,23.8,,69,2.2,70,20.2,17.7,994.1,1009.7,.7,,26.4
2016-06-09 20:00:00,0.156,77,57,0.011,0.400,0.055,0.020,22.2,,77,2.3,50,20.5,17.9,994.7,1010.5,0,,23.4
2016-06-09 21:00:00,0,77,59,0.009,0.300,0.042,0.022,21.4,,80,1.7,50,20.2,17.7,995.3,1011.2,,,21.9
2016-06-09 22:00:00,0,77,56,0.008,0.300,0.040,0.017,20.6,,84,2.1,50,20.2,17.7,996.5,1012.4,,,20.9
2016-06-09 23:00:00,0,76,67,0.005,0.400,0.034,0.016,19.9,,87,.6,50,20.1,17.6,996.9,1012.9,,,20
2016-06-10 00:00:00,0,76,60,0.003,0.400,0.027,0.012,19.3,,90,1.1,110,20.1,17.6,997,1012.9,,,19.2
2016-06-10 01:00:00,0,76,62,0.003,0.500,0.021,0.013,18.5,,92,.4,0,19.5,17.1,997,1013,,,18.6
2016-06-10 02:00:00,0,76,59,0.004,0.500,0.023,0.012,18.8,,91,0,0,19.6,17.2,997.3,1013.3,,,19.8
2016-06-10 03:00:00,0,76,,0.005,0.400,0.027,0.009,19,,91,.1,0,19.9,17.4,997.3,1013.3,,,20.1
2016-06-10 04:00:00,0,76,74,0.005,0.500,0.027,0.008,19.1,,90,.6,340,19.9,17.4,997.1,1013,,,20.2
2016-06-10 05:00:00,0,76,,0.005,0.500,0.025,0.008,19.2,,89,.7,320,19.7,17.3,997.4,1013.3,,,20.1
2016-06-10 06:00:00,0,77,,0.004,0.500,0.020,0.007,19.4,,90,.5,270,20.2,17.7,997.5,1013.4,0,,20.4
2016-06-10 07:00:00,0.552,76,66,0.004,0.500,0.020,0.008,19.9,,87,.4,0,20.1,17.6,997.7,1013.7,0,,21.5
2016-06-10 08:00:00,0.996,76,65,0.003,0.500,0.022,0.009,20.7,,83,.7,50,20.2,17.7,998.1,1014.1,0,,23.3
2016-06-10 09:00:00,2.512,77,62,0.005,0.500,0.032,0.010,22.1,,74,.6,340,19.6,17.2,998.1,1013.9,.1,,30.1
2016-06-10 10:00:00,9.356,79,68,0.004,0.500,0.043,0.007,23.8,,63,2.2,110,18.5,16.3,997.3,1013,.7,,36.7
2016-06-10 11:00:00,13.936,81,59,0.003,0.400,0.048,0.007,24.7,,60,3.1,70,18.6,16.4,997,1012.7,1,,42.3
2016-06-10 12:00:00,22.476,84,57,0.002,0.300,0.056,0.006,25.3,,55,1.8,20,17.7,15.6,996.7,1012.4,1,,46.6
2016-06-10 13:00:00,26.852,,,,,,,26,,53,3.5,70,17.7,15.6,996.1,1011.7,1,,48.2
2016-06-10 14:00:00,26.86,84,55,0.003,0.300,0.070,0.008,26.6,,50,3.1,70,17.4,15.3,995.9,1011.5,1,,49.4
2016-06-10 15:00:00,26.1,81,51,0.007,0.300,0.070,0.012,27.3,,48,2.9,70,17.4,15.3,995.4,1010.9,1,,47.7
2016-06-10 16:00:00,26.076,70,43,0.019,0.300,0.055,0.029,27.7,,49,3,70,18.2,16,995.1,1010.6,1,,45.5
2016-06-10 17:00:00,20.968,64,43,0.016,0.300,0.057,0.025,27.5,,50,2.3,90,18.3,16.1,994.7,1010.2,1,,41.3
2016-06-10 18:00:00,14.532,51,39,0.009,0.300,0.058,0.019,26.8,,51,2.8,50,17.9,15.8,994.7,1010.2,1,,34.8
2016-06-10 19:00:00,4.036,63,45,0.007,0.200,0.053,0.016,25.3,,58,2,50,18.6,16.4,995,1010.7,.7,,28.8
2016-06-10 20:00:00,0.224,63,47,0.008,0.300,0.048,0.014,24,,64,2.5,50,19,16.7,995.3,1010.9,0,,25.7
2016-06-10 21:00:00,0,56,44,0.008,0.200,0.041,0.012,22.9,,69,2.5,50,19.2,16.9,995.6,1011.3,,,24
2016-06-10 22:00:00,0,65,36,0.006,0.200,0.037,0.010,21.6,,78,1.6,50,20,17.5,995.8,1011.6,,,22.6
2016-06-10 23:00:00,0,56,42,0.007,0.300,0.030,0.013,20.9,,81,1.5,50,20,17.5,996,1011.9,,,21.5
2016-06-11 00:00:00,0,61,50,0.007,0.300,0.030,0.011,20.4,,83,1.6,50,19.9,17.4,995.7,1011.7,,,20.9
2016-06-11 01:00:00,0,63,52,0.005,0.300,0.020,0.012,20,,84,1.3,320,19.6,17.2,995.5,1011.5,,,20.3
2016-06-11 02:00:00,0,61,43,0.004,0.300,0.017,0.010,19.6,,85,.8,270,19.4,17,995.5,1011.4,,,19.8
2016-06-11 03:00:00,0,54,51,0.003,0.300,0.015,0.009,19.2,,88,1.3,200,19.5,17.1,995.7,1011.6,,,19.3
2016-06-11 04:00:00,0,52,,0.004,0.500,0.011,0.012,18.9,,90,1.3,110,19.6,17.2,996.3,1012.2,,,18.7
2016-06-11 05:00:00,0,60,49,0.003,0.500,0.010,0.011,18.4,,90,.6,360,19,16.7,996.3,1012.3,,,19
2016-06-11 06:00:00,0,57,51,0.002,0.400,0.008,0.009,18.4,,90,.5,70,19,16.7,996.6,1012.6,0,,19.4
2016-06-11 07:00:00,0.46,58,49,0.003,0.500,0.009,0.010,19.3,,87,1,90,19.4,17,996.8,1012.7,0,,22.1
2016-06-11 08:00:00,3.26,64,53,0.004,0.600,0.010,0.011,20.8,,78,.5,290,19.1,16.8,996.4,1012.3,.5,,27
2016-06-11 09:00:00,6.704,68,50,0.006,0.500,0.015,0.011,23.9,,68,1.4,50,20.1,17.6,996.2,1011.8,1,,34
2016-06-11 10:00:00,9.624,77,46,0.022,0.900,0.020,0.020,24.8,,65,2.2,70,20.2,17.7,996,1011.7,1,,38.8
2016-06-11 11:00:00,12.648,86,62,0.033,1.200,0.023,0.029,25.4,,64,2.7,90,20.6,18,995.3,1011,1,,47.4
2016-06-11 12:00:00,20.316,95,62,0.052,1.400,0.048,0.043,26.7,,64,3.2,90,22.4,19.3,994.8,1010.4,1,,48.5
2016-06-11 13:00:00,20.616,113,73,0.030,0.800,0.061,0.026,27.2,0,60,2.4,50,21.6,18.7,994.1,1009.6,.6,,44.6
2016-06-11 14:00:00,15.524,90,49,0.022,0.500,0.059,0.022,27.8,,56,2.7,50,20.9,18.2,993.6,1009.1,.5,,45.7
2016-06-11 15:00:00,14.02,75,48,0.014,0.300,0.051,0.015,27.1,,59,2.1,20,21,18.3,993.2,1008.7,.3,,35.7
2016-06-11 16:00:00,15.32,63,40,0.020,0.500,0.042,0.021,27.3,,57,2.9,50,20.6,18,993,1008.5,.3,,36.4
2016-06-11 17:00:00,11.288,67,38,0.015,0.400,0.036,0.016,27.2,,59,3.4,70,21.2,18.4,992.9,1008.4,.6,,36.8
2016-06-11 18:00:00,8.024,59,37,0.015,0.400,0.026,0.016,25.7,,66,2.9,50,21.7,18.8,992.9,1008.5,.5,,31.6
2016-06-11 19:00:00,1.924,60,41,0.012,0.400,0.023,0.019,24.7,,71,2.6,50,22,19,993.4,1009.1,0,,27.9
2016-06-11 20:00:00,0.06,63,39,0.012,0.400,0.018,0.020,23.9,,75,2.1,50,22.1,19.1,993.8,1009.4,0,,25.2
2016-06-11 21:00:00,0,50,33,0.010,0.300,0.019,0.015,23.2,,78,1.5,20,22.1,19.1,993.9,1009.6,,,23.8
2016-06-11 22:00:00,0,46,36,0.009,0.300,0.018,0.013,22.3,,83,1,160,22.2,19.2,994.6,1010.4,,,22.8
2016-06-11 23:00:00,0,47,36,0.007,0.300,0.014,0.013,21.7,,88,.6,200,22.8,19.6,994.4,1010.2,,,21.8
2016-06-12 00:00:00,0,44,38,0.005,0.200,0.012,0.012,21.2,,89,.4,0,22.4,19.3,994.4,1010.3,,,21.2
2016-06-12 01:00:00,0,38,29,0.003,0.200,0.009,0.010,20.4,,90,.4,0,21.4,18.6,993.7,1009.6,,,21
2016-06-12 02:00:00,0,39,38,0.003,0.200,0.007,0.010,20.5,,90,.6,110,21.6,18.7,993.5,1009.4,,,21.1
2016-06-12 03:00:00,0,39,34,0.002,0.200,0.006,0.010,20.2,,91,.4,0,21.4,18.6,993.1,1009,,,20.7
2016-06-12 04:00:00,0,42,40,0.002,0.200,0.007,0.007,20.2,,91,.2,0,21.4,18.6,992.8,1008.7,,,20.8
2016-06-12 05:00:00,0,33,32,0.002,0.200,0.006,0.007,20.3,,91,.8,70,21.6,18.7,992.3,1008.2,,,21.3
2016-06-12 06:00:00,0,33,28,0.002,0.200,0.006,0.007,20.5,,91,.8,250,21.8,18.9,992.3,1008.2,0,,21.5
2016-06-12 07:00:00,0.52,37,30,0.002,0.200,0.005,0.007,20.8,,90,.8,320,22,19,992,1007.9,0,,22.2
2016-06-12 08:00:00,3.008,55,31,0.002,0.200,0.006,0.007,21.6,,86,.5,320,22.1,19.1,992.2,1008,0,,24.3
2016-06-12 09:00:00,3.12,43,33,0.002,0.200,0.008,0.009,22.2,,82,.7,320,21.8,18.9,992,1007.7,0,,26.6
2016-06-12 10:00:00,6.124,59,41,0.002,0.200,0.011,0.008,22.6,,81,1.5,340,22.1,19.1,991.6,1007.3,0,,26.8
2016-06-12 11:00:00,10.328,57,41,0.003,0.200,0.018,0.007,23.8,,74,.9,360,21.7,18.8,991.3,1006.9,0,,32.2
2016-06-12 12:00:00,9.112,51,33,0.004,0.200,0.024,0.006,24.5,,70,1.1,230,21.4,18.6,990.6,1006.1,0,,32.1
2016-06-12 13:00:00,6.516,45,33,0.006,0.300,0.025,0.009,25,,72,.5,270,22.7,19.5,990.4,1006,0,,30.9
2016-06-12 14:00:00,4.136,48,35,0.012,0.500,0.021,0.017,24.7,0,72,.8,160,22.4,19.3,989.9,1005.5,0,,29.7
2016-06-12 15:00:00,5.696,59,35,0.010,0.400,0.016,0.020,24.6,0,74,1,20,22.8,19.6,989.1,1004.6,0,,29.4
2016-06-12 16:00:00,6.26,57,50,0.013,0.300,0.018,0.021,25,,75,1.8,320,23.7,20.2,988.2,1003.8,0,,30.3
2016-06-12 17:00:00,5.66,53,33,0.016,0.500,0.020,0.024,24.9,,70,1.5,360,22,19,987.9,1003.5,0,,29.2
2016-06-12 18:00:00,4.632,62,42,0.009,0.400,0.022,0.017,24.7,,75,.8,110,23.2,19.9,987.9,1003.5,0,,28
2016-06-12 19:00:00,0.996,53,46,0.008,0.300,0.016,0.018,24.1,,78,.9,140,23.4,20,988,1003.5,0,,26.2
2016-06-12 20:00:00,0,60,37,0.006,0.200,0.014,0.015,23.4,,82,.7,70,23.5,20.1,987.8,1003.4,0,,23.8
2016-06-12 21:00:00,0,40,32,0.005,0.200,0.013,0.017,22.5,,87,.7,140,23.7,20.2,987.9,1003.5,,,22.4
2016-06-12 22:00:00,0,39,38,0.004,0.200,0.013,0.013,21.3,,90,.2,0,22.7,19.5,987.9,1003.6,,,21.5
2016-06-12 23:00:00,0,50,38,0.005,0.200,0.007,0.019,21,,90,.5,340,22.2,19.2,988.1,1003.9,,,21
2016-06-13 00:00:00,0,53,42,0.003,0.200,0.005,0.015,20.7,,90,.2,0,21.8,18.9,987.7,1003.5,,,21.7
2016-06-13 01:00:00,0,48,38,0.003,0.200,0.005,0.014,20.4,,91,.2,0,21.7,18.8,987.3,1003.1,,,20.5
2016-06-13 02:00:00,0,44,38,0.003,0.200,0.005,0.015,19.9,,93,.8,290,21.6,18.7,987,1002.9,,,20.2
2016-06-13 03:00:00,0,51,43,0.003,0.300,0.005,0.011,19.5,,94,.2,0,21.3,18.5,986.7,1002.4,,,19.5
2016-06-13 04:00:00,0,48,35,0.002,0.300,0.004,0.011,19.5,,93,.6,340,21,18.3,986.7,1002.4,,,20.3
2016-06-13 05:00:00,0,54,39,0.002,0.200,0.004,0.007,19.4,,93,.9,290,20.9,18.2,986.7,1002.4,,,20.3
2016-06-13 06:00:00,0,42,30,0.002,0.200,0.004,0.007,19.6,,92,1.1,290,20.9,18.2,987,1002.7,0,,20.9
2016-06-13 07:00:00,1.372,38,30,0.001,0.200,0.006,0.007,19.8,,92,1.4,270,21.2,18.4,987,1002.9,0,,22.4
2016-06-13 08:00:00,3.508,39,34,0.001,0.200,0.011,0.005,21.7,,81,1.2,270,20.9,18.2,987,1002.7,.4,,27.5
2016-06-13 09:00:00,7.636,44,30,0.001,0.200,0.019,0.004,24.4,,70,.8,340,21.3,18.5,986.9,1002.4,1,,35.2
2016-06-13 10:00:00,13.336,46,28,0.001,0.200,0.023,0.005,25.5,,62,1,230,20.1,17.6,986.6,1002.1,.9,,38.6
2016-06-13 11:00:00,15.516,47,31,0.001,0.200,0.029,0.005,26.7,,58,2.1,230,20.2,17.7,986.2,1001.6,.8,,47.1
2016-06-13 12:00:00,17.72,48,26,0.001,0.200,0.035,0.005,27,,59,2.4,70,20.9,18.2,985.7,1001.1,.9,,48.9
2016-06-13 13:00:00,9.74,46,28,0.007,0.300,0.029,0.014,27.2,,60,3.1,70,21.6,18.7,985.1,1000.5,.8,,52.1
2016-06-13 14:00:00,12.668,55,33,0.016,0.300,0.026,0.025,28.1,,54,2.2,70,20.5,17.9,984.7,1000,.9,,53.5
2016-06-13 15:00:00,8.888,72,44,0.017,0.600,0.040,0.022,27.3,,58,3.1,70,21,18.3,984.3,999.6,1,,46.4
2016-06-13 16:00:00,11.588,81,52,0.017,0.600,0.048,0.020,27,,60,3.7,70,21.3,18.5,983.9,999.3,.8,,44.8
2016-06-13 17:00:00,13.468,69,51,0.010,0.300,0.047,0.017,26.1,,65,3.5,90,21.8,18.9,983.9,999.3,.9,,39.7
2016-06-13 18:00:00,4.176,60,38,0.010,0.400,0.046,0.015,25.2,,68,3.6,70,21.7,18.8,983.8,999.3,.8,,33.6
2016-06-13 19:00:00,1.476,52,39,0.019,0.700,0.034,0.024,23.7,,73,3.2,50,21.3,18.5,984.6,1000.1,.2,,28.6
2016-06-13 20:00:00,0,61,39,0.029,1.200,0.022,0.036,22.6,,77,2.9,50,21,18.3,985.3,1000.9,0,,25.5
2016-06-13 21:00:00,0,77,44,0.030,1.200,0.019,0.033,21.9,,80,3.6,50,20.9,18.2,986,1001.7,,,23.6
2016-06-13 22:00:00,0,72,41,0.023,0.800,0.022,0.026,21.4,,82,1.9,70,20.8,18.1,986.8,1002.5,,,23.2
2016-06-13 23:00:00,0,63,40,0.014,0.500,0.028,0.016,21.2,,83,1.9,50,20.8,18.1,987.2,1002.9,,,23
2016-06-14 00:00:00,0,51,33,0.015,0.600,0.026,0.016,21.1,,84,1.1,70,20.9,18.2,987.2,1003,,,22.8
2016-06-14 01:00:00,0,,45,0.012,0.500,0.025,0.015,21,,84,1.2,70,20.8,18.1,987,1002.8,,,22.6
2016-06-14 02:00:00,0,54,40,0.018,0.400,0.014,0.025,20.7,,86,1.3,90,20.9,18.2,986.8,1002.6,,,22
2016-06-14 03:00:00,0,61,48,0.015,0.400,0.015,0.021,20.7,,86,.7,90,20.9,18.2,987,1002.8,,,22.1
2016-06-14 04:00:00,0,56,39,0.009,0.300,0.023,0.010,20.6,,87,.9,140,21,18.3,987.3,1003.1,,,21.9
2016-06-14 05:00:00,0,48,35,0.008,0.300,0.020,0.011,20.3,,88,1.4,110,20.9,18.2,986.9,1002.7,,,21.2
2016-06-14 06:00:00,0,45,41,0.007,0.200,0.021,0.011,20.5,,88,.9,50,21.2,18.4,987.3,1003.1,0,,21.9
2016-06-14 07:00:00,0.928,41,33,0.006,0.200,0.021,0.011,21.1,,85,.5,320,21.2,18.4,988,1003.8,0,,23.6
2016-06-14 08:00:00,3.044,44,31,0.005,0.200,0.024,0.012,21.6,,81,.4,0,20.8,18.1,988.1,1003.8,0,,25.3
2016-06-14 09:00:00,9.472,43,35,0.007,0.300,0.032,0.013,23,,74,1.1,90,20.8,18.1,988.2,1003.8,.1,,30
2016-06-14 10:00:00,14.512,51,35,0.006,0.300,0.038,0.012,24.6,,64,2.4,70,19.7,17.3,988.4,1003.9,.6,,40.8
2016-06-14 11:00:00,20.356,64,47,0.010,0.500,0.054,0.014,26.4,,56,2.9,50,19.2,16.9,987.6,1003.1,1,,47.7
2016-06-14 12:00:00,21.316,,,,,,,27.4,,50,3,50,18.2,16,987.5,1002.9,1,,51.8
2016-06-14 13:00:00,25.604,,,,,,,28.1,,46,2.6,50,17.4,15.3,986.8,1002.1,1,,55.1
2016-06-14 14:00:00,22.508,68,50,0.014,0.800,0.049,0.016,27.3,,49,3.6,50,17.7,15.6,986.8,1002.2,1,,51.7
2016-06-14 15:00:00,17.96,70,36,0.021,1.000,0.044,0.023,26.1,,54,2.8,20,18.2,16,986.6,1002.1,.5,,39.5
2016-06-14 16:00:00,26.824,87,42,0.027,1.200,0.037,0.026,26.2,,55,3.6,50,18.6,16.4,986.5,1002,.9,,42.5
2016-06-14 17:00:00,21.768,81,34,0.030,1.100,0.033,0.029,25.4,,58,3.6,70,18.8,16.5,986.6,1002.1,.6,,36.9
2016-06-14 18:00:00,10.956,73,34,0.023,1.100,0.034,0.026,24.3,,65,3.7,50,19.6,17.2,986.8,1002.3,.5,,32.4
2016-06-14 19:00:00,4.664,65,29,0.010,0.300,0.042,0.016,23.1,,69,4.1,70,19.4,17,987.6,1003.2,.1,,27.4
2016-06-14 20:00:00,0.156,43,27,0.016,0.800,0.031,0.023,22.3,,74,3.6,50,19.9,17.4,987.9,1003.6,0,,24.8
2016-06-14 21:00:00,0,51,32,0.017,0.900,0.027,0.022,21.6,,77,2.4,50,19.7,17.3,988.4,1004.1,,,23.5
2016-06-14 22:00:00,0,56,39,0.013,0.600,0.023,0.021,20.9,,81,2.9,50,20,17.5,988.8,1004.6,,,22
2016-06-14 23:00:00,0,62,45,0.005,0.200,0.030,0.008,20.5,,83,2,70,20,17.5,988.5,1004.3,,,21
2016-06-15 00:00:00,0,49,38,0.003,0.200,0.027,0.007,19.9,,86,.7,90,19.9,17.4,988.8,1004.7,,,20.2
2016-06-15 01:00:00,0,43,37,0.002,0.200,0.025,0.006,19.3,,88,.8,90,19.6,17.2,988.4,1004.2,,,19.7
2016-06-15 02:00:00,0,35,31,0.002,0.200,0.025,0.005,18.5,,90,.3,0,19.1,16.8,988.2,1004.1,,,19.4
2016-06-15 03:00:00,0,31,29,0.002,0.200,0.023,0.005,18.4,,91,.1,0,19.1,16.8,988.3,1004.2,,,19.1
2016-06-15 04:00:00,0,32,30,0.001,0.200,0.020,0.005,17.8,,91,.2,0,18.5,16.3,987.7,1003.6,,,18.3
2016-06-15 05:00:00,0,34,27,0.001,0.200,0.017,0.005,17.9,,92,.4,0,18.8,16.5,987.9,1003.8,,,18.5
2016-06-15 06:00:00,0,31,,0.001,0.200,0.016,0.005,18,,91,.4,0,18.8,16.5,988.2,1004.1,0,,19.1
2016-06-15 07:00:00,1.672,35,31,0.001,0.200,0.015,0.006,18.5,,89,.8,320,18.9,16.6,988.9,1004.8,0,,21.2
2016-06-15 08:00:00,3.988,41,35,0.001,0.200,0.017,0.008,20.2,,82,.6,250,19.4,17,988.8,1004.7,.1,,25.7
2016-06-15 09:00:00,6.56,47,34,0.002,0.200,0.025,0.010,21.6,,72,1.4,90,18.5,16.3,989,1004.7,.1,,28
2016-06-15 10:00:00,7.008,45,37,0.007,0.400,0.031,0.014,21.1,,74,2,70,18.4,16.2,988.5,1004.3,0,,25.4
2016-06-15 11:00:00,7.896,54,36,0.007,0.300,0.031,0.015,21.7,,71,3.9,70,18.4,16.2,987.7,1003.4,0,,28.7
2016-06-15 12:00:00,7.676,55,29,0.009,0.500,0.036,0.013,22.9,,68,3.7,50,18.9,16.6,986.6,1002.2,.1,,34
2016-06-15 13:00:00,8.024,54,27,0.015,0.900,0.033,0.016,24.4,,59,2.6,20,17.9,15.8,986.4,1001.8,.5,,39.4
2016-06-15 14:00:00,7.284,56,33,0.018,0.900,0.028,0.020,24.2,,60,2.5,20,18.1,15.9,985.3,1000.7,.3,,34.3
2016-06-15 15:00:00,3.328,56,35,0.014,0.600,0.021,0.022,24.6,,58,2.8,180,17.8,15.7,985.9,1001.3,.3,,34.1
2016-06-15 16:00:00,1.872,51,25,0.020,0.800,0.016,0.027,24.7,,61,2.3,20,18.9,16.6,985.4,1000.9,0,,32.3
2016-06-15 17:00:00,1.668,58,41,0.012,0.500,0.018,0.027,23.8,,68,2.3,70,20,17.5,985.1,1000.6,0,,30.7
2016-06-15 18:00:00,1.12,49,36,0.011,0.500,0.021,0.023,23.3,0,74,3.8,50,21,18.3,984.7,1000.2,0,,27.9
2016-06-15 19:00:00,0.504,55,39,0.011,0.400,0.021,0.019,22.9,,77,3.3,70,21.4,18.6,985,1000.6,0,,25.3
2016-06-15 20:00:00,0,43,31,0.004,0.200,0.027,0.010,23,,76,2.7,50,21.3,18.5,984.9,1000.4,0,,24.1
2016-06-15 21:00:00,0,36,21,0.002,0.200,0.028,0.006,23.3,0,74,2,20,21,18.3,985.1,1000.6,,,23.1
2016-06-15 22:00:00,0,33,21,0.007,0.300,0.015,0.017,22.8,0,78,2.8,70,21.6,18.7,985.1,1000.7,,,22.7
2016-06-15 23:00:00,0,38,22,0.005,0.300,0.019,0.012,22.7,,81,2.8,20,22.2,19.2,984.4,1000,,,22.5
2016-06-16 00:00:00,0,32,21,0.004,0.200,0.021,0.009,22.5,,84,1.9,20,22.8,19.6,984,999.6,,,22.4
2016-06-16 01:00:00,0,35,33,0.002,0.200,0.021,0.006,22.7,,84,.9,110,23.1,19.8,983.7,999.3,,,22.5
2016-06-16 02:00:00,0,31,24,0.001,0.200,0.023,0.005,21.5,0,87,.3,0,22.2,19.2,983.4,999.1,,,22.1
2016-06-16 03:00:00,0,35,24,0.001,0.200,0.025,0.005,20.8,6,93,.7,250,22.8,19.6,983.2,998.9,,,21.7
2016-06-16 04:00:00,0,36,19,0.001,0.200,0.021,0.005,20.7,.5,94,.7,320,22.8,19.6,982.4,998.1,,,21.5
2016-06-16 05:00:00,0,25,14,0.001,0.200,0.016,0.004,20.7,0,94,.7,180,22.8,19.6,982.2,997.9,,,21.6
2016-06-16 06:00:00,0,17,,0.001,0.200,0.015,0.005,20.7,,94,1.4,250,22.8,19.6,982.7,998.4,0,,21.5
2016-06-16 07:00:00,0.992,23,15,0.002,0.200,0.015,0.005,21,,93,.4,0,23.1,19.8,982.7,998.4,0,,21.9
2016-06-16 08:00:00,3.112,18,13,0.001,0.200,0.023,0.005,21.3,0,92,.7,270,23.2,19.9,983.2,998.9,0,,22.6
2016-06-16 09:00:00,5.588,23,12,0.001,0.200,0.029,0.006,22.3,,82,.6,90,22,19,983.3,998.9,0,,25.1
2016-06-16 10:00:00,11.168,45,13,0.001,0.200,0.037,0.006,24.5,,68,1.9,360,20.8,18.1,983.3,998.7,.2,,31.4
2016-06-16 11:00:00,13.868,49,21,0.001,0.300,0.053,0.006,25.6,,54,2.5,320,17.6,15.5,983.4,998.9,.7,,33.6
2016-06-16 12:00:00,17.912,35,23,0.001,0.200,0.058,0.005,26,,51,3.3,320,17,15,983.3,998.7,.4,,33.7
2016-06-16 13:00:00,22.052,40,18,0.001,0.200,0.061,0.005,26.6,,48,4.4,340,16.6,14.6,983,998.4,.8,,38.4
2016-06-16 14:00:00,25.428,32,24,0.001,0.200,0.061,0.005,26.6,,44,3.7,290,15.3,13.3,982.8,998.2,.9,,38.2
2016-06-16 15:00:00,16.496,29,15,0.001,0.200,0.060,0.005,25.7,,49,3.2,290,16.1,14.1,982.9,998.3,.2,,34.7
2016-06-16 16:00:00,10.784,32,20,0.001,0.200,0.058,0.006,26.1,,49,2.8,290,16.5,14.5,982.8,998.2,.5,,34.6
2016-06-16 17:00:00,7.704,34,22,0.001,0.200,0.058,0.005,24.4,,52,4.7,270,15.8,13.8,983.2,998.6,0,,30.1
2016-06-16 18:00:00,5.328,32,17,0.001,0.200,0.058,0.005,24.6,,50,5,270,15.4,13.4,983.6,999,.3,,29.9
2016-06-16 19:00:00,4.352,22,17,0.001,0.200,0.056,0.005,23.3,,52,3.6,270,14.8,12.8,984.5,1000,.3,,24.8
2016-06-16 20:00:00,0.464,14,13,0.001,0.200,0.054,0.005,22.4,,55,4.3,270,14.9,12.9,985.4,1001,0,,21.9
2016-06-16 21:00:00,0,13,11,0.001,0.200,0.053,0.004,21.8,,57,3.2,290,14.8,12.8,986.4,1002.1,,,20.2
2016-06-16 22:00:00,0,12,11,0.001,0.200,0.052,0.004,21.4,,58,2.1,320,14.7,12.7,987.2,1002.9,,,19.1
2016-06-16 23:00:00,0,15,9,0.001,0.200,0.051,0.004,20.5,,62,1.9,320,14.9,12.9,988,1003.8,,,18.2
2016-06-17 00:00:00,0,23,11,0.001,0.200,0.051,0.004,20.3,,63,2.7,320,15,13,988.3,1004.1,,,17.6
2016-06-17 01:00:00,0,22,17,0.001,0.200,0.047,0.004,19.8,,64,2.2,290,14.7,12.7,988.5,1004.4,,,17
2016-06-17 02:00:00,0,20,19,0.001,0.200,0.040,0.004,19,,70,2.1,340,15.3,13.3,988.8,1004.6,,,16.4
2016-06-17 03:00:00,0,24,17,0.001,0.200,0.037,0.004,18.6,,71,2.3,360,15.2,13.2,989.1,1005,,,16
2016-06-17 04:00:00,0,18,,0.001,0.200,0.033,0.004,18.6,,69,1.9,340,14.7,12.7,990,1005.9,,,15.7
2016-06-17 05:00:00,0,25,17,0.001,0.200,0.036,0.004,17.9,,71,.7,270,14.5,12.5,990.3,1006.2,,,15
2016-06-17 06:00:00,0.024,24,24,0.001,0.200,0.027,0.005,17.5,,77,.9,250,15.4,13.4,990.9,1006.9,.2,,15.6
2016-06-17 07:00:00,1.052,24,18,0.001,0.200,0.025,0.004,18.4,,75,1.1,230,15.8,13.8,991.7,1007.6,1,,18.8
2016-06-17 08:00:00,2.564,25,22,0.001,0.200,0.032,0.007,20.9,,65,.6,320,16,14,992.7,1008.6,1,,24.3
2016-06-17 09:00:00,7.048,34,21,0.001,0.300,0.042,0.007,22.6,,56,1.3,290,15.3,13.3,992.7,1008.4,1,,31.5
2016-06-17 10:00:00,14.06,35,28,0.001,0.200,0.050,0.005,23.7,,51,1.5,340,14.9,12.9,992.8,1008.4,1,,37.9
2016-06-17 11:00:00,20.668,44,23,0.001,0.200,0.052,0.006,26.3,,40,1.5,360,13.7,11.6,992.7,1008.2,1,,38.9
2016-06-17 12:00:00,25.076,34,19,0.002,0.200,0.056,0.006,28.1,,33,1.3,320,12.5,10.3,992.8,1008.2,1,,44.1
2016-06-17 13:00:00,26.488,39,20,0.005,0.500,0.062,0.011,30.1,,29,2.1,320,12.4,10.1,992.5,1007.9,1,,47.1
2016-06-17 14:00:00,28.3,49,29,0.006,0.400,0.074,0.010,30.3,,27,1.9,360,11.6,9.2,992,1007.3,1,,48.1
2016-06-17 15:00:00,27.74,56,23,0.010,0.500,0.074,0.014,30.5,,26,2.1,290,11.3,8.8,991.9,1007.2,1,,47.2
2016-06-17 16:00:00,25.08,57,30,0.015,0.700,0.074,0.018,29.7,,29,2,270,12,9.7,991.9,1007.3,1,,43
2016-06-17 17:00:00,20.248,56,34,0.012,0.400,0.082,0.017,30.7,,30,2.3,290,13.2,11.1,992,1007.3,.9,,40.4
2016-06-17 18:00:00,12.488,55,25,0.007,0.400,0.060,0.014,30.1,,32,1.9,320,13.6,11.5,992.5,1007.9,1,,36.1
2016-06-17 19:00:00,5.404,51,27,0.008,0.500,0.051,0.016,26.5,,52,2.3,90,17.9,15.8,992.9,1008.4,1,,31.3
2016-06-17 20:00:00,0.672,45,31,0.010,0.500,0.049,0.016,24.5,,60,2.3,50,18.4,16.2,993.8,1009.4,0,,27.6
2016-06-17 21:00:00,0,41,35,0.008,0.300,0.045,0.015,23.2,,65,1.9,50,18.4,16.2,994.5,1010.2,,,25.4
2016-06-17 22:00:00,0,39,31,0.009,0.400,0.041,0.015,21.9,,73,.4,0,19.1,16.8,995.3,1011.1,,,23.8
2016-06-17 23:00:00,0,38,30,0.007,0.400,0.035,0.018,20.8,,79,.3,0,19.4,17,995.8,1011.7,,,22.6
2016-06-18 00:00:00,0,38,31,0.005,0.400,0.026,0.015,20,,83,.1,0,19.4,17,996,1012,,,21.7
2016-06-18 01:00:00,0,44,31,0.004,0.400,0.020,0.014,19.4,,87,.3,0,19.5,17.1,995.7,1011.6,,,20.7
2016-06-18 02:00:00,0,43,35,0.003,0.500,0.016,0.012,18.7,,89,.2,0,19.1,16.8,995.5,1011.5,,,19.9
2016-06-18 03:00:00,0,42,36,0.002,0.400,0.013,0.012,18.3,,91,.1,0,19,16.7,995.9,1011.9,,,19.1
2016-06-18 04:00:00,0,41,,0.002,0.500,0.010,0.011,17.8,,92,.6,340,18.6,16.4,996.4,1012.5,,,18.5
2016-06-18 05:00:00,0,45,42,0.002,0.400,0.009,0.010,17.2,,92,.4,0,17.9,15.8,996.6,1012.7,,,17.8
2016-06-18 06:00:00,0,41,40,0.002,0.400,0.008,0.009,17.3,,93,.5,290,18.3,16.1,997.1,1013.2,0,,18.3
2016-06-18 07:00:00,1.584,45,40,0.002,0.400,0.010,0.009,17.8,,92,.4,0,18.6,16.4,997.4,1013.5,0,,20.8
2016-06-18 08:00:00,4.096,54,44,0.003,0.400,0.015,0.010,20.5,,79,.7,320,19,16.7,997.4,1013.4,.7,,25.6
2016-06-18 09:00:00,7.324,63,46,0.008,0.400,0.025,0.014,22.7,,73,1,230,20.1,17.6,997.3,1013.1,1,,32.2
2016-06-18 10:00:00,14.624,68,44,0.023,0.700,0.044,0.025,23.9,,70,3.7,70,20.6,18,996.9,1012.6,1,,36.6
2016-06-18 11:00:00,21.424,97,47,0.022,0.900,0.066,0.023,26,,59,3.3,70,19.7,17.3,996.5,1012.1,1,,41.6
2016-06-18 12:00:00,25.624,76,55,0.033,1.600,0.068,0.030,27.8,,37,3.8,90,13.7,11.7,996.1,1011.6,1,,45.2
2016-06-18 13:00:00,28.592,94,57,0.026,1.000,0.062,0.027,28.5,,34,3.1,90,13.2,11.1,995.5,1010.9,1,,47.3
2016-06-18 14:00:00,29.752,76,45,0.015,0.700,0.090,0.017,28.9,,29,3.9,70,11.5,9,994.9,1010.3,1,,46.6
2016-06-18 15:00:00,27.112,72,51,0.021,1.200,0.075,0.020,28.7,,37,3.9,70,14.5,12.5,994.8,1010.2,1,,44.5
2016-06-18 16:00:00,23.928,72,44,0.019,1.000,0.062,0.021,28,,39,2.8,70,14.7,12.7,994.6,1010.1,1,,40.4
2016-06-18 17:00:00,13.344,69,36,0.017,0.900,0.057,0.020,26.7,,45,3.8,70,15.7,13.7,994.5,1010,1,,36.6
2016-06-18 18:00:00,5.168,70,45,0.023,1.100,0.047,0.026,24.7,,58,4,50,17.9,15.8,994.9,1010.6,.2,,32
2016-06-18 19:00:00,1.456,82,53,0.020,0.900,0.040,0.026,23.8,,63,3.8,50,18.5,16.3,995,1010.6,0,,28.8
2016-06-18 20:00:00,0,69,48,0.011,0.500,0.044,0.016,23.4,,66,2.9,50,18.9,16.6,995.1,1010.8,0,,26.9
2016-06-18 21:00:00,0,54,42,0.010,0.500,0.044,0.012,22.8,0,72,2,20,19.9,17.4,995.1,1010.8,,,25.8
2016-06-18 22:00:00,0,62,48,0.003,0.400,0.047,0.006,22.6,,75,1.8,50,20.5,17.9,995.3,1011,,,25.1
2016-06-18 23:00:00,0,47,40,0.003,0.400,0.041,0.007,22,0,79,1.6,70,20.8,18.1,995.1,1010.9,,,24.5
2016-06-19 00:00:00,0,38,,0.004,0.400,0.037,0.007,21.2,.5,86,.8,160,21.6,18.7,994.7,1010.6,,,23.4
2016-06-19 01:00:00,0,39,31,0.004,0.500,0.034,0.007,20.6,5.5,93,.5,90,22.5,19.4,994.2,1010.1,,,22.7
2016-06-19 02:00:00,0,34,33,0.003,0.500,0.032,0.006,20.6,0,93,.6,340,22.5,19.4,993.9,1009.8,,,22.2
2016-06-19 03:00:00,0,35,34,0.003,0.500,0.028,0.006,20.5,,93,.7,340,22.4,19.3,993.5,1009.4,,,21.9
2016-06-19 04:00:00,0,39,,0.002,0.500,0.027,0.005,20.4,,93,.9,340,22.2,19.2,993.4,1009.3,,,21.7
2016-06-19 05:00:00,0,41,36,0.002,0.500,0.025,0.005,20.1,,93,.4,0,21.8,18.9,993,1008.9,,,21.2
2016-06-19 06:00:00,0,68,36,0.002,0.500,0.021,0.005,20,,93,1.2,340,21.7,18.8,993.5,1009.5,0,,21.4
2016-06-19 07:00:00,0.64,43,34,0.002,0.500,0.023,0.005,20.8,,90,.5,110,22,19,993.4,1009.3,0,,23.5
2016-06-19 08:00:00,3.624,41,36,0.002,0.500,0.021,0.006,21.9,,85,.9,290,22.2,19.2,993.3,1009.1,0,,25.7
2016-06-19 09:00:00,6.664,45,32,0.002,0.500,0.023,0.008,22.9,,80,.9,20,22.2,19.2,993.1,1008.8,.1,,28.9
2016-06-19 10:00:00,13.388,51,33,0.002,0.400,0.027,0.009,24.4,,72,1.1,360,22,19,993,1008.5,.8,,33.7
2016-06-19 11:00:00,17.544,39,25,0.002,0.300,0.043,0.005,25.6,,61,1.5,70,20,17.5,992.4,1008,1,,36.1
2016-06-19 12:00:00,21.08,37,21,0.001,0.300,0.050,0.005,28.5,,49,1.5,20,19,16.7,992,1007.4,1,,38.1
2016-06-19 13:00:00,24.016,35,22,0.001,0.300,0.056,0.004,29.7,,31,5,290,12.9,10.7,991.7,1007.1,1,,41.1
2016-06-19 14:00:00,18.14,41,19,0.001,0.300,0.060,0.005,30.2,,31,4.3,290,13.2,11.1,991.2,1006.5,1,,42.6
2016-06-19 15:00:00,14.036,39,24,0.001,0.300,0.063,0.006,30.9,,30,3.7,270,13.4,11.3,990.7,1006,1,,43.3
2016-06-19 16:00:00,16.916,50,28,0.001,0.300,0.066,0.005,30.7,,29,4.1,270,12.8,10.6,990.2,1005.5,1,,41.1
2016-06-19 17:00:00,11.996,49,31,0.004,0.400,0.059,0.009,30,,33,3.3,250,13.9,11.9,990.2,1005.5,1,,38.4
2016-06-19 18:00:00,6.768,47,25,0.013,0.600,0.043,0.017,29.6,,37,1.9,270,15.3,13.3,990.1,1005.4,1,,34.2
2016-06-19 19:00:00,2.932,52,25,0.010,0.400,0.036,0.016,27.9,,45,2.2,270,16.8,14.8,990.7,1006.1,.5,,30.2
2016-06-19 20:00:00,0.2,40,23,0.010,0.400,0.032,0.016,25.2,,57,.6,290,18.2,16,991.4,1007,0,,26.9
2016-06-19 21:00:00,0,38,25,0.010,0.400,0.027,0.019,24,,63,.6,50,18.8,16.5,992.1,1007.7,,,24.9
2016-06-19 22:00:00,0,31,,0.005,0.300,0.025,0.013,22.4,,73,.3,0,19.7,17.3,992.4,1008.1,,,23.2
2016-06-19 23:00:00,0,38,23,0.003,0.300,0.021,0.010,21.6,,76,.9,270,19.5,17.1,992.7,1008.5,,,21.8
2016-06-20 00:00:00,0,41,37,0.002,0.300,0.017,0.010,20.7,,80,.6,90,19.5,17.1,993,1008.9,,,20.7
2016-06-20 01:00:00,0,38,36,0.002,0.300,0.026,0.006,19.9,,85,.7,230,19.6,17.2,992.9,1008.9,,,19.7
2016-06-20 02:00:00,0,37,30,0.001,0.300,0.027,0.006,18.8,,87,.1,0,18.8,16.5,992.9,1008.8,,,18.7
2016-06-20 03:00:00,0,38,31,0.001,0.300,0.029,0.005,18.2,,90,.2,0,18.8,16.5,992.6,1008.6,,,18
2016-06-20 04:00:00,0,46,33,0.001,0.300,0.028,0.005,17.6,,90,.3,0,18.1,15.9,992.3,1008.3,,,17.4
2016-06-20 05:00:00,0,37,33,0.001,0.300,0.028,0.005,16.8,,91,.9,230,17.4,15.3,992.2,1008.3,,,16.7
2016-06-20 06:00:00,0.012,38,32,0.002,0.300,0.032,0.005,16.8,,94,.7,250,17.9,15.8,992.3,1008.4,0,,18.3
2016-06-20 07:00:00,1.216,39,33,0.002,0.300,0.031,0.006,18.9,,87,.6,20,18.9,16.6,992.8,1008.7,.5,,20.7
2016-06-20 08:00:00,3.336,44,36,0.002,0.300,0.034,0.006,20.8,,67,.7,340,16.4,14.4,993.1,1009,1,,25.5
2016-06-20 09:00:00,7.636,41,34,0.001,0.300,0.037,0.008,23.6,,55,.7,180,16,14,992.7,1008.3,1,,31.7
2016-06-20 10:00:00,13.172,49,34,0.001,0.300,0.039,0.006,25.8,,50,.9,70,16.5,14.5,992.5,1008.1,1,,36
2016-06-20 11:00:00,4.388,42,33,0.002,0.300,0.041,0.010,26.1,,52,1,90,17.5,15.4,992.8,1008.4,.2,,33.6
2016-06-20 12:00:00,0.608,55,36,0.001,0.300,0.043,0.011,24.9,,60,1.1,160,18.8,16.5,992.6,1008.2,0,,29.2
2016-06-20 13:00:00,5.652,51,37,0.001,0.300,0.041,0.009,24.7,,68,1.6,70,21,18.3,991.9,1007.6,0,,30.1
2016-06-20 14:00:00,8.292,47,36,0.001,0.300,0.045,0.007,24.9,0,75,1.1,140,23.5,20.1,991.3,1006.9,0,,29.9
2016-06-20 15:00:00,8.964,44,38,0.001,0.300,0.051,0.006,23.6,.4,81,1.9,160,23.5,20.1,990.3,1005.9,0,,28.1
2016-06-20 16:00:00,10.792,43,36,0.001,0.300,0.051,0.006,22.7,.6,88,1.5,160,24.3,20.6,989.6,1005.2,0,,27.1
2016-06-20 17:00:00,1.672,43,35,0.002,0.300,0.048,0.008,23.2,0,86,.6,160,24.4,20.7,988.9,1004.5,0,,26.7
2016-06-20 18:00:00,0.924,48,31,0.002,0.400,0.054,0.010,22.9,,87,1,110,24.3,20.6,988.5,1004.1,0,,25.4
2016-06-20 19:00:00,0.148,48,37,0.003,0.300,0.048,0.013,22.3,0,88,1.6,160,23.7,20.2,988.6,1004.3,0,,24.3
2016-06-20 20:00:00,0,36,34,0.003,0.300,0.043,0.013,21.7,,89,1.5,110,23.1,19.8,988.6,1004.3,0,,23.3
2016-06-20 21:00:00,0,33,,0.002,0.300,0.036,0.013,21.4,,90,1.7,140,22.8,19.6,988.9,1004.7,,,22.8
2016-06-20 22:00:00,0,36,31,0.002,0.300,0.030,0.010,21.3,.5,92,.2,0,23.2,19.9,989.6,1005.4,,,22.7
2016-06-20 23:00:00,0,44,32,0.002,0.300,0.030,0.009,21.2,0,94,.2,0,23.5,20.1,989.5,1005.3,,,22.6
2016-06-21 00:00:00,0,46,39,0.002,0.300,0.026,0.006,21.3,0,94,.5,340,23.7,20.2,989.9,1005.7,,,22.4
2016-06-21 01:00:00,0,46,26,0.001,0.200,0.021,0.005,21.3,,93,.4,0,23.5,20.1,989.7,1005.5,,,22.3
2016-06-21 02:00:00,0,29,10,0.001,0.200,0.020,0.004,21.3,,93,.3,0,23.5,20.1,989.4,1005.2,,,22.3
2016-06-21 03:00:00,0,29,20,0.001,0.200,0.019,0.005,21.3,,93,.7,340,23.5,20.1,989.6,1005.4,,,22.1
2016-06-21 04:00:00,0,30,16,0.001,0.200,0.016,0.005,21.1,.1,93,.5,180,23.2,19.9,989.9,1005.7,,,22.1
2016-06-21 05:00:00,0,33,14,0.002,0.200,0.013,0.005,21.2,,94,.6,320,23.5,20.1,990.3,1006.1,,,22
2016-06-21 06:00:00,0,33,23,0.002,0.200,0.012,0.005,21.2,,94,.5,200,23.5,20.1,990.6,1006.4,0,,22.1
2016-06-21 07:00:00,0.532,32,21,0.001,0.200,0.011,0.005,21.5,,93,1.5,270,23.8,20.3,991.2,1007,0,,22.9
2016-06-21 08:00:00,0.636,37,19,0.001,0.200,0.011,0.007,21.5,.4,91,.8,340,23.2,19.9,991.7,1007.5,0,,23.2
2016-06-21 09:00:00,4.44,40,18,0.001,0.200,0.012,0.007,21.5,0,91,1,320,23.2,19.9,991.8,1007.6,0,,23.7
2016-06-21 10:00:00,5.508,32,25,0.001,0.200,0.017,0.007,22.1,,89,1,270,23.5,20.1,992.2,1007.9,0,,24.7
2016-06-21 11:00:00,5.884,28,15,0.001,0.200,0.021,0.006,23,0,87,.8,290,24.4,20.7,992.7,1008.4,0,,26.3
2016-06-21 12:00:00,7.108,22,15,0.001,0.200,0.024,0.005,22.9,0,85,1.7,50,23.7,20.2,992.8,1008.5,0,,26.3
2016-06-21 13:00:00,7.036,26,23,0.003,0.300,0.029,0.008,23.7,0,81,.7,70,23.7,20.2,992.7,1008.3,0,,26.7
2016-06-21 14:00:00,11.904,39,33,0.005,0.200,0.027,0.011,24.3,,78,1.9,70,23.7,20.2,992.7,1008.3,0,,29.8
2016-06-21 15:00:00,9.968,27,17,0.006,0.200,0.036,0.012,25.1,,75,2.4,50,23.8,20.3,992.2,1007.8,.5,,31.3
2016-06-21 16:00:00,8.728,32,20,0.006,0.200,0.041,0.011,24.2,,77,2.8,50,23.2,19.9,992.3,1007.9,.2,,29.9
2016-06-21 17:00:00,4.78,26,24,0.006,0.200,0.041,0.013,24.1,,78,2.9,70,23.4,20,992.1,1007.7,.3,,30
2016-06-21 18:00:00,2.664,30,27,0.007,0.300,0.048,0.014,23.6,,80,3,70,23.2,19.9,991.7,1007.3,.3,,26.9
2016-06-21 19:00:00,0.352,37,35,0.004,0.300,0.054,0.011,23.4,,82,2,70,23.5,20.1,991.9,1007.5,0,,25
2016-06-21 20:00:00,0,42,30,0.004,0.300,0.053,0.012,23.1,,84,2.2,50,23.7,20.2,992.1,1007.7,0,,23.5
2016-06-21 21:00:00,0,45,38,0.004,0.300,0.050,0.011,22.9,,84,2.9,70,23.4,20,992.6,1008.3,,,23
2016-06-21 22:00:00,0,47,39,0.004,0.300,0.046,0.010,22.6,,84,2.4,50,22.9,19.7,992.6,1008.3,,,22.4
2016-06-21 23:00:00,0,52,40,0.004,0.300,0.042,0.010,22.3,,86,2.8,70,23.1,19.8,993,1008.7,,,22
2016-06-22 00:00:00,0,55,47,0.004,0.300,0.040,0.008,22.3,,84,1.5,50,22.5,19.4,992.8,1008.5,,,21.7
2016-06-22 01:00:00,0,58,50,0.004,0.300,0.037,0.007,22,,85,1.9,50,22.4,19.3,992.6,1008.4,,,21.6
2016-06-22 02:00:00,0,57,46,0.005,0.300,0.032,0.008,21.8,0,85,1.7,70,22.1,19.1,991.9,1007.7,,,21.6
2016-06-22 03:00:00,0,52,44,0.003,0.300,0.031,0.006,21.7,,86,1,110,22.2,19.2,991.9,1007.7,,,21.7
2016-06-22 04:00:00,0,57,46,0.002,0.300,0.029,0.005,21.5,,87,1.3,140,22.2,19.2,991.8,1007.6,,,21.6
2016-06-22 05:00:00,0,49,38,0.002,0.200,0.026,0.005,21.5,,87,.5,320,22.2,19.2,991.6,1007.4,,,21.5
2016-06-22 06:00:00,0,48,38,0.003,0.300,0.028,0.006,21.2,0,89,.8,70,22.4,19.3,991.4,1007.2,0,,21.6
2016-06-22 07:00:00,0.028,68,52,0.002,0.300,0.033,0.005,21.7,,87,.5,20,22.5,19.4,991,1006.8,0,,22.7
2016-06-22 08:00:00,1.032,64,51,0.002,0.200,0.032,0.005,22.1,,83,2,50,22,19,991.4,1007.1,0,,23
2016-06-22 09:00:00,3.176,51,39,0.002,0.200,0.032,0.005,21.9,,83,2.6,70,21.7,18.8,991.4,1007.1,0,,23
2016-06-22 10:00:00,1.68,42,31,0.002,0.200,0.028,0.006,22.6,0,79,2,20,21.6,18.7,991.6,1007.3,0,,24.2
2016-06-22 11:00:00,6.796,38,28,0.001,0.200,0.028,0.005,21.8,0,85,3.3,50,22.1,19.1,991.1,1006.8,0,,24.5
2016-06-22 12:00:00,3.852,,,,,,,22.2,.1,87,3.6,70,23.2,19.9,990.5,1006.2,0,,26.3
2016-06-22 13:00:00,4.608,,,,,,,21.7,.4,90,1.8,50,23.2,19.9,990,1005.7,0,,24
2016-06-22 14:00:00,2.9,,,0.001,0.200,0.033,0.006,22.1,2,90,1.8,50,23.8,20.3,989.2,1004.9,0,,27.2
2016-06-22 15:00:00,2.24,24,16,0.001,0.200,0.035,0.007,21.9,.5,89,1.2,360,23.2,19.9,988.9,1004.6,0,,26.1
2016-06-22 16:00:00,2.32,20,10,0.001,0.200,0.033,0.006,21.4,1.5,91,1.3,70,23.1,19.8,988.9,1004.7,0,,25.2
2016-06-22 17:00:00,1.78,20,7,0.002,0.200,0.033,0.006,21.5,1.5,90,.5,250,22.9,19.7,988.5,1004.2,0,,25.8
2016-06-22 18:00:00,3.092,13,5,0.002,0.200,0.034,0.006,21.8,0,91,.6,270,23.7,20.2,988.2,1003.9,0,,25.7
2016-06-22 19:00:00,1.268,12,4,0.001,0.200,0.032,0.007,21.5,,91,.5,290,23.2,19.9,988.5,1004.2,0,,23.9
2016-06-22 20:00:00,0.136,12,4,0.001,0.200,0.031,0.006,21.2,,93,.8,110,23.4,20,988.4,1004.2,0,,23
2016-06-22 21:00:00,0,13,4,0.001,0.200,0.035,0.004,21.3,,93,.3,0,23.5,20.1,988.7,1004.5,,,22.7
2016-06-22 22:00:00,0,14,4,0.001,0.200,0.026,0.008,21.3,,93,.6,290,23.5,20.1,989,1004.8,,,22.4
2016-06-22 23:00:00,0,14,4,0.002,0.200,0.020,0.010,21.2,,93,.5,50,23.4,20,989.2,1005,,,22.1
2016-06-23 00:00:00,0,17,5,0.001,0.200,0.021,0.005,21.2,,93,.7,200,23.4,20,989.6,1005.4,,,21.9
2016-06-23 01:00:00,0,16,6,0.001,0.200,0.020,0.003,21.2,,93,.2,0,23.4,20,989.7,1005.5,,,21.9
2016-06-23 02:00:00,0,21,5,0.001,0.200,0.016,0.002,21.1,,94,.6,340,23.4,20,989.9,1005.7,,,21.8
2016-06-23 03:00:00,0,25,4,0.001,0.200,0.016,0.002,20.9,,94,.5,180,23.1,19.8,989.8,1005.6,,,21.7
2016-06-23 04:00:00,0,23,4,0.001,0.200,0.013,0.002,20.9,,94,.7,360,23.1,19.8,990.5,1006.3,,,21.6
2016-06-23 05:00:00,0,27,6,0.001,0.200,0.012,0.003,20.7,,93,.4,0,22.7,19.5,990.7,1006.5,,,21.2
2016-06-23 06:00:00,0,30,4,0.001,0.200,0.010,0.003,20.6,,93,.9,340,22.5,19.4,991.8,1007.7,0,,21.6
2016-06-23 07:00:00,1.54,26,4,0.001,0.200,0.010,0.003,22.3,,84,.4,0,22.5,19.4,992.4,1008.1,.4,,23.9
2016-06-23 08:00:00,4.476,27,4,0.001,0.200,0.014,0.004,22.8,,80,1.3,50,22.1,19.1,991.9,1007.6,1,,27.8
2016-06-23 09:00:00,7.272,33,9,0.001,0.200,0.026,0.003,25,,67,.9,90,21.2,18.4,991.7,1007.3,1,,32.1
2016-06-23 10:00:00,13.952,28,12,0.001,0.200,0.033,0.002,26.1,,59,1.3,230,19.9,17.4,991.7,1007.2,1,,35.2
2016-06-23 11:00:00,12.688,22,10,0.001,0.200,0.036,0.002,26.9,,53,2.5,50,18.8,16.5,991,1006.5,1,,37.3
2016-06-23 12:00:00,17.164,28,8,0.002,0.200,0.038,0.004,27,,60,1.5,110,21.3,18.5,990.9,1006.4,.4,,33.3
2016-06-23 13:00:00,28.788,35,6,0.004,0.200,0.042,0.006,28.1,,53,2.3,50,20.1,17.6,990.4,1005.8,.9,,40.7
2016-06-23 14:00:00,30.848,33,6,0.019,0.700,0.034,0.021,28.8,,51,1.7,50,20.1,17.6,990.5,1005.8,1,,43
2016-06-23 15:00:00,29.148,45,22,0.024,0.900,0.041,0.024,29.3,,50,2.5,90,20.2,17.7,989.5,1004.8,1,,42.7
2016-06-23 16:00:00,25.344,59,27,0.016,0.600,0.047,0.018,29.3,,52,2.4,50,21.2,18.4,989.2,1004.5,1,,40.5
2016-06-23 17:00:00,19.352,57,26,0.012,0.500,0.057,0.011,28.7,,55,2.7,50,21.6,18.7,988.9,1004.2,1,,37.4
2016-06-23 18:00:00,8.924,56,29,0.017,0.800,0.040,0.020,26.8,,64,3,50,22.5,19.4,989.2,1004.7,1,,32.6
2016-06-23 19:00:00,1.496,62,29,0.008,0.400,0.035,0.012,25.3,,69,2.9,70,22.1,19.1,989.5,1005.1,0,,28.7
2016-06-23 20:00:00,0,42,25,0.008,0.300,0.032,0.010,23.6,,71,2.7,50,20.6,18,989.2,1004.8,0,,25.9
2016-06-23 21:00:00,0,33,26,0.008,0.300,0.026,0.014,22.8,,73,3,50,20.1,17.6,990.1,1005.7,,,24.2
2016-06-23 22:00:00,0,39,24,0.006,0.200,0.026,0.011,22.2,,74,1.9,20,19.7,17.3,990.3,1006,,,23.5
2016-06-23 23:00:00,0,38,24,0.004,0.300,0.020,0.009,21.9,,74,1.5,50,19.4,17,990.2,1005.9,,,22.7
2016-06-24 00:00:00,0,33,25,0.004,0.300,0.019,0.009,21.8,,75,1.4,320,19.5,17.1,990.1,1005.8,,,22.3
2016-06-24 01:00:00,0,43,28,0.005,0.300,0.016,0.009,21.3,,78,1.3,20,19.7,17.3,988.9,1004.7,,,21.7
2016-06-24 02:00:00,0,42,21,0.003,0.400,0.012,0.008,20.9,0,82,1.5,50,20.2,17.7,988.6,1004.4,,,21.4
2016-06-24 03:00:00,0,48,28,0.004,0.300,0.015,0.008,20.8,,84,2.2,50,20.5,17.9,988.2,1004,,,21
2016-06-24 04:00:00,0,47,25,0.004,0.500,0.010,0.009,20.5,.1,87,2.1,20,20.9,18.2,986.5,1002.3,,,20.9
2016-06-24 05:00:00,0,48,26,0.003,0.600,0.009,0.010,20.3,2.9,88,2.9,200,20.9,18.2,986.9,1002.7,,,20.6
2016-06-24 06:00:00,0,50,26,0.003,0.500,0.011,0.010,19.9,8,93,1.3,110,21.6,18.7,986.2,1002,0,,20.8
2016-06-24 07:00:00,0,51,25,0.002,0.500,0.013,0.010,20,1.5,93,1.8,230,21.7,18.8,985.4,1001.2,0,,21.1
2016-06-24 08:00:00,0,31,20,0.002,0.500,0.013,0.011,20,9,94,2.5,270,21.8,18.9,985.3,1001.1,0,,21
2016-06-24 09:00:00,0.616,27,17,0.002,0.600,0.013,0.011,20.2,5,93,1.3,250,22,19,984.3,1000.1,0,,21.3
2016-06-24 10:00:00,2.276,24,9,0.002,0.500,0.016,0.010,20.6,3.5,93,.9,360,22.5,19.4,982.8,998.5,0,,22.2
2016-06-24 11:00:00,1.608,17,3,0.003,0.500,0.014,0.012,20.9,0,90,3.4,90,22.1,19.1,981.3,997,0,,22.9
2016-06-24 12:00:00,0.768,16,3,0.005,0.500,0.011,0.016,21.7,.5,91,.8,90,23.5,20.1,980.8,996.4,0,,23.8
2016-06-24 13:00:00,2.712,11,3,0.004,0.500,0.014,0.011,22.1,0,91,.6,230,24.1,20.5,979.9,995.4,0,,25.2
2016-06-24 14:00:00,4.432,11,4,0.003,0.400,0.018,0.010,22.1,.5,91,1.7,290,24.1,20.5,979.7,995.2,0,,25
2016-06-24 15:00:00,4.46,15,6,0.002,0.200,0.024,0.005,23.6,0,90,.5,270,26.1,21.8,979.8,995.2,0,,27.6
2016-06-24 16:00:00,1.084,13,7,0.002,0.200,0.025,0.006,25.7,,70,3.1,290,23.1,19.8,980.7,996.1,.1,,28.9
2016-06-24 17:00:00,7.856,13,9,0.001,0.200,0.038,0.003,25.3,,69,3.3,290,22.1,19.1,981.7,997.1,.5,,27.4
2016-06-24 18:00:00,8.26,13,5,0.001,0.200,0.041,0.005,24.9,,65,4.3,270,20.4,17.8,982,997.5,.4,,25.6
2016-06-24 19:00:00,1.272,14,4,0.001,0.200,0.047,0.004,24.8,,61,4.5,290,19,16.7,983.1,998.6,0,,23.4
2016-06-24 20:00:00,0.076,15,4,0.001,0.200,0.052,0.003,23.6,,63,3.1,290,18.3,16.1,984.4,999.9,0,,22.2
2016-06-24 21:00:00,0,16,6,0.001,0.200,0.056,0.002,22.9,,59,4.9,270,16.4,14.4,985,1000.6,,,20.8
2016-06-24 22:00:00,0,16,5,0.001,0.200,0.056,0.002,22.6,,57,4.6,290,15.6,13.6,986.2,1001.8,,,19.8
2016-06-24 23:00:00,0,14,8,0.001,0.200,0.052,0.002,21.8,,60,3.6,320,15.6,13.6,986.1,1001.8,,,19.1
2016-06-25 00:00:00,0,19,8,0.001,0.200,0.045,0.002,21.2,,62,2,360,15.6,13.6,986.3,1002,,,19
2016-06-25 01:00:00,0,23,5,0.001,0.200,0.041,0.002,21.8,,57,3.5,270,14.8,12.8,986.9,1002.6,,,18.7
2016-06-25 02:00:00,0,23,4,0.001,0.200,0.044,0.002,21.6,,58,.7,360,14.9,12.9,986.5,1002.2,,,19
2016-06-25 03:00:00,0,18,6,0.001,0.200,0.041,0.001,21.2,,61,1.5,270,15.3,13.3,986.5,1002.2,,,18.8
2016-06-25 04:00:00,0,19,10,0.001,0.200,0.042,0.001,21,,63,1.2,70,15.6,13.6,987.2,1003,,,18.6
2016-06-25 05:00:00,0,28,11,0.001,0.200,0.040,0.001,20.3,,66,.8,320,15.7,13.7,987.7,1003.5,,,18.4
2016-06-25 06:00:00,0,22,9,0.001,0.200,0.038,0.001,21.1,,58,1.8,290,14.5,12.5,987.9,1003.7,0,,18.3
2016-06-25 07:00:00,1.08,20,9,0.001,0.200,0.033,0.002,21.7,,58,2.3,270,15,13,988.4,1004.1,0,,19.7
2016-06-25 08:00:00,4.024,23,7,0.001,0.200,0.035,0.002,22.3,,52,3.3,270,13.9,11.9,988.8,1004.5,0,,22.3
2016-06-25 09:00:00,7.308,29,10,0.001,0.200,0.044,0.003,23.7,,47,3.2,290,13.7,11.7,988.5,1004,.8,,27
2016-06-25 10:00:00,12.96,30,16,0.002,0.200,0.049,0.002,24,,43,3.9,270,12.8,10.6,988.4,1003.9,.7,,27.1
2016-06-25 11:00:00,14.228,35,14,0.002,0.200,0.046,0.002,24.5,,43,4,270,13.1,11,988.5,1004,.6,,28.3
2016-06-25 12:00:00,17.152,43,13,0.001,0.200,0.048,0.003,25.9,,38,4.9,270,12.6,10.4,988.4,1003.9,.9,,32.6
2016-06-25 13:00:00,23.776,43,15,0.002,0.200,0.052,0.002,25.7,,41,3.7,290,13.5,11.4,988.1,1003.6,.9,,30.3
2016-06-25 14:00:00,20.812,44,13,0.002,0.200,0.055,0.002,26.1,,38,5.6,270,12.8,10.6,987.8,1003.3,.9,,31.2
2016-06-25 15:00:00,25.392,40,11,0.003,0.200,0.056,0.002,26.6,,38,4.4,270,13.2,11.1,987.6,1003,1,,31.7
2016-06-25 16:00:00,26.072,32,9,0.004,0.200,0.058,0.002,27.1,,33,5.7,270,11.8,9.4,987.6,1003,.9,,30
2016-06-25 17:00:00,23.864,35,9,0.003,0.200,0.058,0.003,27,,33,4.4,270,11.7,9.3,987.5,1002.9,1,,27.8
2016-06-25 18:00:00,16.536,29,12,0.004,0.200,0.063,0.003,26.6,,36,4.2,270,12.4,10.2,988,1003.5,.8,,24.6
2016-06-25 19:00:00,5.248,36,16,0.004,0.200,0.065,0.003,25.2,,41,3.1,290,13.1,11,988.8,1004.4,.8,,22.1
2016-06-25 20:00:00,0.54,40,14,0.003,0.200,0.059,0.005,24.2,,42,2.9,290,12.6,10.4,989.5,1005,.1,,20.1
2016-06-25 21:00:00,0,36,13,0.003,0.200,0.056,0.004,22.5,,52,1.5,270,14.1,12.1,990.1,1005.8,,,19.3
2016-06-25 22:00:00,0,39,19,0.002,0.200,0.055,0.004,21.2,,61,1.4,340,15.3,13.3,990.8,1006.6,,,18.8
2016-06-25 23:00:00,0,38,17,0.003,0.200,0.055,0.004,20.7,,64,1.1,320,15.6,13.6,991.1,1006.9,,,18.4
2016-06-26 00:00:00,0,40,16,0.003,0.200,0.062,0.002,20.5,,68,.9,50,16.3,14.3,991.4,1007.3,,,18.7
2016-06-26 01:00:00,0,43,23,0.003,0.200,0.059,0.002,21.4,,58,2.1,290,14.7,12.7,991.5,1007.3,,,18.2
2016-06-26 02:00:00,0,45,19,0.002,0.200,0.054,0.002,21.4,,56,3.2,290,14.2,12.2,991.6,1007.4,,,17.6
2016-06-26 03:00:00,0,47,31,0.002,0.200,0.052,0.002,20.9,,59,2.8,270,14.5,12.5,991.8,1007.6,,,17.2
2016-06-26 04:00:00,0,47,20,0.002,0.200,0.043,0.002,20.1,,63,1.9,320,14.8,12.8,992.4,1008.3,,,16.8
2016-06-26 05:00:00,0,42,24,0.001,0.200,0.038,0.002,18.9,,71,2,20,15.5,13.5,992.8,1008.7,,,16.6
2016-06-26 06:00:00,0,44,28,0.001,0.300,0.036,0.003,18.7,,74,1.8,360,15.9,13.9,993.1,1009,.1,,16.8
2016-06-26 07:00:00,0.908,43,23,0.001,0.300,0.032,0.003,20.9,,65,2.1,340,16,14,993.6,1009.5,1,,19.7
2016-06-26 08:00:00,1.968,43,28,0.002,0.300,0.044,0.003,22.5,,61,2.7,360,16.5,14.5,993.8,1009.5,1,,24.6
2016-06-26 09:00:00,6.384,50,24,0.002,0.300,0.055,0.002,23.7,,53,3.1,340,15.5,13.5,993.5,1009.1,1,,28.5
2016-06-26 10:00:00,14.104,50,24,0.002,0.200,0.055,0.001,24.8,,50,3.4,340,15.6,13.6,993.4,1009.1,1,,31.8
2016-06-26 11:00:00,21.164,39,24,0.002,0.200,0.052,0.002,26.2,,47,3,340,15.9,13.9,993.4,1009,1,,34.3
2016-06-26 12:00:00,26.692,39,18,0.001,0.200,0.052,0.002,26.3,,43,3.2,290,14.7,12.7,993.2,1008.8,.9,,34.3
2016-06-26 13:00:00,29.232,37,16,0.001,0.200,0.052,0.002,27.3,,41,4.3,270,14.8,12.8,993,1008.5,1,,35.6
2016-06-26 14:00:00,28.744,34,13,0.001,0.200,0.052,0.002,28,,37,3.3,320,13.9,11.9,992.8,1008.2,1,,36.5
2016-06-26 15:00:00,26.464,36,13,0.001,0.200,0.053,0.002,27.9,,38,4.2,270,14.2,12.2,992.4,1007.8,1,,35.8
2016-06-26 16:00:00,26.872,38,14,0.001,0.200,0.053,0.002,28.5,,37,3.1,270,14.3,12.3,992.4,1007.8,1,,35.3
2016-06-26 17:00:00,23.748,31,13,0.001,0.200,0.054,0.002,28.3,,35,2.2,320,13.4,11.3,992.8,1008.2,.9,,31.8
2016-06-26 18:00:00,16.084,30,10,0.001,0.200,0.055,0.002,28.7,,37,1.8,290,14.5,12.5,992.9,1008.3,.9,,29
2016-06-26 19:00:00,6.812,30,13,0.001,0.200,0.052,0.003,26.5,,47,2.5,270,16.2,14.2,993.3,1008.8,1,,25.6
2016-06-26 20:00:00,0.436,24,12,0.001,0.200,0.040,0.005,24.3,,54,.6,50,16.3,14.3,993.8,1009.4,.1,,23.2
2016-06-26 21:00:00,0,34,18,0.001,0.200,0.034,0.007,22.1,,68,.1,0,18.1,15.9,994.9,1010.7,,,21.9
2016-06-26 22:00:00,0,37,18,0.001,0.200,0.031,0.006,21.2,,68,.1,0,17,15,995.5,1011.4,,,20.8
2016-06-26 23:00:00,0,42,29,0.001,0.200,0.034,0.004,20.1,,77,.4,0,18.1,15.9,995.7,1011.7,,,19.9
2016-06-27 00:00:00,0,26,12,0.001,0.200,0.037,0.002,19.2,,82,.4,0,18.2,16,995.8,1011.7,,,19.2
2016-06-27 01:00:00,0,20,13,0.001,0.200,0.035,0.002,18.4,,85,.4,0,17.9,15.8,995.7,1011.7,,,18.6
2016-06-27 02:00:00,0,24,16,0.001,0.200,0.033,0.002,17.9,,89,.7,340,18.2,16,995.4,1011.4,,,18
2016-06-27 03:00:00,0,25,16,0.001,0.200,0.030,0.002,17.1,,92,.9,250,17.8,15.7,995.5,1011.6,,,17.7
2016-06-27 04:00:00,0,27,17,0.001,0.200,0.028,0.002,17,,91,1,360,17.6,15.5,995.5,1011.6,,,17.2
2016-06-27 05:00:00,0,25,15,0.001,0.200,0.026,0.002,16.2,,92,.3,0,16.8,14.8,995.8,1012,,,16.6
2016-06-27 06:00:00,0.04,27,10,0.002,0.200,0.025,0.003,16.4,,93,.6,270,17.3,15.2,995.9,1012.1,0,,16.9
2016-06-27 07:00:00,1.924,24,8,0.001,0.200,0.024,0.003,18.1,,85,1,290,17.6,15.5,996,1012,.7,,20.5
2016-06-27 08:00:00,4.756,30,11,0.001,0.200,0.028,0.004,20,,75,.9,270,17.5,15.4,995.8,1011.8,1,,24.8
2016-06-27 09:00:00,6.024,29,14,0.001,0.200,0.029,0.006,22.3,,64,1.2,320,17.2,15.1,995,1010.8,1,,29.2
2016-06-27 10:00:00,10.512,28,14,0.001,0.200,0.034,0.005,23.4,,59,.6,230,16.9,14.9,994.9,1010.6,.3,,28.3
2016-06-27 11:00:00,10.504,30,19,0.001,0.200,0.039,0.005,24.1,,58,.5,320,17.4,15.3,994.8,1010.4,0,,27.6
2016-06-27 12:00:00,6.888,35,16,0.002,0.200,0.039,0.007,24.7,,64,.6,140,19.9,17.4,994.1,1009.8,0,,27.4
2016-06-27 13:00:00,5.08,40,15,0.007,0.300,0.036,0.015,24.4,,62,2,50,18.9,16.6,993.6,1009.2,0,,26.6
2016-06-27 14:00:00,6.476,64,40,0.006,0.300,0.042,0.012,24.8,,62,1.3,50,19.4,17,993.6,1009.3,0,,27.2
2016-06-27 15:00:00,4.78,63,40,0.005,0.400,0.053,0.007,24.5,,66,2.5,90,20.2,17.7,993.5,1009,0,,26.9
2016-06-27 16:00:00,2.52,62,38,0.007,0.500,0.051,0.012,22.9,,74,3,70,20.6,18,993.2,1008.9,0,,25.2
2016-06-27 17:00:00,5.316,68,42,0.002,0.300,0.053,0.007,22.3,0,75,3.6,50,20.1,17.6,992.9,1008.6,0,,24.2
2016-06-27 18:00:00,2.832,73,49,0.002,0.300,0.053,0.006,21.9,,77,2.3,70,20.1,17.6,993,1008.8,0,,23.2
2016-06-27 19:00:00,1.396,58,40,0.002,0.300,0.050,0.006,21.6,0,80,2,70,20.5,17.9,993.2,1009,0,,22.4
2016-06-27 20:00:00,0.044,56,37,0.002,0.300,0.043,0.008,21.1,,83,1.1,70,20.6,18,993.7,1009.6,0,,21.4
2016-06-27 21:00:00,0,38,35,0.002,0.300,0.038,0.006,20.7,,84,1.5,140,20.4,17.8,993.9,1009.8,,,21.1
2016-06-27 22:00:00,0,46,28,0.002,0.300,0.031,0.005,20.2,,85,1,140,20,17.5,994.4,1010.3,,,20.6
2016-06-27 23:00:00,0,46,33,0.002,0.300,0.026,0.006,19.9,,84,1,110,19.5,17.1,994.2,1010.2,,,20.3
2016-06-28 00:00:00,0,46,31,0.001,0.300,0.022,0.006,19.6,,85,1,110,19.4,17,994.3,1010.2,,,19.9
2016-06-28 01:00:00,0,46,30,0.001,0.300,0.020,0.005,18.9,,89,.9,110,19.4,17,994.4,1010.3,,,19
2016-06-28 02:00:00,0,44,32,0.001,0.300,0.017,0.004,18.7,,90,.2,0,19.4,17,994.4,1010.3,,,19.1
2016-06-28 03:00:00,0,45,32,0.001,0.300,0.014,0.003,18.5,,91,.4,0,19.2,16.9,994.2,1010.2,,,19
2016-06-28 04:00:00,0,40,20,0.001,0.300,0.014,0.003,18.6,,91,.3,0,19.4,17,994.5,1010.4,,,19.1
2016-06-28 05:00:00,0,45,36,0.001,0.300,0.011,0.003,18.4,,92,.3,0,19.4,17,994.6,1010.6,,,18.6
2016-06-28 06:00:00,0.032,49,,0.001,0.300,0.011,0.003,18.3,,93,.7,360,19.5,17.1,994.8,1010.8,0,,18.8
2016-06-28 07:00:00,1.664,49,34,0.001,0.300,0.012,0.003,18.9,,92,1,290,20,17.5,995,1010.9,0,,20.7
2016-06-28 08:00:00,3.62,46,32,0.001,0.300,0.021,0.003,20,,88,.8,320,20.5,17.9,995.1,1011.1,0,,23.5
2016-06-28 09:00:00,8.5,47,36,0.002,0.300,0.028,0.003,22.8,,73,1.5,90,20.1,17.6,995.3,1011,1,,28.7
2016-06-28 10:00:00,12.872,54,41,0.002,0.300,0.038,0.002,24.7,,59,1.8,90,18.3,16.1,995.4,1011.1,1,,30.7
2016-06-28 11:00:00,13.576,58,32,0.004,0.400,0.050,0.004,24.8,,54,2.3,90,16.8,14.8,995.9,1011.6,.7,,31
2016-06-28 12:00:00,17.972,46,28,0.004,0.300,0.055,0.005,24.8,,55,2,70,17.2,15.1,995.4,1011.1,.9,,33
2016-06-28 13:00:00,18.096,51,37,0.004,0.300,0.058,0.005,25.8,,51,1.1,290,16.8,14.8,995.1,1010.7,.6,,33.4
2016-06-28 14:00:00,12.456,43,33,0.004,0.300,0.057,0.007,25.2,,51,1,340,16.3,14.3,995.2,1010.9,0,,31
2016-06-28 15:00:00,7.152,53,27,0.010,0.300,0.047,0.015,24.5,,55,1.4,50,16.8,14.8,994.9,1010.5,0,,28.4
2016-06-28 16:00:00,3.388,56,28,0.008,0.200,0.052,0.012,23.4,,65,2.8,50,18.6,16.4,995,1010.7,0,,26.5
2016-06-28 17:00:00,4.628,42,24,0.005,0.200,0.057,0.007,23.3,,60,2.9,70,17,15,995.3,1011,0,,26.6
2016-06-28 18:00:00,1.88,36,18,0.003,0.200,0.053,0.006,22.8,,61,3.2,50,16.8,14.8,995.4,1011.1,0,,24.4
2016-06-28 19:00:00,2.668,28,20,0.003,0.200,0.048,0.006,22.3,,64,2.9,50,17.2,15.1,995.8,1011.6,0,,22.6
2016-06-28 20:00:00,0.056,30,15,0.002,0.200,0.042,0.005,21.4,,68,1.3,50,17.3,15.2,995.9,1011.8,0,,21.4
2016-06-28 21:00:00,0,31,20,0.002,0.200,0.034,0.006,20.8,,72,.7,230,17.6,15.5,996.5,1012.4,,,20.5
2016-06-28 22:00:00,0,34,21,0.002,0.200,0.030,0.006,20.6,,71,1.5,70,17.2,15.1,996.8,1012.7,,,20
2016-06-28 23:00:00,0,34,20,0.001,0.200,0.027,0.005,20.5,,72,1.4,50,17.3,15.2,996.8,1012.8,,,19.9
2016-06-29 00:00:00,0,34,17,0.001,0.200,0.025,0.004,20.4,,73,.6,250,17.4,15.3,997.3,1013.3,,,19.8
2016-06-29 01:00:00,0,30,21,0.001,0.200,0.023,0.003,19.7,.1,79,1.2,20,18.1,15.9,996.6,1012.6,,,19.7
2016-06-29 02:00:00,0,28,14,0.001,0.200,0.025,0.003,18.8,.4,89,1.2,90,19.2,16.9,996.6,1012.6,,,19.7
2016-06-29 03:00:00,0,33,19,0.001,0.200,0.024,0.002,18.6,0,90,.5,340,19.2,16.9,996.2,1012.2,,,19.6
2016-06-29 04:00:00,0,29,17,0.001,0.200,0.026,0.002,18.4,0,91,.9,250,19.1,16.8,995.6,1011.6,,,19.5
2016-06-29 05:00:00,0,26,15,0.001,0.200,0.024,0.002,18.7,0,90,.7,340,19.4,17,996,1012,,,19.4
2016-06-29 06:00:00,0,28,20,0.001,0.200,0.021,0.002,18.6,,92,.7,270,19.6,17.2,996.1,1012.1,0,,19.5
2016-06-29 07:00:00,1.164,29,25,0.001,0.200,0.023,0.003,19.3,,88,.4,0,19.6,17.2,996,1011.9,0,,20.8
2016-06-29 08:00:00,4.604,31,18,0.002,0.200,0.026,0.003,20.5,,82,.5,320,19.7,17.3,996.1,1012,0,,23.4
2016-06-29 09:00:00,5.936,33,15,0.001,0.200,0.031,0.003,22.4,,73,.3,0,19.7,17.3,996.2,1012,.1,,26.5
2016-06-29 10:00:00,12.524,30,18,0.002,0.200,0.040,0.002,23.1,,65,1.2,90,18.3,16.1,995.7,1011.4,.4,,29.4
2016-06-29 11:00:00,15.664,27,17,0.002,0.200,0.045,0.001,24,,63,.9,110,18.8,16.5,995.3,1010.9,.1,,30.8
2016-06-29 12:00:00,15.36,27,15,0.002,0.200,0.045,0.001,25.1,,62,1.4,340,19.6,17.2,995.3,1011,.2,,33.2
2016-06-29 13:00:00,14.924,34,15,0.001,0.200,0.045,0.002,24.4,,64,1.8,90,19.5,17.1,995.2,1010.8,0,,32.2
2016-06-29 14:00:00,11.892,33,19,0.002,0.200,0.048,0.003,24.6,,66,2.1,70,20.4,17.8,994.8,1010.4,0,,32.1
2016-06-29 15:00:00,6.4,36,16,0.003,0.200,0.044,0.007,23.9,,68,2.6,70,20.1,17.6,994.7,1010.3,0,,28.6
2016-06-29 16:00:00,3.168,39,18,0.008,0.300,0.036,0.013,24.1,,69,2.3,70,20.6,18,994.9,1010.5,0,,29.3
2016-06-29 17:00:00,1.78,40,30,0.017,0.600,0.031,0.022,23.9,,72,1.5,70,21.3,18.5,995.1,1010.7,0,,27.1
2016-06-29 18:00:00,1.28,49,29,0.013,0.400,0.032,0.018,23.3,,75,2.3,70,21.4,18.6,995.1,1010.8,.3,,26.4
2016-06-29 19:00:00,0.24,60,30,0.005,0.200,0.041,0.008,22.9,,76,2.1,50,21.2,18.4,995.4,1011.1,0,,24.5
2016-06-29 20:00:00,0,38,25,0.009,0.300,0.032,0.015,22.2,,79,2.2,50,21,18.3,995.4,1011.2,0,,22.9
2016-06-29 21:00:00,0,48,21,0.010,0.400,0.026,0.016,21.7,,83,1.6,50,21.4,18.6,995.9,1011.7,,,22
2016-06-29 22:00:00,0,47,26,0.007,0.400,0.024,0.012,20.9,,86,1.2,70,21.2,18.4,996.3,1012.2,,,20.9
2016-06-29 23:00:00,0,36,27,0.004,0.300,0.020,0.010,20.2,,89,.5,180,21,18.3,996,1012,,,20.2
2016-06-30 00:00:00,0,39,23,0.004,0.300,0.017,0.009,19.7,,90,.3,0,20.6,18,996.3,1012.3,,,19.8
2016-06-30 01:00:00,0,32,20,0.003,0.300,0.014,0.006,19.2,,92,.2,0,20.4,17.8,996.2,1012.1,,,19.4
2016-06-30 02:00:00,0,29,22,0.003,0.300,0.015,0.006,19.3,,92,.2,0,20.5,17.9,995.9,1011.8,,,19.6
2016-06-30 03:00:00,0,35,21,0.002,0.300,0.012,0.005,19.5,,91,.3,0,20.5,17.9,996.1,1012,,,20
2016-06-30 04:00:00,0,37,28,0.002,0.300,0.011,0.005,19.7,,91,.1,0,20.8,18.1,996.2,1012.2,,,20.4
2016-06-30 05:00:00,0,38,28,0.002,0.300,0.010,0.004,19.9,,90,.8,180,20.9,18.2,996.3,1012.3,,,20.3
2016-06-30 06:00:00,0,34,31,0.002,0.300,0.007,0.004,20,,90,.7,110,21,18.3,996.6,1012.6,0,,20.7
2016-06-30 07:00:00,0.708,35,20,0.002,0.300,0.009,0.004,20.4,,88,.5,20,21,18.3,996.6,1012.6,0,,21.8
2016-06-30 08:00:00,3.36,40,20,0.002,0.300,0.013,0.004,22.5,,78,.5,50,21.2,18.4,996.5,1012.3,.3,,25.9
2016-06-30 09:00:00,7.712,45,31,0.002,0.300,0.020,0.003,24.4,,70,.8,50,21.3,18.5,996.4,1012,1,,30.6
2016-06-30 10:00:00,12.608,38,24,0.004,0.300,0.027,0.006,26.2,,68,1.2,270,23.1,19.8,996.1,1011.7,.8,,34.4
2016-06-30 11:00:00,12.316,31,18,0.011,0.400,0.034,0.012,27.3,,64,1.5,160,23.1,19.8,995.6,1011.1,.9,,37.6
2016-06-30 12:00:00,24.38,49,24,0.009,0.300,0.044,0.010,26.9,,68,1.9,70,24,20.4,995.2,1010.7,.6,,37.9
2016-06-30 13:00:00,22.6,45,22,0.002,0.200,0.044,0.002,27.8,,64,2.5,70,23.8,20.3,994.7,1010.2,.6,,39.7
2016-06-30 14:00:00,19.936,18,12,0.013,0.500,0.050,0.009,27.9,,63,2.7,70,23.5,20.1,994.3,1009.8,.4,,36.9
2016-06-30 15:00:00,25.668,48,19,0.020,0.800,0.043,0.014,28,,64,3.7,50,24.1,20.5,993.8,1009.2,.5,,37.7
2016-06-30 16:00:00,2.848,41,23,0.021,0.900,0.025,0.019,25.1,4,78,2.7,70,24.7,20.9,994.4,1010.1,.4,,29.2
2016-06-30 17:00:00,5.28,42,18,0.011,0.400,0.025,0.015,25.9,3,74,3.2,50,24.7,20.9,993.5,1009.1,.6,,31.2
2016-06-30 18:00:00,2.464,35,18,0.006,0.100,0.033,0.008,25.3,,75,2.5,70,24.1,20.5,994.1,1009.7,.8,,28.5
2016-06-30 19:00:00,0.984,42,22,0.006,0.200,0.027,0.009,24.2,,79,2.4,50,23.8,20.3,994.3,1009.9,1,,25.6
2016-06-30 20:00:00,0,31,15,0.006,0.200,0.026,0.010,23.4,,82,1.2,70,23.5,20.1,994.8,1010.5,0,,23.9
2016-06-30 21:00:00,0,29,16,0.004,0.200,0.020,0.009,22.6,,87,.6,70,23.8,20.3,994.9,1010.6,,,22.9
2016-06-30 22:00:00,0,26,14,0.004,0.200,0.019,0.008,22,,87,1.2,90,22.9,19.7,995,1010.8,,,22.3
2016-06-30 23:00:00,0,19,15,0.006,0.200,0.017,0.009,21.5,,91,.7,250,23.2,19.9,994.9,1010.7,,,22.3
2016-07-01 00:00:00,0,-1,-1,-1,-1,-1,-1,21.9,,89,1.3,50,23.2,19.9,995.2,1011,,,21.6
2016-07-01 01:00:00,0,37,18,0.003,0.100,0.030,0.003,22.3,,86,1.7,50,23.1,19.8,994.5,1010.3,,,21.7
2016-07-01 02:00:00,0,29,14,0.002,0.100,0.034,0.002,22.6,,85,.8,110,23.2,19.9,994.3,1010,,,21.6
2016-07-01 03:00:00,0,19,10,0.002,0.100,0.034,0.001,21.8,,88,.9,70,22.9,19.7,994.3,1010.1,,,20.9
2016-07-01 04:00:00,0,23,10,0.001,0.100,0.029,0.001,20.9,,92,.4,0,22.7,19.5,994.7,1010.6,,,20.8
2016-07-01 05:00:00,0,18,9,0.002,0.100,0.023,0.002,20.9,,92,0,0,22.7,19.5,994.3,1010.2,,,21
2016-07-01 06:00:00,0,21,8,0.002,0.100,0.019,0.002,21.4,,90,.6,320,22.8,19.6,994.4,1010.2,0,,21.7
2016-07-01 07:00:00,0,20,10,0.002,0.200,0.015,0.004,21.8,,89,1.3,230,23.1,19.8,994.6,1010.4,0,,22.4
2016-07-01 08:00:00,1.248,23,9,0.002,0.200,0.015,0.005,22.9,,85,1.8,50,23.7,20.2,994.6,1010.3,0,,24
2016-07-01 09:00:00,1.328,31,12,0.002,0.200,0.016,0.006,24,,81,2.9,110,24.1,20.5,994.4,1010,.5,,27.8
2016-07-01 10:00:00,3.208,37,14,0.003,0.200,0.017,0.006,23.5,.1,86,3.3,90,24.9,21,993.4,1009,0,,27.5
2016-07-01 11:00:00,3.392,34,14,0.003,0.200,0.017,0.005,23,.1,89,3.6,50,24.9,21,993,1008.7,.1,,26.6
2016-07-01 12:00:00,2.592,34,20,0.003,0.200,0.015,0.006,23.3,.3,90,3,50,25.6,21.5,991.9,1007.5,0,,26.4
2016-07-01 13:00:00,0.392,34,20,0.002,0.200,0.013,0.007,23.1,6,92,3,50,26,21.7,990.8,1006.4,0,,24.8
2016-07-01 14:00:00,0.488,31,16,0.002,0.100,0.015,0.003,24.1,19.5,90,1.9,270,26.9,22.3,990.7,1006.2,0,,24.1
2016-07-01 15:00:00,5.568,13,10,0.001,0.100,0.020,0.000,25.3,1,80,2.6,50,25.6,21.5,989.9,1005.5,0,,25.7
2016-07-01 16:00:00,2.96,12,4,0.002,0.100,0.021,0.001,24.8,1,78,3.1,50,24.3,20.6,989.6,1005.2,0,,25.1
2016-07-01 17:00:00,1.172,11,4,0.001,0.100,0.019,0.001,23.8,4,82,2.5,50,24.1,20.5,989.3,1004.8,0,,24.3
2016-07-01 18:00:00,0.316,11,4,0.002,0.100,0.015,0.004,23.6,.5,88,3.8,50,25.5,21.4,989.2,1004.8,0,,24
2016-07-01 19:00:00,0,11,4,0.005,0.200,0.011,0.007,23.7,8,87,2.9,20,25.5,21.4,989.1,1004.6,0,,23.6
2016-07-01 20:00:00,0,14,4,0.006,0.300,0.008,0.007,23.8,3.5,87,2.9,50,25.5,21.4,988.9,1004.4,0,,23.3
2016-07-01 21:00:00,0,23,5,0.003,0.100,0.008,0.003,24.8,7,83,3.2,340,26,21.7,988.8,1004.4,,,23.3
2016-07-01 22:00:00,0,28,5,0.003,0.100,0.010,0.000,24.6,.5,83,3.4,50,25.6,21.5,988.8,1004.3,,,23.3
2016-07-01 23:00:00,0,21,6,0.003,0.100,0.012,0.000,25.6,0,76,2.9,50,24.9,21,988.2,1003.7,,,23.3
2016-07-02 00:00:00,0,25,8,0.003,0.100,0.015,0.000,25.8,0,74,3,360,24.6,20.8,987,1002.5,,,23.3
2016-07-02 01:00:00,0,29,10,0.002,0.100,0.016,0.000,27.3,.5,64,3.6,70,23.1,19.8,986.5,1001.9,,,23.3
2016-07-02 02:00:00,0,28,6,0.002,0.100,0.017,0.000,27.1,0,65,3.2,70,23.2,19.9,985.5,1000.9,,,23.2
2016-07-02 03:00:00,0,24,5,0.003,0.100,0.015,0.000,24.4,1,83,5.1,50,25.3,21.3,984.8,1000.2,,,23.2
2016-07-02 04:00:00,0,23,4,0.002,0.100,0.017,0.000,23,28,93,2,360,26.1,21.8,986.5,1002.1,,,23.1
2016-07-02 05:00:00,0,16,4,0.002,0.100,0.020,0.000,23.1,13.5,94,.7,230,26.4,22,987.2,1002.8,,,23.1
2016-07-02 06:00:00,0,14,4,0.002,0.100,0.023,0.000,23,.5,94,1.2,250,26.3,21.9,988.1,1003.7,0,,23.2
2016-07-02 07:00:00,0.264,11,5,0.002,0.100,0.028,0.000,23.3,0,94,.8,90,26.8,22.2,989.2,1004.8,0,,23.7
2016-07-02 08:00:00,3.536,11,4,0.002,0.100,0.031,0.000,23.8,,88,1.3,50,25.8,21.6,989.9,1005.5,0,,24.9
2016-07-02 09:00:00,5.444,12,5,0.002,0.100,0.033,0.000,24.4,0,84,.6,140,25.6,21.5,990,1005.5,0,,26
2016-07-02 10:00:00,7.432,14,4,0.002,0.100,0.032,0.000,24.2,0,87,.9,90,26.1,21.8,991,1006.5,0,,25.9
2016-07-02 11:00:00,7.452,13,4,0.002,0.100,0.032,0.000,24.3,0,85,1.1,140,25.8,21.6,991.6,1007.1,0,,26.1
2016-07-02 12:00:00,6.268,15,4,0.002,0.200,0.029,0.000,24.5,,85,.9,200,26.1,21.8,991.1,1006.6,0,,26.6
2016-07-02 13:00:00,1.124,14,4,0.003,0.200,0.025,0.000,23.9,0,87,1,20,25.6,21.5,990.5,1006.1,0,,25.5
2016-07-02 14:00:00,0.856,23,4,0.007,0.300,0.021,0.000,23.4,2.5,90,2.4,70,25.8,21.6,990.3,1005.9,0,,25.7
2016-07-02 15:00:00,1.672,28,12,,,0.023,,23.2,1,90,2,50,25.5,21.4,990.2,1005.8,0,,25.7
2016-07-02 16:00:00,3.128,20,16,0.006,0.100,0.025,0.011,23,.5,90,2.2,230,25.2,21.2,989.7,1005.3,0,,25.6
2016-07-02 17:00:00,0.54,16,10,0.004,0.100,0.026,0.010,22.7,.5,91,2,70,25,21.1,989.4,1005,0,,24.8
2016-07-02 18:00:00,0.728,12,5,0.005,0.100,0.025,0.012,22.5,.5,88,1.7,50,24,20.4,989.3,1005,0,,24.2
2016-07-02 19:00:00,0,9,4,0.005,0.100,0.019,0.016,22.3,.5,93,.3,0,25,21.1,990,1005.7,0,,23.9
2016-07-02 20:00:00,0,12,4,0.003,0.100,0.023,0.013,22.1,0,93,.3,0,24.7,20.9,990.1,1005.8,0,,23.5
2016-07-02 21:00:00,0,15,4,0.004,0.100,0.020,0.014,22.1,,94,0,0,24.9,21,991,1006.7,,,23.3
2016-07-02 22:00:00,0,24,10,0.004,0.100,0.025,0.010,22,0,94,.2,0,24.7,20.9,991.3,1007,,,23.1
2016-07-02 23:00:00,0,33,13,0.005,0.100,0.021,0.011,22.1,,94,.5,160,24.9,21,991.6,1007.3,,,22.9
2016-07-03 00:00:00,0,36,14,0.004,0.100,0.020,0.010,22.1,,94,0,0,24.9,21,991.8,1007.5,,,22.9
2016-07-03 01:00:00,0,43,15,0.003,0.100,0.021,0.008,22.1,.5,94,.4,0,24.9,21,992.5,1008.2,,,22.8
2016-07-03 02:00:00,0,34,11,0.003,0.100,0.022,0.006,22,0,94,.4,0,24.7,20.9,992.5,1008.3,,,22.7
2016-07-03 03:00:00,0,26,8,0.002,0.100,0.020,0.005,21.9,,94,.1,0,24.6,20.8,992.8,1008.6,,,22.6
2016-07-03 04:00:00,0,27,11,0.002,0.100,0.016,0.005,21.8,0,94,.6,340,24.4,20.7,993.4,1009.2,,,22.5
2016-07-03 05:00:00,0,25,12,0.002,0.100,0.014,0.005,21.6,.5,94,.8,230,24.1,20.5,993.1,1008.9,,,22.3
2016-07-03 06:00:00,0,27,8,0.002,0.100,0.012,0.005,21.1,0,95,1,20,23.7,20.2,993.8,1009.7,0,,22
2016-07-03 07:00:00,1.064,24,7,0.002,0.100,0.014,0.004,21.7,0,92,1,180,23.8,20.3,993.6,1009.4,0,,23.1
2016-07-03 08:00:00,2.496,24,6,0.002,0.100,0.018,0.004,22.7,,88,.6,250,24.3,20.6,994,1009.7,0,,25.2
2016-07-03 09:00:00,3.288,28,11,0.002,0.100,0.021,0.003,23.7,,81,.8,230,23.7,20.2,994.7,1010.3,0,,26.8
2016-07-03 10:00:00,1.82,35,15,0.002,0.100,0.024,0.004,23.5,,81,1,200,23.4,20,995.4,1011.1,0,,26.7
2016-07-03 11:00:00,1.34,29,12,0.002,0.100,0.032,0.006,22.7,1.5,89,1.7,50,24.4,20.7,995.4,1011.1,0,,25.8
2016-07-03 12:00:00,2.392,21,8,0.002,0.100,0.036,0.004,22.4,3.5,91,1.4,110,24.6,20.8,995.6,1011.4,0,,25.6
2016-07-03 13:00:00,2.432,20,6,0.002,0.100,0.039,0.005,21.9,2,91,2.1,90,23.8,20.3,994.2,1010,0,,25.8
2016-07-03 14:00:00,2.24,18,8,0.002,0.100,0.041,0.003,21.2,4.5,92,1.8,90,23.1,19.8,994.4,1010.3,0,,24.5
2016-07-03 15:00:00,1.112,22,7,0.002,0.100,0.042,0.003,21,10.5,93,1.7,140,23.1,19.8,993.8,1009.7,0,,24
2016-07-03 16:00:00,0,14,7,0.002,0.100,0.040,0.004,20.5,9,93,1.7,90,22.4,19.3,994.1,1010,0,,22.7
2016-07-03 17:00:00,0,11,6,0.002,0.100,0.040,0.005,20.3,22.5,94,1.1,160,22.2,19.2,993.9,1009.8,0,,22.1
2016-07-03 18:00:00,0.076,12,4,0.002,0.100,0.039,0.005,20.4,3.5,94,1,360,22.4,19.3,992.8,1008.7,0,,22.3
2016-07-03 19:00:00,0.16,15,4,0.002,0.100,0.037,0.006,20.4,1,94,.6,50,22.4,19.3,993.4,1009.3,0,,22.2
2016-07-03 20:00:00,0,12,8,0.002,0.100,0.030,0.009,20.7,.5,89,3.5,70,21.7,18.8,993.6,1009.5,0,,21.5
2016-07-03 21:00:00,0,10,7,0.002,0.100,0.028,0.006,20.5,0,91,2.8,70,21.8,18.9,994.3,1010.2,,,21.3
2016-07-03 22:00:00,0,13,4,0.002,0.100,0.027,0.005,20.5,1,92,1.1,270,22.1,19.1,994.2,1010.1,,,21.3
2016-07-03 23:00:00,0,16,7,0.002,0.100,0.027,0.004,20.3,0,92,1.5,270,21.8,18.9,994.1,1010,,,21.2
2016-07-04 00:00:00,0,18,6,0.002,0.100,0.027,0.004,20.4,0,92,1.8,110,22,19,994.1,1010,,,21.1
2016-07-04 01:00:00,0,16,4,0.002,0.100,0.026,0.003,20.3,.1,93,.7,200,22.1,19.1,993.8,1009.7,,,21.2
2016-07-04 02:00:00,0,15,4,0.002,0.100,0.026,0.003,20.4,,94,.5,340,22.4,19.3,993.6,1009.5,,,21.3
2016-07-04 03:00:00,0,15,5,0.002,0.100,0.024,0.003,20.3,,94,.2,0,22.2,19.2,993.1,1009,,,21.3
2016-07-04 04:00:00,0,16,9,0.002,0.100,0.024,0.003,20.4,,94,.3,0,22.4,19.3,993.1,1009,,,21.4
2016-07-04 05:00:00,0,17,9,0.002,0.100,0.026,0.002,20.4,.1,94,.2,0,22.4,19.3,992.9,1008.8,,,21.4
2016-07-04 06:00:00,0,17,5,0.002,0.100,0.023,0.003,20.3,.1,95,.8,320,22.5,19.4,993,1008.9,0,,21.4
2016-07-04 07:00:00,0,23,8,0.002,0.100,0.021,0.004,20.7,.2,95,.4,0,23.1,19.8,993.4,1009.3,0,,21.9
2016-07-04 08:00:00,0.316,21,8,0.002,0.100,0.017,0.005,21,.5,94,.6,270,23.2,19.9,993.7,1009.6,0,,22.4
2016-07-04 09:00:00,1.24,17,5,0.002,0.100,0.013,0.008,21.9,0,93,1,290,24.4,20.7,994,1009.8,0,,23.6
2016-07-04 10:00:00,4.712,20,7,0.002,0.100,0.014,0.007,22.9,,90,1.2,270,25,21.1,994.6,1010.3,0,,25.4
2016-07-04 11:00:00,5.02,19,8,0.007,0.100,0.011,0.013,23.4,,87,.8,90,25,21.1,994.8,1010.5,0,,26.4
2016-07-04 12:00:00,5.82,35,18,0.011,0.100,0.008,0.018,24.8,,88,1.2,70,27.4,22.6,994.4,1010.1,0,,27.8
2016-07-04 13:00:00,4.764,40,21,0.008,0.100,0.009,0.017,24.5,,88,2.2,70,26.9,22.3,994.1,1009.7,0,,28.7
2016-07-04 14:00:00,7.78,55,25,0.007,0.100,0.012,0.013,24.7,.5,91,2.5,50,28.3,23.1,994.1,1009.8,0,,28.6
2016-07-04 15:00:00,10.748,42,19,0.009,0.100,0.015,0.014,26.6,,83,1.6,50,28.8,23.4,994.1,1009.6,0,,30.8
2016-07-04 16:00:00,7.648,36,18,0.011,0.100,0.014,0.016,26.8,0,80,2.3,50,28.1,23,993.7,1009.2,0,,30
2016-07-04 17:00:00,6.072,33,12,0.010,0.100,0.015,0.014,26.4,0,82,2.6,50,28.1,23,993.9,1009.5,0,,28.1
2016-07-04 18:00:00,4.828,29,12,0.008,0.100,0.014,0.013,26.1,,82,2.6,50,27.6,22.7,993.9,1009.5,0,,26.7
2016-07-04 19:00:00,0.824,27,13,0.005,0.100,0.016,0.011,25.8,,84,2.1,50,27.7,22.8,994.6,1010.2,0,,25.6
2016-07-04 20:00:00,0,22,11,0.005,0.100,0.016,0.009,25.3,,86,3.4,50,27.6,22.7,995.2,1010.9,0,,25
2016-07-04 21:00:00,0,23,11,0.003,0.100,0.017,0.005,25.2,,86,1.7,90,27.4,22.6,995.9,1011.6,,,24.6
2016-07-04 22:00:00,0,24,10,0.003,0.100,0.015,0.005,24.7,,90,3.4,50,27.9,22.9,996.3,1012,,,24.5
2016-07-04 23:00:00,0,23,10,0.003,0.100,0.012,0.007,24.4,,91,4.3,70,27.7,22.8,996.1,1011.7,,,24.3
2016-07-05 00:00:00,0,22,10,0.003,0.100,0.012,0.006,24.7,,90,2.1,70,27.9,22.9,996.2,1011.9,,,24.3
2016-07-05 01:00:00,0,23,7,0.004,0.100,0.011,0.007,25.3,0,86,1.7,50,27.6,22.7,996,1011.7,,,24.2
2016-07-05 02:00:00,0,19,6,0.007,0.100,0.006,0.012,25.6,0,82,2.6,70,26.8,22.2,996.2,1011.9,,,24
2016-07-05 03:00:00,0,29,7,0.007,0.100,0.005,0.013,25.3,,84,1.8,50,26.9,22.3,996.1,1011.8,,,23.9
2016-07-05 04:00:00,0,30,13,0.006,0.100,0.005,0.011,25,.1,86,1.8,110,27.1,22.4,996.2,1011.9,,,23.5
2016-07-05 05:00:00,0,21,15,0.006,0.100,0.005,0.011,24.9,,86,2.3,90,26.9,22.3,996,1011.7,,,23.4
2016-07-05 06:00:00,0,24,12,0.006,0.100,0.005,0.011,24.9,,86,1.4,270,26.9,22.3,995.9,1011.6,0,,23.5
2016-07-05 07:00:00,0.644,22,10,0.007,0.100,0.005,0.011,24.9,.4,88,1.9,110,27.6,22.7,996.1,1011.8,0,,24.5
2016-07-05 08:00:00,2.036,23,8,0.006,0.100,0.008,0.009,25.9,0,82,1.8,20,27.2,22.5,996.4,1012,.1,,26.4
2016-07-05 09:00:00,4.908,25,9,0.008,0.100,0.008,0.011,26.8,.5,77,3.4,50,27.1,22.4,996.8,1012.4,.4,,28.9
2016-07-05 10:00:00,5.656,26,9,0.007,0.100,0.011,0.009,27,0,75,2.4,50,26.6,22.1,997.3,1012.9,.5,,29.5
2016-07-05 11:00:00,13.752,34,7,0.007,0.100,0.012,0.009,28.9,0,68,3.3,50,26.9,22.3,997.2,1012.6,.9,,34.6
2016-07-05 12:00:00,18.94,44,7,0.006,0.100,0.016,0.006,29.5,,60,3.5,70,24.7,20.9,997.2,1012.6,.8,,34.4
2016-07-05 13:00:00,24.492,,,,,,,28.8,,64,3.3,50,25.3,21.3,996.6,1012,.6,,32.4
2016-07-05 14:00:00,20.432,,,,,,,29.5,,61,3.1,50,25,21.1,995.9,1011.3,.4,,33.1
2016-07-05 15:00:00,17.148,47,15,0.006,0.300,0.019,0.009,29.6,,60,3,70,24.9,21,995.5,1010.9,.1,,32.3
2016-07-05 16:00:00,11.82,44,19,0.008,0.300,0.016,0.010,29.4,,63,3.1,70,25.8,21.6,995.4,1010.8,.7,,32.7
2016-07-05 17:00:00,7.524,30,19,0.009,0.400,0.016,0.012,28.9,,67,3.4,50,26.6,22.1,995.4,1010.8,.6,,31.1
2016-07-05 18:00:00,5.14,36,16,0.006,0.200,0.015,0.010,28.5,,68,3.2,70,26.4,22,995.2,1010.6,.1,,29.4
2016-07-05 19:00:00,2.92,36,11,0.006,0.200,0.014,0.010,27.8,,71,2.9,70,26.4,22,995.2,1010.7,.1,,27.4
2016-07-05 20:00:00,0.196,26,8,0.009,0.200,0.010,0.015,26.9,,74,3,20,26.1,21.8,995.1,1010.6,0,,25.9
2016-07-05 21:00:00,0,22,14,0.007,0.200,0.008,0.014,27.2,,71,2.6,20,25.5,21.4,995.2,1010.7,,,25.4
2016-07-05 22:00:00,0,25,17,0.004,0.100,0.010,0.008,27.3,,71,3.5,50,25.6,21.5,996,1011.5,,,25.2
2016-07-05 23:00:00,0,15,11,0.003,0.100,0.010,0.006,26.9,,74,2,50,26.1,21.8,996.5,1012.1,,,25.1
2016-07-06 00:00:00,0,23,5,0.005,0.200,0.006,0.010,25.8,.5,78,1.4,110,25.8,21.6,997,1012.7,,,24.8
2016-07-06 01:00:00,0,23,5,0.006,0.200,0.006,0.010,24.2,.3,91,1.4,200,27.4,22.6,997.3,1012.9,,,24.7
2016-07-06 02:00:00,0,23,5,0.006,0.300,0.006,0.009,24,.2,92,.8,230,27.4,22.6,997.5,1013.2,,,24.5
2016-07-06 03:00:00,0,31,5,0.007,0.300,0.006,0.010,23.9,0,92,.4,0,27.2,22.5,997.3,1013,,,24.4
2016-07-06 04:00:00,0,21,6,0.007,0.300,0.006,0.010,23.7,0,93,.7,180,27.1,22.4,997.7,1013.4,,,24
2016-07-06 05:00:00,0,30,9,0.007,0.300,0.005,0.011,23.7,,94,.5,250,27.4,22.6,997.9,1013.6,,,24.1
2016-07-06 06:00:00,0,32,8,0.007,0.200,0.004,0.011,23.6,,94,.5,70,27.2,22.5,998.2,1013.9,.1,,24.1
2016-07-06 07:00:00,0.496,28,13,0.007,0.300,0.005,0.009,24.3,,93,.7,200,28.1,23,998.2,1013.8,0,,25.5
2016-07-06 08:00:00,2.772,32,15,0.006,0.200,0.007,0.009,26.2,,85,.9,360,28.8,23.4,998.1,1013.7,.2,,28.3
2016-07-06 09:00:00,5.636,29,12,0.007,0.200,0.006,0.012,28.1,,78,.6,290,29.5,23.8,998.4,1013.9,.4,,30.7
2016-07-06 10:00:00,7.404,32,22,0.004,0.200,0.007,0.010,28,,76,1.7,70,28.6,23.3,998.4,1013.9,.2,,30.6
2016-07-06 11:00:00,16.072,30,7,0.001,0.100,0.013,0.003,29.5,,68,2.3,50,27.9,22.9,998.3,1013.7,.3,,32.9
2016-07-06 12:00:00,11.104,20,6,0.002,0.100,0.014,0.004,29.4,,69,3.4,70,28.3,23.1,998.1,1013.5,.6,,34.5
2016-07-06 13:00:00,7.884,28,8,0.004,0.200,0.014,0.008,29.2,0,74,1.8,70,29.8,24,997.9,1013.3,.5,,35.7
2016-07-06 14:00:00,17.52,28,12,0.005,0.200,0.017,0.008,29.2,0,75,2.5,90,30.4,24.3,997.7,1013.1,.5,,36.3
2016-07-06 15:00:00,22.488,36,11,0.006,0.200,0.021,0.008,28.1,0,76,2.3,70,28.8,23.4,997.2,1012.7,.4,,32
2016-07-06 16:00:00,14.816,29,9,0.015,0.500,0.020,0.018,22.7,16,91,3.4,160,25,21.1,998.3,1014.1,0,,27
2016-07-06 17:00:00,1.752,35,9,0.002,0.100,0.027,0.006,25.6,.5,80,1.5,70,26.1,21.8,998.2,1013.9,.6,,32.6
2016-07-06 18:00:00,3.788,20,5,0.001,0.100,0.024,0.006,23.8,5.5,91,1,270,26.8,22.2,998.7,1014.4,0,,27
2016-07-06 19:00:00,0.792,16,5,0.001,0.200,0.019,0.010,23.9,17,93,1,110,27.4,22.6,998.4,1014.1,0,,26.1
2016-07-06 20:00:00,0,16,7,0.004,0.200,0.014,0.013,23.8,2.5,93,.7,70,27.2,22.5,999,1014.7,0,,25.9
2016-07-06 21:00:00,0,27,8,0.005,0.200,0.010,0.011,24,.5,94,.6,90,27.9,22.9,999,1014.7,,,25.5
2016-07-06 22:00:00,0,23,6,0.005,0.200,0.008,0.012,23.8,,94,.7,290,27.6,22.7,999.8,1015.5,,,25.1
2016-07-06 23:00:00,0,23,10,0.006,0.200,0.005,0.015,23.7,,94,.5,180,27.4,22.6,999.6,1015.3,,,24.9
2016-07-07 00:00:00,0,29,9,0.005,0.200,0.003,0.016,23.9,,94,.9,90,27.7,22.8,999.3,1015,,,24.8
2016-07-07 01:00:00,0,30,14,0.009,0.100,0.003,0.020,23.7,,94,.6,70,27.4,22.6,999.4,1015.1,,,24.7
2016-07-07 02:00:00,0,30,17,0.006,0.100,0.006,0.015,23.7,,93,.8,20,27.1,22.4,999.2,1014.9,,,24.5
2016-07-07 03:00:00,0,31,14,0.006,0.200,0.006,0.012,23.5,,93,.5,70,26.8,22.2,998.9,1014.6,,,24.2
2016-07-07 04:00:00,0,40,22,0.006,0.200,0.005,0.014,23.4,,94,.7,110,26.9,22.3,998.8,1014.5,,,24.3
2016-07-07 05:00:00,0,28,15,0.007,0.200,0.004,0.014,23.4,,94,.1,0,26.9,22.3,998.9,1014.6,,,24.4
2016-07-07 06:00:00,0,27,16,0.007,0.200,0.004,0.012,23.4,,94,.5,110,26.9,22.3,999.1,1014.8,0,,24.4
2016-07-07 07:00:00,1.3,32,11,0.006,0.100,0.005,0.011,23.8,,92,.8,270,27.1,22.4,999.2,1014.9,0,,25.5
2016-07-07 08:00:00,4.888,36,12,0.006,0.100,0.007,0.009,25.7,,85,.4,0,27.9,22.9,999.5,1015.2,.2,,27.8
2016-07-07 09:00:00,7.136,38,18,0.007,0.200,0.007,0.010,26.2,,82,1.4,90,27.7,22.8,999.3,1015,.7,,31.1
2016-07-07 10:00:00,14.904,35,16,0.006,0.100,0.011,0.008,27.5,,74,1.5,90,27.1,22.4,999.1,1014.7,1,,34.2
2016-07-07 11:00:00,19.72,35,16,0.007,0.200,0.014,0.010,29.4,,66,1.1,70,26.9,22.3,999,1014.4,.9,,37.3
2016-07-07 12:00:00,24.408,39,20,0.013,0.400,0.026,0.015,30.5,,60,1.4,50,26.1,21.8,998.6,1014,1,,40.3
2016-07-07 13:00:00,29.116,53,23,0.011,0.400,0.038,0.014,31.1,,54,1.4,70,24.3,20.6,998,1013.4,.9,,40.5
2016-07-07 14:00:00,30.472,44,25,0.011,0.300,0.038,0.014,31.7,,57,1.9,70,26.6,22.1,997.6,1013,1,,41.4
2016-07-07 15:00:00,30.396,40,12,0.007,0.200,0.036,0.009,29.8,,67,1.9,50,28.1,23,997.4,1012.9,.7,,36
2016-07-07 16:00:00,25.436,28,12,0.004,0.100,0.034,0.008,26.1,0,72,1.9,230,24.3,20.6,997.7,1013.3,0,,30.8
2016-07-07 17:00:00,18.58,34,12,0.005,0.100,0.035,0.008,26.7,.1,71,.8,270,24.7,20.9,997,1012.6,.4,,30.5
2016-07-07 18:00:00,15.432,31,14,0.007,0.200,0.024,0.010,26.1,,80,.6,20,26.9,22.3,996.9,1012.5,.1,,28.7
2016-07-07 19:00:00,5.624,26,14,0.006,0.200,0.022,0.013,25.3,,87,1.5,230,27.9,22.9,997.3,1013,0,,27.6
2016-07-07 20:00:00,0,34,20,0.005,0.200,0.020,0.013,24.6,,86,1.1,250,26.4,22,998.2,1013.8,0,,26.4
2016-07-07 21:00:00,0,29,14,0.004,0.200,0.013,0.014,24.5,,80,1.6,340,24.6,20.8,998.9,1014.5,,,25.7
2016-07-07 22:00:00,0,32,13,0.004,0.200,0.012,0.014,24.3,,78,.8,20,23.7,20.2,998.8,1014.4,,,25.4
2016-07-07 23:00:00,0,26,19,0.003,0.200,0.007,0.016,23.4,,84,.6,340,24.1,20.5,998.6,1014.3,,,24.7
2016-07-08 00:00:00,0,33,18,0.002,0.300,0.005,0.012,22.4,,87,1.3,340,23.5,20.1,997.8,1013.6,,,24
2016-07-08 01:00:00,0,36,16,0.002,0.300,0.004,0.011,22.1,,89,.8,250,23.5,20.1,997.2,1013,,,23.7
2016-07-08 02:00:00,0,34,17,0.002,0.300,0.003,0.012,22,,88,.8,270,23.2,19.9,996.9,1012.7,,,23.7
2016-07-08 03:00:00,0,31,15,0.002,0.300,0.003,0.011,21.7,,89,.9,290,23.1,19.8,996.7,1012.5,,,23.5
2016-07-08 04:00:00,0,40,19,0.002,0.300,0.003,0.010,21.1,,91,.8,270,22.7,19.5,996.6,1012.5,,,22.9
2016-07-08 05:00:00,0,36,17,0.002,0.300,0.004,0.009,21.1,,90,.8,320,22.4,19.3,996.5,1012.4,,,22.8
2016-07-08 06:00:00,0,26,13,0.002,0.300,0.004,0.008,21.4,,89,.6,290,22.7,19.5,996.7,1012.6,0,,23.1
2016-07-08 07:00:00,0.984,37,24,0.001,0.300,0.006,0.006,21.9,,89,.9,270,23.2,19.9,996.7,1012.5,0,,24.1
2016-07-08 08:00:00,3.016,36,14,0.002,0.300,0.010,0.006,23.1,,80,1.2,340,22.5,19.4,996.8,1012.5,.6,,26.3
2016-07-08 09:00:00,5.784,39,16,0.002,0.300,0.018,0.006,25.1,,72,1.4,320,22.8,19.6,996.4,1012.1,.9,,31.1
2016-07-08 10:00:00,13.196,48,23,0.003,0.200,0.028,0.005,26.8,,69,1,20,24.3,20.6,995.8,1011.4,1,,34.2
2016-07-08 11:00:00,13.004,39,17,0.002,0.200,0.032,0.006,29.4,,58,1.5,110,23.7,20.2,995,1010.4,1,,37.6
2016-07-08 12:00:00,6.82,37,16,0.002,0.200,0.033,0.007,27.3,,66,2.4,50,23.8,20.3,994.7,1010.2,.6,,34.2
2016-07-08 13:00:00,16.356,43,19,0.003,0.100,0.024,0.006,26.9,,69,3.8,70,24.4,20.7,994.2,1009.7,.5,,34.9
2016-07-08 14:00:00,8.38,30,5,0.004,0.100,0.024,0.010,28,,68,2.4,70,25.6,21.5,993.9,1009.3,.2,,34.9
2016-07-08 15:00:00,14.88,33,15,0.002,0.100,0.033,0.006,27.6,,66,2.6,90,24.3,20.6,993.2,1008.7,.9,,36.8
2016-07-08 16:00:00,23.004,31,13,0.001,0.100,0.036,0.004,29.7,,57,1.3,110,23.7,20.2,992.2,1007.6,1,,36.5
2016-07-08 17:00:00,17.216,28,11,0.001,0.100,0.036,0.003,30,,57,.9,140,24.1,20.5,991.8,1007.2,1,,35.3
2016-07-08 18:00:00,10.568,28,12,0.001,0.100,0.038,0.004,28.5,,62,1.5,110,24.1,20.5,991.6,1007,.9,,31.6
2016-07-08 19:00:00,5.712,28,13,0.001,0.100,0.040,0.004,27.2,,71,.9,90,25.5,21.4,991.5,1007,.7,,29
2016-07-08 20:00:00,0.54,29,15,0.001,0.100,0.032,0.006,25.8,,76,2.1,160,25.2,21.2,991.6,1007.2,.1,,27.2
2016-07-08 21:00:00,0,27,18,0.004,0.200,0.037,0.011,24.9,,82,1.1,20,25.8,21.6,992.1,1007.7,,,25.9
2016-07-08 22:00:00,0,42,24,0.003,0.200,0.036,0.010,24.4,,79,1,320,24.1,20.5,992.3,1007.8,,,24.9
2016-07-08 23:00:00,0,39,24,0.002,0.200,0.028,0.008,23.5,,82,.7,230,23.7,20.2,992.1,1007.7,,,24.3
2016-07-09 00:00:00,0,36,25,0.002,0.200,0.023,0.007,22.8,,86,.6,230,23.8,20.3,992,1007.7,,,23.7
2016-07-09 01:00:00,0,41,25,0.001,0.100,0.018,0.006,22.1,,90,.6,200,23.8,20.3,991.9,1007.6,,,23.2
2016-07-09 02:00:00,0,35,21,0.001,0.100,0.014,0.006,21.7,,92,.2,0,23.8,20.3,991.9,1007.7,,,22.8
2016-07-09 03:00:00,0,35,18,0.001,0.100,0.010,0.005,22,,92,0,0,24.3,20.6,991.7,1007.4,,,23
2016-07-09 04:00:00,0,35,25,0.001,0.100,0.008,0.005,21.6,,92,.3,0,23.7,20.2,991.7,1007.5,,,22.9
2016-07-09 05:00:00,0,38,17,0.001,0.100,0.006,0.005,21.7,,91,1.1,250,23.5,20.1,991.6,1007.4,,,23.1
2016-07-09 06:00:00,0,39,17,0.001,0.200,0.006,0.005,22.3,,89,.5,360,23.8,20.3,991.8,1007.5,0,,23.4
2016-07-09 07:00:00,0.932,40,24,0.001,0.200,0.006,0.004,22.4,,88,.8,250,23.8,20.3,991.8,1007.5,0,,24.4
2016-07-09 08:00:00,2.096,31,21,0.001,0.200,0.008,0.004,23.8,,84,.9,270,24.7,20.9,992,1007.6,.2,,25.9
2016-07-09 09:00:00,5.772,33,24,0.001,0.200,0.017,0.004,26.1,,74,1,340,24.9,21,991.6,1007.1,1,,31.7
2016-07-09 10:00:00,13.044,41,19,0.001,0.200,0.029,0.004,28.4,,62,1.2,50,24,20.4,991.2,1006.6,1,,35.8
2016-07-09 11:00:00,19.824,38,25,0.001,0.100,0.035,0.003,30.3,,54,1.1,270,23.2,19.9,990.7,1006,1,,39.1
2016-07-09 12:00:00,25.088,40,22,0.004,0.200,0.046,0.006,31,,53,1.5,230,23.7,20.2,990.3,1005.6,1,,40.9
2016-07-09 13:00:00,26.896,52,23,0.007,0.200,0.049,0.010,32,,51,1.7,230,24.1,20.5,989.7,1004.9,1,,41.5
2016-07-09 14:00:00,29.6,54,27,0.013,0.200,0.045,0.018,32.6,,48,1.8,110,23.5,20.1,989.2,1004.4,1,,41.5
2016-07-09 15:00:00,29.104,52,21,0.017,0.300,0.044,0.023,33.1,,46,1.9,50,23.2,19.9,988.8,1003.9,1,,40.4
2016-07-09 16:00:00,25.236,46,28,0.009,0.200,0.049,0.014,32.6,,46,1.9,50,22.5,19.4,988.4,1003.6,1,,38.3
2016-07-09 17:00:00,18.308,39,21,0.004,0.200,0.053,0.009,31.6,,54,2.5,90,25,21.1,988.4,1003.6,1,,35.8
2016-07-09 18:00:00,7.22,34,20,0.004,0.100,0.047,0.010,29.2,0,64,2.4,20,25.8,21.6,988.5,1003.8,.6,,31.4
2016-07-09 19:00:00,2.652,25,20,0.006,0.100,0.039,0.013,26.7,.5,82,2.4,230,28.6,23.3,989.1,1004.6,0,,29.3
2016-07-09 20:00:00,0.16,30,20,0.009,0.100,0.027,0.017,25.6,1.5,87,.9,250,28.4,23.2,989.4,1004.9,0,,28.1
2016-07-09 21:00:00,0,28,15,0.011,0.100,0.010,0.026,25.1,,83,1.3,20,26.4,22,989.8,1005.4,,,27
2016-07-09 22:00:00,0,29,11,0.014,0.300,0.011,0.024,24.6,,81,1.7,50,25,21.1,990.4,1005.9,,,26.1
2016-07-09 23:00:00,0,35,11,0.012,0.300,0.011,0.023,24.3,,83,1.3,90,25.2,21.2,990.5,1006,,,25.6
2016-07-10 00:00:00,0,28,15,0.008,0.300,0.010,0.019,23.7,,88,.6,160,25.6,21.5,990.3,1005.9,,,25.5
2016-07-10 01:00:00,0,37,19,0.005,0.300,0.007,0.016,23.6,,90,.7,70,26.1,21.8,989.7,1005.3,,,24.9
2016-07-10 02:00:00,0,36,21,0.004,0.200,0.008,0.014,23.4,,88,1.2,140,25.2,21.2,989.7,1005.3,,,24.3
2016-07-10 03:00:00,0,30,20,0.003,0.200,0.007,0.012,23,,91,.4,0,25.5,21.4,989.7,1005.3,,,24.1
2016-07-10 04:00:00,0,36,22,0.002,0.200,0.005,0.011,23.2,,91,.7,360,25.8,21.6,989.4,1005,,,24.5
2016-07-10 05:00:00,0,39,16,0.002,0.200,0.004,0.010,23.1,,92,.2,0,26,21.7,989.6,1005.2,,,24.1
2016-07-10 06:00:00,0,27,16,0.001,0.200,0.004,0.009,23.3,,93,.2,0,26.4,22,989.6,1005.2,0,,24.5
2016-07-10 07:00:00,0.824,36,19,0.002,0.300,0.005,0.007,24,,90,.6,250,26.8,22.2,989.7,1005.2,0,,25.7
2016-07-10 08:00:00,2.96,44,22,0.002,0.300,0.009,0.007,24.8,,84,.8,360,26.3,21.9,989.9,1005.5,0,,27.4
2016-07-10 09:00:00,7.24,50,30,0.002,0.300,0.019,0.006,26.1,,80,1.6,50,26.9,22.3,989.8,1005.3,.3,,29.9
2016-07-10 10:00:00,12.296,54,30,0.002,0.300,0.034,0.005,27.3,,75,1.2,320,27.1,22.4,989.5,1004.9,1,,33.3
2016-07-10 11:00:00,17.312,45,28,0.002,0.300,0.046,0.004,29.1,,64,1.2,360,25.6,21.5,989.2,1004.5,.9,,35.5
2016-07-10 12:00:00,18.608,55,29,0.003,0.300,0.051,0.006,30.4,,55,1.6,320,23.8,20.3,988.8,1004.1,1,,36.8
2016-07-10 13:00:00,18.672,55,30,0.019,1.100,0.061,0.017,31.2,,46,.7,360,20.8,18.1,988.1,1003.3,.6,,36.6
2016-07-10 14:00:00,13.124,81,52,0.038,1.900,0.081,0.027,31.8,,51,.9,110,24,20.4,987.4,1002.6,0,,36.3
2016-07-10 15:00:00,11.804,110,71,0.045,1.900,0.115,0.030,31.2,,51,1.2,180,23.1,19.8,987,1002.2,.2,,35.7
2016-07-10 16:00:00,12.34,140,91,0.035,1.200,0.159,0.028,30.6,,57,1.7,70,25,21.1,987.1,1002.3,.7,,34.7
2016-07-10 17:00:00,8.696,135,102,0.042,1.300,0.170,0.029,30,,65,2,50,27.4,22.6,987.6,1002.9,.2,,33.2
2016-07-10 18:00:00,4.652,141,100,0.019,0.800,0.104,0.019,29,,71,2.1,90,28.4,23.2,987.7,1003,0,,30.9
2016-07-10 19:00:00,1.424,93,66,0.014,0.800,0.073,0.015,28.3,,75,1.8,50,28.8,23.4,987.9,1003.2,0,,29.2
2016-07-10 20:00:00,0.096,84,63,0.011,0.600,0.062,0.016,27.2,,80,.8,20,28.8,23.4,988.4,1003.8,0,,27.9
2016-07-10 21:00:00,0,75,52,0.008,0.400,0.053,0.014,26.4,,83,.9,110,28.4,23.2,988.9,1004.4,,,27.2
2016-07-10 22:00:00,0,68,59,0.007,0.500,0.042,0.013,25.3,,87,1.3,110,27.9,22.9,989,1004.6,,,26.4
2016-07-10 23:00:00,0,67,58,0.005,0.600,0.031,0.011,24.9,,89,.9,110,27.9,22.9,989.4,1005,,,26
2016-07-11 00:00:00,0,88,56,0.004,0.600,0.027,0.010,24.5,,89,0,0,27.2,22.5,989.6,1005.1,,,25.6
2016-07-11 01:00:00,0,83,57,0.007,0.400,0.019,0.018,24.4,,89,.6,140,27.1,22.4,989.5,1005,,,25.4
2016-07-11 02:00:00,0,76,49,0.008,0.300,0.018,0.017,24.3,,90,.9,360,27.2,22.5,989.4,1004.9,,,25.3
2016-07-11 03:00:00,0,58,48,0.012,0.200,0.016,0.020,24.2,,91,0,0,27.4,22.6,989.5,1005,,,25.3
2016-07-11 04:00:00,0,59,33,0.010,0.300,0.015,0.017,24.3,0,90,.7,140,27.2,22.5,989.5,1005,,,25.4
2016-07-11 05:00:00,0,57,30,0.008,0.300,0.015,0.013,24.2,0,92,1,160,27.7,22.8,989.5,1005,,,25.3
2016-07-11 06:00:00,0,62,35,0.007,0.300,0.013,0.013,24.3,0,90,.8,320,27.2,22.5,989.3,1004.8,0,,25.3
2016-07-11 07:00:00,0.412,65,47,0.006,0.400,0.013,0.011,24.6,,89,.6,50,27.4,22.6,989.5,1005,0,,25.6
2016-07-11 08:00:00,2.584,76,46,0.005,0.400,0.015,0.010,25,,86,1.1,320,27.1,22.4,989.8,1005.4,0,,26.8
2016-07-11 09:00:00,1.96,76,55,0.006,0.400,0.016,0.013,26.3,,83,.1,0,28.3,23.1,989.9,1005.4,0,,28.1
2016-07-11 10:00:00,5.54,79,46,0.010,0.300,0.017,0.017,26.2,,82,1.8,70,27.7,22.8,989.6,1005.1,0,,28.8
2016-07-11 11:00:00,5.804,56,34,0.007,0.300,0.025,0.013,27,,74,2.4,50,26.3,21.9,989.3,1004.7,0,,30.2
2016-07-11 12:00:00,8.208,58,34,0.006,0.300,0.035,0.010,27.2,,70,1.6,70,25.2,21.2,989.1,1004.5,0,,30.4
2016-07-11 13:00:00,8.2,53,34,0.002,0.200,0.031,0.005,27.1,,63,2.2,90,22.5,19.4,989,1004.4,0,,30.4
2016-07-11 14:00:00,6.384,19,18,0.002,0.200,0.038,0.006,25.9,,70,1.9,180,23.4,20,988.9,1004.4,0,,29.1
2016-07-11 15:00:00,3.772,45,27,0.001,0.200,0.036,0.005,24.8,0,81,1,140,25.3,21.3,988.8,1004.4,0,,29.4
2016-07-11 16:00:00,3.184,37,19,0.001,0.200,0.032,0.005,24.7,0,78,.3,0,24.1,20.5,988.2,1003.8,0,,28.8
2016-07-11 17:00:00,3.032,34,21,0.001,0.200,0.032,0.005,23.7,.5,89,.8,290,26,21.7,988.3,1003.8,0,,28
2016-07-11 18:00:00,1.16,37,19,0.001,0.200,0.031,0.006,23.2,0,91,.5,110,25.8,21.6,988,1003.6,0,,27.3
2016-07-11 19:00:00,1.236,32,18,0.001,0.200,0.029,0.006,23.3,0,91,.5,200,26,21.7,988.3,1003.9,0,,26.5
2016-07-11 20:00:00,0.756,26,17,0.001,0.200,0.027,0.006,23.2,0,92,1.2,160,26.1,21.8,988.3,1003.9,0,,25.9
2016-07-11 21:00:00,0,40,22,0.001,0.200,0.024,0.008,22.9,,92,.4,0,25.6,21.5,988.2,1003.8,,,25.2
2016-07-11 22:00:00,0,44,19,0.002,0.200,0.020,0.008,23.3,,92,.5,290,26.3,21.9,988.6,1004.2,,,25.2
2016-07-11 23:00:00,0,36,31,0.002,0.200,0.021,0.008,23.1,,92,.7,160,26,21.7,988.4,1004,,,24.9
2016-07-12 00:00:00,0,32,22,0.001,0.200,0.017,0.008,23.1,,93,.1,0,26.1,21.8,988.3,1003.9,,,24.7
2016-07-12 01:00:00,0,32,21,0.001,0.200,0.015,0.007,23.1,,93,.4,0,26.1,21.8,988,1003.6,,,24.6
2016-07-12 02:00:00,0,36,26,0.001,0.200,0.012,0.006,23,,93,.3,0,26.1,21.8,987.4,1003,,,24.6
2016-07-12 03:00:00,0,35,26,0.004,0.200,0.008,0.010,22.7,,93,.3,0,25.6,21.5,987.4,1003,,,24.1
2016-07-12 04:00:00,0,38,23,0.005,0.200,0.008,0.012,22.8,,93,.2,0,25.8,21.6,987.2,1002.8,,,24.1
2016-07-12 05:00:00,0,35,21,0.001,0.200,0.007,0.006,22.7,,93,.5,180,25.6,21.5,987.6,1003.2,,,24.1
2016-07-12 06:00:00,0,38,26,0.001,0.200,0.007,0.005,22.6,.5,93,.5,230,25.5,21.4,988.2,1003.8,0,,24.1
2016-07-12 07:00:00,1.084,30,16,0.001,0.200,0.007,0.006,23.1,.5,93,.9,340,26.1,21.8,988.1,1003.7,0,,25.1
2016-07-12 08:00:00,1.112,39,19,0.001,0.200,0.008,0.006,23.3,.5,90,1.7,160,25.6,21.5,987.5,1003.1,0,,25.8
2016-07-12 09:00:00,5.312,37,22,0.002,0.200,0.013,0.008,24.2,0,87,2,230,26.1,21.8,986.8,1002.3,0,,27.5
2016-07-12 10:00:00,12.912,25,15,0.002,0.200,0.019,0.005,26.6,,74,2.7,70,25.6,21.5,987,1002.4,.8,,32.9
2016-07-12 11:00:00,6.42,35,11,0.002,0.200,0.020,0.008,25.7,0,79,1.4,90,26,21.7,987.2,1002.7,.1,,29.3
2016-07-12 12:00:00,2,28,13,0.004,0.200,0.015,0.013,25.5,0,78,1.3,340,25.3,21.3,987.3,1002.8,0,,28.2
2016-07-12 13:00:00,5.8,21,12,0.006,0.400,0.014,0.015,26.2,0,75,.9,200,25.5,21.4,986.8,1002.3,0,,30.4
2016-07-12 14:00:00,4.996,32,15,0.006,0.300,0.015,0.015,26.2,0,79,1.1,110,26.8,22.2,986.9,1002.4,0,,30.3
2016-07-12 15:00:00,5.54,32,11,0.007,0.300,0.015,0.016,25.7,0,85,1.7,70,27.9,22.9,986.3,1001.8,0,,29.6
2016-07-12 16:00:00,7.58,34,10,0.002,0.100,0.027,0.006,25.3,0,85,2.6,50,27.2,22.5,986,1001.5,0,,28.6
2016-07-12 17:00:00,3.944,18,6,0.001,0.100,0.030,0.010,25.2,.5,83,2.2,50,26.4,22,985.5,1001,0,,28.2
2016-07-12 18:00:00,2.62,17,4,0.004,0.200,0.019,0.016,25.1,,82,1.3,140,26.1,21.8,985.5,1001,0,,27.3
2016-07-12 19:00:00,5.788,23,5,0.005,0.200,0.021,0.015,25.6,,79,1.8,110,25.8,21.6,986,1001.5,.4,,27.6
2016-07-12 20:00:00,0.772,27,13,0.011,0.400,0.014,0.029,24.5,,83,1.2,70,25.5,21.4,986.4,1001.8,0,,26
2016-07-12 21:00:00,0,35,13,0.009,0.400,0.015,0.025,24.2,,85,.5,160,25.6,21.5,986.3,1001.8,,,25.4
2016-07-12 22:00:00,0,28,8,0.006,0.400,0.013,0.022,24,,87,.5,110,25.8,21.6,986.4,1001.9,,,25.1
2016-07-12 23:00:00,0,26,6,0.006,0.400,0.015,0.018,23.3,0,92,1,200,26.3,21.9,986,1001.5,,,24.9
2016-07-13 00:00:00,0,20,11,0.005,0.300,0.017,0.014,23.4,,91,1,110,26.1,21.8,986,1001.5,,,24.7
2016-07-13 01:00:00,0,22,13,0.004,0.300,0.015,0.012,23.2,,92,.4,0,26.1,21.8,985.5,1001,,,24.6
2016-07-13 02:00:00,0,21,10,0.003,0.400,0.013,0.012,23,.4,94,1.2,360,26.3,21.9,984.9,1000.4,,,24.5
2016-07-13 03:00:00,0,32,7,0.004,0.300,0.013,0.010,23.1,,94,.6,250,26.4,22,984.5,1000,,,24.4
2016-07-13 04:00:00,0,29,4,0.002,0.300,0.010,0.009,22.9,,94,1,290,26.1,21.8,984.3,999.8,,,24
2016-07-13 05:00:00,0,30,6,0.002,0.300,0.008,0.009,22.9,,93,1.2,360,26,21.7,984.8,1000.4,,,23.6
2016-07-13 06:00:00,0.02,38,10,0.002,0.300,0.008,0.008,22.7,,91,1.1,230,25,21.1,985.5,1001.1,0,,23.6
2016-07-13 07:00:00,1.636,37,12,0.001,0.300,0.009,0.007,23.7,,86,.7,250,25.2,21.2,985.5,1001,.8,,25.5
2016-07-13 08:00:00,2.456,32,12,0.001,0.200,0.013,0.006,24.9,,82,.5,290,25.8,21.6,985.5,1001,.7,,26.9
2016-07-13 09:00:00,7.532,29,9,0.001,0.200,0.020,0.005,26.2,,78,1.3,340,26.4,22,985.7,1001.1,.9,,30
2016-07-13 10:00:00,12.816,24,8,0.001,0.200,0.026,0.004,27.9,,69,.7,250,25.8,21.6,985.8,1001.1,.7,,32.4
2016-07-13 11:00:00,13.552,31,5,0.003,0.300,0.027,0.008,28.4,,70,1,200,26.9,22.3,986,1001.3,.5,,32.1
2016-07-13 12:00:00,23.548,38,10,0.036,1.800,0.028,0.032,29.2,,59,1.6,360,23.8,20.3,985.6,1000.8,.3,,34.8
2016-07-13 13:00:00,13.736,75,48,0.028,1.000,0.071,0.033,28.7,,64,1.5,180,25.2,21.2,984.1,999.3,0,,33.3
2016-07-13 14:00:00,14.744,76,44,0.020,0.800,0.089,0.025,30.7,,55,.9,290,24.3,20.6,984.4,999.6,.7,,37.1
2016-07-13 15:00:00,13.348,71,37,0.015,0.700,0.071,0.020,30.1,,63,1.1,110,26.8,22.2,983.8,999,.4,,35.7
2016-07-13 16:00:00,12.272,62,29,0.007,0.400,0.043,0.015,30,,63,1.2,70,26.6,22.1,983.8,999,.2,,34.3
2016-07-13 17:00:00,16.504,44,9,0.002,0.200,0.038,0.008,30.1,,54,1.8,360,22.9,19.7,983.6,998.8,.2,,33
2016-07-13 18:00:00,14.312,32,12,0.003,0.200,0.038,0.009,30.8,,51,2.1,290,22.5,19.4,984.1,999.3,1,,31.7
2016-07-13 19:00:00,5.432,29,12,0.004,0.300,0.030,0.014,29,,61,1.3,290,24.4,20.7,984.3,999.5,.8,,29.6
2016-07-13 20:00:00,0.46,26,13,0.005,0.300,0.025,0.016,27.3,,65,1.1,270,23.5,20.1,984.8,1000.2,0,,27.4
2016-07-13 21:00:00,0,37,14,0.005,0.300,0.020,0.016,26,,74,.5,70,24.7,20.9,985.7,1001.2,,,26.7
2016-07-13 22:00:00,0,28,13,0.002,0.300,0.013,0.014,24.8,,81,.6,360,25.3,21.3,986.2,1001.8,,,25.7
2016-07-13 23:00:00,0,38,11,0.002,0.300,0.017,0.012,24,,83,.5,200,24.7,20.9,986.1,1001.6,,,24.9
2016-07-14 00:00:00,0,38,17,0.001,0.300,0.028,0.007,23.4,,85,.3,0,24.4,20.7,985.9,1001.4,,,24.2
2016-07-14 01:00:00,0,58,38,0.002,0.300,0.036,0.005,22.6,,89,.7,230,24.3,20.6,985.9,1001.5,,,23.7
2016-07-14 02:00:00,0,61,41,0.001,0.300,0.035,0.005,22.1,,90,.7,250,23.8,20.3,985.6,1001.2,,,23.1
2016-07-14 03:00:00,0,58,40,0.001,0.200,0.036,0.004,22,,90,1.1,230,23.7,20.2,985.4,1001,,,22.7
2016-07-14 04:00:00,0,56,37,0.001,0.200,0.033,0.004,21.6,,92,1.4,250,23.7,20.2,985.5,1001.2,,,22.3
2016-07-14 05:00:00,0,49,33,0.001,0.200,0.025,0.005,21.4,,91,.6,160,23.1,19.8,985.5,1001.2,,,21.9
2016-07-14 06:00:00,0,55,35,0.001,0.200,0.016,0.004,21.6,,90,1,180,23.1,19.8,985.4,1001.1,0,,21.8
2016-07-14 07:00:00,0.584,48,30,0.001,0.200,0.014,0.004,23.5,,82,.8,250,23.7,20.2,985.8,1001.3,.8,,23.6
2016-07-14 08:00:00,1.928,39,28,0.001,0.200,0.021,0.005,25.6,,62,4.3,270,20.2,17.7,985.9,1001.4,1,,26.3
2016-07-14 09:00:00,6.024,47,23,0.001,0.200,0.032,0.005,27.5,,54,1.9,320,19.7,17.3,985.6,1000.9,1,,29.9
2016-07-14 10:00:00,14.736,33,16,0.001,0.200,0.033,0.005,28.3,,54,3,340,20.6,18,985.2,1000.5,1,,33.2
2016-07-14 11:00:00,21.52,37,16,0.001,0.100,0.039,0.004,28.5,,52,2.7,290,20.1,17.6,985.2,1000.5,.6,,33.8
2016-07-14 12:00:00,28.532,31,10,0.001,0.100,0.043,0.004,28.9,,53,2.6,360,21,18.3,985,1000.2,.6,,34.5
2016-07-14 13:00:00,29.124,34,9,0.001,0.200,0.045,0.004,29.9,,51,3.3,340,21.4,18.6,984.8,1000.1,1,,37.5
2016-07-14 14:00:00,30.84,39,9,0.001,0.200,0.047,0.004,30.5,,47,2.8,20,20.5,17.9,984.2,999.4,1,,38.6
2016-07-14 15:00:00,28.4,27,14,0.001,0.200,0.047,0.004,30.3,,45,2.5,360,19.4,17,984.1,999.3,1,,38.4
2016-07-14 16:00:00,17.06,31,10,0.001,0.200,0.045,0.004,29.6,,52,1.8,20,21.4,18.6,984.1,999.3,.7,,34
2016-07-14 17:00:00,8.58,27,8,0.001,0.200,0.044,0.005,30.7,,45,1.7,360,19.7,17.3,983.8,999,.9,,35.1
2016-07-14 18:00:00,8.632,32,8,0.002,0.200,0.048,0.007,30.1,,51,1.4,90,21.7,18.8,984.4,999.6,1,,33
2016-07-14 19:00:00,4.552,31,11,0.003,0.200,0.046,0.012,27.8,,62,1.4,160,23.1,19.8,985.6,1000.9,.1,,29.4
2016-07-14 20:00:00,0.276,39,15,0.007,0.300,0.039,0.016,27.1,,64,2.1,110,22.8,19.6,986.5,1001.9,0,,27.5
2016-07-14 21:00:00,0,42,24,0.003,0.200,0.045,0.007,26.1,,65,1.9,70,21.8,18.9,987.6,1003.1,,,26.4
2016-07-14 22:00:00,0,40,19,0.002,0.200,0.047,0.005,25.7,,67,.9,290,22.1,19.1,988.3,1003.8,,,26
2016-07-14 23:00:00,0,42,22,0.002,0.200,0.043,0.006,25.3,,68,.8,180,21.8,18.9,988.8,1004.4,,,25.7
2016-07-15 00:00:00,0,35,25,0.005,0.200,0.036,0.011,25.1,,66,1.5,180,20.9,18.2,989,1004.6,,,25.2
2016-07-15 01:00:00,0,33,22,0.002,0.200,0.039,0.006,24.7,,68,1.1,110,21,18.3,988.9,1004.5,,,24.8
2016-07-15 02:00:00,0,37,25,0.002,0.200,0.035,0.006,24.1,,72,.5,110,21.6,18.7,989,1004.5,,,24.7
2016-07-15 03:00:00,0,28,20,0.002,0.200,0.030,0.006,23.2,,78,.6,140,22.1,19.1,989,1004.6,,,24.4
2016-07-15 04:00:00,0,35,22,0.001,0.200,0.025,0.006,22.6,,83,.4,0,22.7,19.5,988.7,1004.3,,,23.8
2016-07-15 05:00:00,0,38,28,0.001,0.200,0.021,0.006,22.1,,84,.5,270,22.2,19.2,988.9,1004.6,,,23.2
2016-07-15 06:00:00,0,37,25,0.001,0.200,0.018,0.006,21.4,,86,.1,0,21.8,18.9,989.1,1004.9,0,,22.6
2016-07-15 07:00:00,1.044,48,17,0.001,0.200,0.016,0.006,22.1,,85,.3,0,22.5,19.4,989.6,1005.3,0,,23.7
2016-07-15 08:00:00,3.616,40,24,0.001,0.200,0.017,0.004,23.7,,73,.6,110,21.3,18.5,989.7,1005.3,0,,25.7
2016-07-15 09:00:00,7.68,27,16,0.001,0.200,0.026,0.005,25.8,,53,1.3,90,17.5,15.4,990,1005.5,.2,,28.4
2016-07-15 10:00:00,11.364,38,12,0.001,0.200,0.034,0.004,26.7,,49,1.3,90,17,15,989.9,1005.4,.9,,31.3
2016-07-15 11:00:00,19.916,24,10,0.001,0.200,0.039,0.003,28.1,,46,1.3,20,17.4,15.3,989.5,1004.9,1,,35.5
2016-07-15 12:00:00,25.396,28,8,0.001,0.200,0.040,0.004,28.3,,48,2.2,50,18.4,16.2,989.1,1004.4,1,,36.8
2016-07-15 13:00:00,28.708,27,7,0.001,0.200,0.044,0.005,29.1,,43,1.9,90,17.3,15.2,988.4,1003.7,1,,38.5
2016-07-15 14:00:00,24.476,27,5,0.002,0.200,0.049,0.005,29,,45,2,200,17.9,15.8,988,1003.3,1,,40.8
2016-07-15 15:00:00,28.052,32,11,0.007,0.200,0.056,0.012,28.5,,45,3.4,90,17.5,15.4,988.1,1003.4,1,,40.3
2016-07-15 16:00:00,25.5,41,17,0.024,0.300,0.050,0.028,28.3,,53,1.8,70,20.2,17.7,987.9,1003.2,.1,,36.6
2016-07-15 17:00:00,18.504,39,22,0.022,0.300,0.051,0.028,28.8,,51,2.1,50,20.1,17.6,987.8,1003.1,.3,,35.4
2016-07-15 18:00:00,3.724,37,15,0.013,0.300,0.053,0.022,27.2,,54,1.5,90,19.4,17,987.5,1002.9,.4,,32.1
2016-07-15 19:00:00,0.172,38,15,0.004,0.200,0.054,0.011,25.4,,64,2.3,50,20.6,18,987.4,1002.9,0,,28.7
2016-07-15 20:00:00,0.012,31,12,0.004,0.200,0.050,0.010,24.4,,67,3.2,50,20.4,17.8,987.5,1003,0,,26.7
2016-07-15 21:00:00,0,35,12,0.002,0.100,0.042,0.006,23.8,,72,3.4,50,21.2,18.4,988,1003.5,,,25.6
2016-07-15 22:00:00,0,29,11,0.002,0.100,0.035,0.008,23.5,,74,3.2,50,21.3,18.5,988.5,1004.1,,,24.9
2016-07-15 23:00:00,0,29,10,0.006,0.100,0.025,0.014,22.9,,77,2.9,50,21.4,18.6,988.6,1004.2,,,24.4
2016-07-16 00:00:00,0,23,17,0.004,0.100,0.025,0.010,22.5,,78,2.8,50,21.2,18.4,988.6,1004.2,,,23.9
2016-07-16 01:00:00,0,26,13,0.003,0.100,0.023,0.009,22.3,,76,2.8,50,20.4,17.8,988.2,1003.9,,,23.5
2016-07-16 02:00:00,0,25,10,0.002,0.100,0.024,0.007,22,,75,4.2,50,19.7,17.3,987.6,1003.3,,,22.8
2016-07-16 03:00:00,0,17,12,0.002,0.100,0.024,0.006,22.1,0,72,3.1,50,19.1,16.8,987,1002.7,,,22.6
2016-07-16 04:00:00,0,22,12,0.002,0.100,0.024,0.005,21.8,,74,3.8,50,19.2,16.9,986.8,1002.5,,,22.3
2016-07-16 05:00:00,0,17,9,0.001,0.100,0.020,0.005,21.2,0,80,3.8,50,20.1,17.6,986.5,1002.2,,,22
2016-07-16 06:00:00,0,22,6,0.001,0.100,0.019,0.005,20.7,0,86,3.9,50,20.9,18.2,986.2,1002,0,,21.9
2016-07-16 07:00:00,0,17,6,0.001,0.100,0.018,0.005,20.8,0,88,3.5,50,21.6,18.7,986.1,1001.9,0,,22
2016-07-16 08:00:00,0.032,23,10,0.001,0.100,0.016,0.006,20.8,,89,3.4,70,21.8,18.9,986.7,1002.5,0,,22.4
2016-07-16 09:00:00,0.48,23,8,0.001,0.200,0.016,0.009,20.9,.1,89,3.5,50,22,19,986.4,1002.2,0,,22.8
2016-07-16 10:00:00,0.292,22,10,0.001,0.200,0.016,0.012,20.7,.4,91,1.7,20,22.1,19.1,986.2,1002,0,,23.3
2016-07-16 11:00:00,0.652,30,12,0.001,0.200,0.017,0.014,20.8,2,92,2.9,50,22.5,19.4,985.7,1001.5,0,,23.2
2016-07-16 12:00:00,0.864,24,11,0.001,0.100,0.016,0.014,21.2,1.5,91,2,50,22.8,19.6,985.5,1001.2,0,,24.2
2016-07-16 13:00:00,1.312,24,18,0.001,0.200,0.015,0.013,21.5,0,91,3.3,70,23.2,19.9,985.3,1001,0,,24.7
2016-07-16 14:00:00,1.62,21,12,0.001,0.100,0.017,0.011,21.8,0,90,3.9,70,23.4,20,984.8,1000.4,0,,25.2
2016-07-16 15:00:00,2.036,16,7,0.001,0.100,0.017,0.011,22.1,.5,91,1,180,24.1,20.5,985,1000.6,0,,25.7
2016-07-16 16:00:00,3.668,12,8,0.001,0.100,0.019,0.011,22.8,0,88,.9,320,24.4,20.7,984.9,1000.5,0,,27.7
2016-07-16 17:00:00,7.548,11,8,0.001,0.100,0.019,0.009,22.8,,87,.4,0,24.1,20.5,985.1,1000.7,0,,26.1
2016-07-16 18:00:00,2.36,11,5,0.002,0.200,0.018,0.010,22.7,,89,.7,180,24.4,20.7,985.6,1001.2,0,,25.4
2016-07-16 19:00:00,2.04,14,7,0.002,0.200,0.017,0.011,23.5,,85,.2,0,24.6,20.8,985.9,1001.4,.1,,25.3
2016-07-16 20:00:00,0,24,8,0.001,0.200,0.017,0.012,22.4,,91,.3,0,24.6,20.8,986.8,1002.4,0,,24.1
2016-07-16 21:00:00,0,25,7,0.001,0.200,0.022,0.009,22,,92,.5,140,24.3,20.6,987.4,1003.1,,,23.3
2016-07-16 22:00:00,0,26,5,0.001,0.200,0.021,0.007,22,,91,.4,0,24,20.4,987.9,1003.6,,,22.9
2016-07-16 23:00:00,0,23,6,0.001,0.200,0.019,0.007,21.2,,93,.6,50,23.4,20,988.3,1004.1,,,22.3
2016-07-17 00:00:00,0,25,14,0.001,0.100,0.023,0.006,20.6,,91,.7,110,22,19,988.8,1004.6,,,21.6
2016-07-17 01:00:00,0,25,12,0.001,0.100,0.026,0.004,20,,94,.5,200,21.8,18.9,988.9,1004.8,,,20.9
2016-07-17 02:00:00,0,16,8,0.001,0.100,0.025,0.004,19.9,,94,1,140,21.7,18.8,988.8,1004.7,,,20.6
2016-07-17 03:00:00,0,18,6,0.001,0.100,0.027,0.005,20,.1,94,.5,50,21.8,18.9,989,1004.9,,,21.1
2016-07-17 04:00:00,0,32,12,0.001,0.200,0.027,0.004,20.1,,94,.7,50,22,19,989.4,1005.3,,,21.2
2016-07-17 05:00:00,0,30,10,0.001,0.200,0.024,0.004,20.2,,94,.3,0,22.1,19.1,989.8,1005.7,,,21.4
2016-07-17 06:00:00,0,29,8,0.001,0.200,0.026,0.004,20.6,,92,.5,320,22.2,19.2,990,1005.8,0,,21.4
2016-07-17 07:00:00,0.832,30,8,0.001,0.200,0.026,0.004,22,,84,.6,290,22.1,19.1,990.6,1006.3,0,,22.7
2016-07-17 08:00:00,4.8,30,9,0.001,0.200,0.028,0.005,24.1,,72,2.1,340,21.6,18.7,991.1,1006.6,.1,,25.2
2016-07-17 09:00:00,7.724,31,15,0.001,0.200,0.036,0.004,25.9,,61,3.1,340,20.2,17.7,991.2,1006.8,1,,30.1
2016-07-17 10:00:00,14.776,31,11,0.001,0.200,0.043,0.004,26.3,,57,4.1,340,19.4,17,991.3,1006.8,1,,33
2016-07-17 11:00:00,21.36,21,10,0.001,0.200,0.046,0.004,27.1,,54,3.1,340,19.2,16.9,991.5,1007,1,,34.3
2016-07-17 12:00:00,18.62,29,9,0.001,0.200,0.046,0.004,28,,56,3.7,340,21,18.3,991.4,1006.8,1,,38
2016-07-17 13:00:00,28.924,23,8,0.001,0.200,0.045,0.004,27.5,,58,2.7,360,21.2,18.4,991.3,1006.7,.8,,35.2
2016-07-17 14:00:00,27.268,25,8,0.001,0.200,0.046,0.004,29,,53,1.6,320,21.2,18.4,990.9,1006.2,.5,,35
2016-07-17 15:00:00,16.528,29,6,0.001,0.200,0.045,0.004,28.6,,55,1.3,20,21.4,18.6,990.8,1006.2,.3,,33.7
2016-07-17 16:00:00,10.008,21,7,0.001,0.200,0.046,0.004,27.9,,54,1.8,360,20.2,17.7,990.9,1006.3,.2,,32
2016-07-17 17:00:00,19.392,28,7,0.001,0.200,0.045,0.004,27.6,,61,1.7,160,22.4,19.3,990.9,1006.3,0,,30.4
2016-07-17 18:00:00,10.036,20,8,0.001,0.200,0.043,0.005,28.4,,51,2.1,340,19.6,17.2,991.2,1006.6,.7,,30
2016-07-17 19:00:00,5.56,24,8,0.001,0.200,0.042,0.005,27.1,,56,1.9,320,20,17.5,991.6,1007.1,1,,27.3
2016-07-17 20:00:00,0.392,21,9,0.001,0.200,0.040,0.006,25.2,,65,1.4,320,20.8,18.1,992.1,1007.7,.1,,25.3
2016-07-17 21:00:00,0,24,13,0.001,0.200,0.029,0.008,24,,72,.6,20,21.4,18.6,992.9,1008.5,,,24.2
2016-07-17 22:00:00,0,30,11,0.001,0.200,0.025,0.009,23,,78,.2,0,21.8,18.9,993.5,1009.2,,,23.3
2016-07-17 23:00:00,0,24,13,0.001,0.200,0.023,0.006,21.6,,86,.8,230,22.1,19.1,993.7,1009.5,,,22.6
2016-07-18 00:00:00,0,27,10,0.001,0.200,0.022,0.006,20.8,,86,.7,200,21,18.3,993.8,1009.7,,,21.9
2016-07-18 01:00:00,0,23,7,0.001,0.100,0.020,0.005,20.6,,86,.2,0,20.8,18.1,993.6,1009.5,,,21.3
2016-07-18 02:00:00,0,25,7,0.001,0.100,0.021,0.004,20.2,,89,.1,0,21,18.3,993.6,1009.5,,,20.8
2016-07-18 03:00:00,0,12,6,0.001,0.100,0.020,0.004,19.5,,91,0,0,20.5,17.9,993.4,1009.2,,,20.3
2016-07-18 04:00:00,0,15,5,0.001,0.100,0.022,0.003,19.2,,91,0,0,20.1,17.6,993.5,1009.4,,,20.1
2016-07-18 05:00:00,0,16,6,0.001,0.100,0.019,0.004,18.7,,91,.4,0,19.5,17.1,993.9,1009.8,,,20
2016-07-18 06:00:00,0,21,6,0.001,0.100,0.018,0.004,18.9,,92,0,0,20,17.5,994.3,1010.2,0,,19.9
2016-07-18 07:00:00,1.34,15,5,0.001,0.100,0.017,0.005,20.2,,87,.5,270,20.5,17.9,994.4,1010.3,.4,,21.9
2016-07-18 08:00:00,4.1,17,8,0.001,0.100,0.017,0.005,21.8,,79,.8,360,20.5,17.9,994.8,1010.6,.7,,24.9
2016-07-18 09:00:00,6.664,20,13,0.001,0.200,0.019,0.006,24.4,,66,.7,340,20.1,17.6,995,1010.6,.9,,28.4
2016-07-18 10:00:00,11.648,25,9,0.001,0.200,0.023,0.007,25.6,,60,.8,270,19.6,17.2,994.8,1010.4,1,,31.6
2016-07-18 11:00:00,17.6,29,8,0.010,0.200,0.022,0.015,27,,60,1.4,250,21.3,18.5,994.2,1009.7,1,,35.7
2016-07-18 12:00:00,24.132,26,7,,,,,28.9,,52,1.8,50,20.6,18,993.6,1009,1,,38
2016-07-18 13:00:00,26.34,,,,,,,29.3,,58,1.9,50,23.5,20.1,993.4,1008.7,1,,38.7
2016-07-18 14:00:00,24.956,,,,,,,28.4,,60,2.3,50,23.1,19.8,993.3,1008.7,.9,,37.3
2016-07-18 15:00:00,17,,,,,,,28.7,,59,2.1,90,23.1,19.8,993.1,1008.5,.9,,37.6
2016-07-18 16:00:00,17.732,,,,,,,28.9,,57,1.8,90,22.7,19.5,993,1008.4,.8,,36
2016-07-18 17:00:00,19.128,,,,,,,29.6,,50,2.3,360,20.6,18,992.5,1007.8,1,,34.9
2016-07-18 18:00:00,12.668,,,,,,,29.2,,50,2.8,290,20.2,17.7,993,1008.3,1,,32.4
2016-07-18 19:00:00,5.032,,,,,,,27.3,,63,1.1,360,22.8,19.6,993.5,1009,.7,,29.3
2016-07-18 20:00:00,0.536,,,,,,,25,,74,.5,230,23.4,20,993.8,1009.5,0,,27.2
2016-07-18 21:00:00,0,,,,,,,23.9,,80,.6,20,23.7,20.2,994.4,1010,,,25.8
2016-07-18 22:00:00,0,,,,,,,23.4,,83,.6,320,23.8,20.3,995.1,1010.8,,,25.1
2016-07-18 23:00:00,0,,,,,,,22.6,,86,.1,0,23.5,20.1,995.3,1011,,,24.2
2016-07-19 00:00:00,0,,,,,,,22.2,,88,.2,0,23.5,20.1,995.1,1010.9,,,23.4
2016-07-19 01:00:00,0,,,,,,,21.9,,91,.4,0,23.8,20.3,995.1,1010.9,,,23.3
2016-07-19 02:00:00,0,,,,,,,21.6,,90,.3,0,23.1,19.8,995.3,1011.1,,,23
2016-07-19 03:00:00,0,,,,,,,21.3,,91,.3,0,22.9,19.7,995.4,1011.3,,,22.4
2016-07-19 04:00:00,0,,,,,,,21.2,,92,0,0,23.1,19.8,995.2,1011.1,,,22.4
2016-07-19 05:00:00,0,,,,,,,21.2,,92,1,340,23.1,19.8,995.6,1011.5,,,22.4
2016-07-19 06:00:00,0,,,,,,,20.9,,92,.9,340,22.7,19.5,995.8,1011.7,0,,22.5
2016-07-19 07:00:00,0.444,,,,,,,21.3,,90,1,360,22.7,19.5,995.9,1011.8,0,,23.4
2016-07-19 08:00:00,2.624,,,,,,,22.5,,85,.5,70,23.1,19.8,996.2,1012,0,,24.9
2016-07-19 09:00:00,8.072,,,,,,,24.4,,74,.5,290,22.5,19.4,996.2,1011.8,.4,,29
2016-07-19 10:00:00,13.508,,,,,,,25.9,,71,.7,270,23.7,20.2,996.4,1012,.2,,30.6
2016-07-19 11:00:00,12.94,,,,,,,27.6,,66,2.1,50,24.3,20.6,996.1,1011.6,.2,,33.7
2016-07-19 12:00:00,11.648,,,,,,,27.4,,63,2.4,90,22.9,19.7,995.9,1011.4,.5,,34.4
2016-07-19 13:00:00,18.68,,,,,,,27.1,,66,2.9,70,23.5,20.1,995.4,1010.9,.2,,33
2016-07-19 14:00:00,22.248,,,,,,,29.6,,58,2.3,50,24,20.4,995,1010.3,.6,,39
2016-07-19 15:00:00,26.64,,,,,,,29,,57,2.9,70,22.8,19.6,994.6,1010,1,,40.2
2016-07-19 16:00:00,16.936,,,,,,,28.2,,61,2.3,70,23.2,19.9,994.5,1009.9,.8,,37
2016-07-19 17:00:00,13.7,42,21,0.012,1.200,0.051,0.021,27.4,,65,2.4,50,23.7,20.2,994.7,1010.2,.6,,33.9
2016-07-19 18:00:00,12.188,48,19,0.006,0.700,0.058,0.011,27.2,,67,2.4,20,24.1,20.5,994.7,1010.2,.4,,31.9
2016-07-19 19:00:00,5.728,34,19,0.012,0.600,0.047,0.021,26.4,,70,2.6,20,24,20.4,994.9,1010.5,.4,,29.1
2016-07-19 20:00:00,0.228,40,22,0.011,0.400,0.041,0.019,25.4,,73,2.1,50,23.7,20.2,995.5,1011.2,0,,27.1
2016-07-19 21:00:00,0,40,21,0.006,0.400,0.032,0.015,24.9,,71,2.7,50,22.2,19.2,996.2,1011.9,,,25.7
2016-07-19 22:00:00,0,40,23,0.005,0.400,0.028,0.013,24.5,,71,2.4,50,21.7,18.8,996.9,1012.5,,,24.7
2016-07-19 23:00:00,0,32,22,0.004,0.400,0.024,0.012,23.8,,73,2.7,50,21.4,18.6,997.1,1012.8,,,23.9
2016-07-20 00:00:00,0,39,19,0.003,0.400,0.020,0.009,22.7,,79,1.3,70,21.7,18.8,997.3,1013.1,,,23.3
2016-07-20 01:00:00,0,42,23,0.002,0.300,0.020,0.007,22.4,,81,.8,70,21.8,18.9,997.3,1013.1,,,22.8
2016-07-20 02:00:00,0,34,21,0.002,0.300,0.020,0.006,21.3,,88,.3,0,22.2,19.2,997.3,1013.2,,,22.3
2016-07-20 03:00:00,0,40,20,0.002,0.300,0.018,0.005,20.8,,90,.5,360,22,19,997,1012.9,,,21.9
2016-07-20 04:00:00,0,35,18,0.002,0.300,0.016,0.005,20.5,,91,0,0,21.8,18.9,996.8,1012.8,,,21.5
2016-07-20 05:00:00,0,32,19,0.002,0.300,0.013,0.005,20.3,,92,0,0,21.8,18.9,996.3,1012.3,,,21.2
2016-07-20 06:00:00,0,34,18,0.002,0.300,0.011,0.006,20.2,,92,.4,0,21.7,18.8,996.5,1012.5,0,,21.1
2016-07-20 07:00:00,0.688,39,25,0.002,0.300,0.011,0.006,21.8,,88,.4,0,22.9,19.7,997,1012.8,.1,,23.7
2016-07-20 08:00:00,2.048,47,25,0.002,0.300,0.015,0.007,22.9,,82,.5,110,22.8,19.6,997.4,1013.2,.6,,25.7
2016-07-20 09:00:00,5.708,52,29,0.002,0.300,0.034,0.004,24.8,,75,1.7,90,23.4,20,997.3,1013,.4,,28.6
2016-07-20 10:00:00,13.72,62,30,0.002,0.300,0.043,0.004,26.7,,66,1.6,50,23.1,19.8,997.2,1012.8,.6,,31.7
2016-07-20 11:00:00,19.052,55,33,0.002,0.300,0.046,0.004,26.1,,68,3,70,22.9,19.7,997.4,1013,.5,,33.5
2016-07-20 12:00:00,21.828,46,24,0.002,0.300,0.052,0.005,26.9,,67,2.2,70,23.7,20.2,997.3,1012.9,.6,,36.2
2016-07-20 13:00:00,24.348,58,22,0.002,0.300,0.058,0.005,27.4,,65,1.9,70,23.7,20.2,997.2,1012.7,.3,,35.2
2016-07-20 14:00:00,22.94,52,26,0.002,0.300,0.061,0.004,28.2,,65,1.5,50,24.7,20.9,996.8,1012.3,.3,,37
2016-07-20 15:00:00,26.372,48,25,0.002,0.300,0.063,0.004,28.3,,62,1.7,20,23.8,20.3,996.5,1012,.3,,37.6
2016-07-20 16:00:00,26.464,47,25,0.002,0.300,0.066,0.005,29.6,,59,1.4,360,24.4,20.7,995.7,1011.1,.5,,37.8
2016-07-20 17:00:00,11.876,45,34,0.003,0.300,0.069,0.011,28.6,,59,1.7,50,22.9,19.7,995.5,1010.9,1,,36.8
2016-07-20 18:00:00,7.028,40,28,0.008,0.300,0.065,0.015,27.8,,64,.9,50,23.8,20.3,995.7,1011.2,.8,,33
2016-07-20 19:00:00,2.94,49,20,0.007,0.300,0.054,0.014,26.8,,69,1,90,24.3,20.6,996,1011.6,0,,30.3
2016-07-20 20:00:00,0.172,38,11,0.007,0.300,0.050,0.014,25.3,,78,.9,160,25,21.1,996.3,1012,0,,28
2016-07-20 21:00:00,0,40,11,0.006,0.300,0.043,0.011,25,,73,2.2,50,23.1,19.8,997,1012.7,,,26.6
2016-07-20 22:00:00,0,31,12,0.005,0.300,0.043,0.009,24.3,,75,2,70,22.7,19.5,997.4,1013,,,25.7
2016-07-20 23:00:00,0,33,16,0.003,0.300,0.035,0.008,23.8,,74,2,70,21.7,18.8,997.4,1013.1,,,24.6
2016-07-21 00:00:00,0,37,18,0.004,0.300,0.031,0.008,23,,79,2.2,70,22.2,19.2,997.5,1013.2,,,23.9
2016-07-21 01:00:00,0,34,20,0.004,0.300,0.024,0.010,22.6,,80,1.5,50,21.8,18.9,997,1012.8,,,23.6
2016-07-21 02:00:00,0,37,20,0.003,0.300,0.021,0.008,22,,84,.8,50,22.1,19.1,997,1012.8,,,23.3
2016-07-21 03:00:00,0,32,19,0.003,0.300,0.020,0.007,21.6,,85,.9,50,21.8,18.9,996.9,1012.8,,,23
2016-07-21 04:00:00,0,33,18,0.002,0.300,0.017,0.007,21.6,,84,1.5,110,21.6,18.7,997,1012.9,,,23
2016-07-21 05:00:00,0,32,17,0.002,0.300,0.015,0.006,21.9,,83,.4,0,21.7,18.8,997,1012.8,,,23.1
2016-07-21 06:00:00,0,29,16,0.002,0.300,0.013,0.006,22.1,,81,1.1,360,21.4,18.6,997.3,1013.1,0,,23
2016-07-21 07:00:00,0.768,33,21,0.003,0.300,0.015,0.008,22.2,,81,1.2,20,21.6,18.7,997.6,1013.4,0,,23.6
2016-07-21 08:00:00,3.52,32,20,0.004,0.300,0.020,0.007,22.5,,81,1.7,50,22,19,997.6,1013.4,0,,24.6
2016-07-21 09:00:00,7.124,30,18,0.003,0.300,0.025,0.006,23,,79,1.6,70,22.1,19.1,997.7,1013.4,0,,25.8
2016-07-21 10:00:00,10.864,35,14,0.003,0.300,0.034,0.005,23.7,,74,1.6,90,21.6,18.7,997.8,1013.5,0,,27.4
2016-07-21 11:00:00,16.992,40,20,0.002,0.300,0.042,0.004,24.5,,71,1.5,50,21.7,18.8,997.8,1013.4,0,,30.3
2016-07-21 12:00:00,15.44,40,20,0.002,0.300,0.048,0.004,25.2,,68,1.5,90,21.7,18.8,997.5,1013.2,0,,32.2
2016-07-21 13:00:00,24.36,42,17,0.002,0.300,0.054,0.004,26.6,,67,2,250,23.2,19.9,996.9,1012.5,0,,34.3
2016-07-21 14:00:00,26.86,38,22,0.002,0.300,0.058,0.004,27.5,,59,2,50,21.6,18.7,996.6,1012.1,.8,,41.3
2016-07-21 15:00:00,21.856,43,18,0.003,0.300,0.064,0.006,27.7,,62,2.6,90,22.9,19.7,996,1011.5,1,,41.2
2016-07-21 16:00:00,22.848,42,22,0.004,0.300,0.067,0.007,27.9,,61,1.9,50,22.8,19.6,995.8,1011.3,.9,,40.1
2016-07-21 17:00:00,11.968,44,15,0.004,0.300,0.067,0.007,27.3,,64,1.5,70,23.1,19.8,995.5,1011,0,,35.8
2016-07-21 18:00:00,8.344,44,20,0.007,0.300,0.060,0.012,26.9,,68,1.4,110,24,20.4,995.4,1010.9,0,,33.1
2016-07-21 19:00:00,0.992,42,23,0.013,0.300,0.041,0.022,26.5,,69,1.5,70,23.8,20.3,995.4,1011,0,,30.5
2016-07-21 20:00:00,0,45,11,0.010,0.300,0.044,0.018,25.9,,73,.9,50,24.3,20.6,995.4,1011,0,,28.9
2016-07-21 21:00:00,0,41,19,0.006,0.300,0.045,0.012,25.2,,75,2.2,50,24,20.4,995.9,1011.6,,,27.5
2016-07-21 22:00:00,0,39,19,0.005,0.300,0.041,0.011,23.9,,77,2.2,50,22.8,19.6,996,1011.6,,,26.1
2016-07-21 23:00:00,0,41,21,0.003,0.300,0.035,0.008,23.4,,79,2.3,50,22.7,19.5,995.8,1011.5,,,25
2016-07-22 00:00:00,0,36,21,0.003,0.300,0.034,0.006,22.5,,81,1.3,70,22,19,996,1011.8,,,24.1
2016-07-22 01:00:00,0,31,19,0.003,0.300,0.030,0.006,22.2,,82,1.4,70,21.8,18.9,995.9,1011.7,,,23.5
2016-07-22 02:00:00,0,32,17,0.003,0.300,0.029,0.005,21.6,,85,.5,200,21.8,18.9,995.8,1011.6,,,23
2016-07-22 03:00:00,0,31,19,0.002,0.300,0.026,0.005,21.7,,85,.9,90,22,19,995.9,1011.7,,,23
2016-07-22 04:00:00,0,33,19,0.002,0.300,0.024,0.005,21.7,,86,.2,0,22.2,19.2,995.8,1011.6,,,23.2
2016-07-22 05:00:00,0,37,21,0.002,0.300,0.021,0.005,21.5,,87,.8,140,22.2,19.2,995.8,1011.7,,,22.7
2016-07-22 06:00:00,0,27,18,0.003,0.300,0.020,0.006,21.1,,90,.3,0,22.4,19.3,996.2,1012.1,0,,22.5
2016-07-22 07:00:00,0.908,34,18,0.004,0.300,0.017,0.007,22,,86,.2,0,22.7,19.5,996.5,1012.3,0,,23.7
2016-07-22 08:00:00,2.244,30,19,0.004,0.300,0.017,0.008,22.9,,83,.5,250,23.1,19.8,996.7,1012.4,0,,25.1
2016-07-22 09:00:00,4.828,36,28,0.004,0.300,0.020,0.007,23.6,,80,.7,50,23.2,19.9,996.9,1012.6,0,,26.3
2016-07-22 10:00:00,8.96,43,24,0.003,0.300,0.026,0.006,24.4,,75,1.4,90,22.8,19.6,996.9,1012.5,0,,28.7
2016-07-22 11:00:00,16.192,56,26,0.002,0.300,0.036,0.005,25.3,,73,2.1,50,23.5,20.1,996.6,1012.3,.1,,31.7
2016-07-22 12:00:00,10.788,44,32,0.002,0.300,0.043,0.005,25.3,,71,2.2,110,22.8,19.6,996.1,1011.8,0,,33.1
2016-07-22 13:00:00,10.564,47,33,0.002,0.300,0.046,0.006,25.9,,70,2,90,23.4,20,995.8,1011.4,0,,33.7
2016-07-22 14:00:00,17.56,49,34,0.002,0.300,0.053,0.005,26.2,,70,2.2,90,23.7,20.2,995.3,1010.9,0,,35.2
2016-07-22 15:00:00,13.02,48,29,0.002,0.300,0.055,0.008,27,,66,1.7,70,23.4,20,994.6,1010.1,.1,,37.1
2016-07-22 16:00:00,8.256,49,30,0.002,0.300,0.060,0.007,27.5,,66,1.9,70,24.1,20.5,994.3,1009.8,.9,,37.3
2016-07-22 17:00:00,7.568,47,31,0.003,0.300,0.061,0.007,27.6,,64,2.4,70,23.5,20.1,994.1,1009.6,1,,36.9
2016-07-22 18:00:00,3.828,43,32,0.006,0.300,0.066,0.011,26.8,,66,2.2,70,23.2,19.9,993.8,1009.3,.5,,33.2
2016-07-22 19:00:00,1.76,62,35,0.009,0.300,0.046,0.018,26,,71,.8,50,23.8,20.3,994,1009.6,.4,,29.8
2016-07-22 20:00:00,0.012,41,15,0.010,0.300,0.034,0.020,24.4,,80,1.1,140,24.4,20.7,994.3,1009.9,0,,27.5
2016-07-22 21:00:00,0,36,19,0.007,0.300,0.027,0.015,23.4,,84,.4,0,24.1,20.5,994.8,1010.5,,,25.9
2016-07-22 22:00:00,0,31,17,0.005,0.300,0.026,0.011,22.8,,87,0,0,24.1,20.5,995.1,1010.8,,,24.7
2016-07-22 23:00:00,0,35,14,0.004,0.300,0.019,0.011,22.9,,88,1,360,24.4,20.7,994.9,1010.6,,,24
2016-07-23 00:00:00,0,33,19,0.003,0.300,0.015,0.010,22.4,,87,1.1,360,23.5,20.1,995.3,1011.1,,,23.4
2016-07-23 01:00:00,0,32,23,0.003,0.300,0.015,0.009,22.3,,85,1.4,20,22.8,19.6,995.2,1011,,,23.3
2016-07-23 02:00:00,0,46,18,0.003,0.300,0.013,0.009,22.4,,84,1.5,70,22.7,19.5,995.2,1011,,,23.6
2016-07-23 03:00:00,0,35,24,0.003,0.300,0.010,0.008,22.3,,83,1.5,70,22.2,19.2,995,1010.8,,,23.5
2016-07-23 04:00:00,0,39,24,0.003,0.300,0.015,0.006,22.2,,83,1.2,70,22.1,19.1,994.6,1010.4,,,23.4
2016-07-23 05:00:00,0,26,21,0.002,0.200,0.012,0.006,21.5,,87,.7,110,22.2,19.2,995,1010.8,,,22.9
2016-07-23 06:00:00,0,32,17,0.002,0.200,0.008,0.006,21.5,,88,0,0,22.5,19.4,995.4,1011.2,0,,23.2
2016-07-23 07:00:00,0.908,29,14,0.002,0.200,0.009,0.007,21.9,,87,.3,0,22.8,19.6,995.7,1011.5,0,,23.6
2016-07-23 08:00:00,2.26,28,19,0.003,0.200,0.014,0.007,22.8,,80,.9,90,22.1,19.1,995.9,1011.6,0,,24.8
2016-07-23 09:00:00,6.568,36,21,0.003,0.200,0.027,0.004,23.9,,72,2,90,21.3,18.5,995.9,1011.5,.6,,29.8
2016-07-23 10:00:00,13.816,38,21,0.003,0.200,0.035,0.003,25.1,,70,1.9,110,22.2,19.2,995.8,1011.5,.3,,34
2016-07-23 11:00:00,19.056,44,24,0.003,0.200,0.037,0.003,25.8,,67,2.5,90,22.1,19.1,995.5,1011.1,1,,37.6
2016-07-23 12:00:00,23.14,46,23,0.003,0.200,0.041,0.003,27.7,,63,1.9,90,23.4,20,995.2,1010.7,1,,42.2
2016-07-23 13:00:00,25.152,47,24,0.003,0.200,0.048,0.004,28.5,,60,2.5,90,23.2,19.9,994.3,1009.7,1,,44.6
2016-07-23 14:00:00,28.7,43,21,0.017,0.400,0.048,0.015,29.5,,60,1.9,110,24.7,20.9,993.7,1009,1,,45.9
2016-07-23 15:00:00,27.896,60,,0.033,1.000,0.061,0.027,29.8,,61,2.7,70,25.5,21.4,993.4,1008.8,1,,44.7
2016-07-23 16:00:00,23.736,69,32,0.029,1.400,0.077,0.023,29.7,,61,2.3,90,25.3,21.3,993.1,1008.5,1,,42.1
2016-07-23 17:00:00,20.556,81,38,0.013,0.800,0.081,0.012,29.5,,61,2.8,70,25,21.1,992.9,1008.2,1,,39.7
2016-07-23 18:00:00,13.424,56,20,0.012,0.400,0.067,0.012,29,,63,2.2,70,25.2,21.2,993,1008.4,1,,36.8
2016-07-23 19:00:00,3.336,39,22,0.007,0.300,0.048,0.010,27.5,,69,2,50,25.2,21.2,993.5,1009,.4,,32.3
2016-07-23 20:00:00,0.08,37,16,0.006,0.300,0.036,0.012,26.7,,72,1.4,50,25.2,21.2,993.9,1009.4,0,,29.9
2016-07-23 21:00:00,0,36,17,0.007,0.300,0.029,0.012,25.9,,76,.6,20,25.3,21.3,994.9,1010.5,,,28.4
2016-07-23 22:00:00,0,32,22,0.006,0.300,0.024,0.013,24.8,,80,1.2,160,25,21.1,994.9,1010.6,,,27.2
2016-07-23 23:00:00,0,38,11,0.005,0.300,0.023,0.010,24,,82,1.6,90,24.4,20.7,995,1010.6,,,26.3
2016-07-24 00:00:00,0,25,18,0.004,0.300,0.018,0.010,23.5,,84,.7,270,24.3,20.6,994.8,1010.5,,,25.5
2016-07-24 01:00:00,0,35,21,0.003,0.300,0.013,0.010,23,,85,.7,70,23.8,20.3,994.8,1010.5,,,24.8
2016-07-24 02:00:00,0,35,21,0.003,0.300,0.012,0.008,22.6,,87,1.6,110,23.8,20.3,994.6,1010.3,,,24.2
2016-07-24 03:00:00,0,35,24,0.003,0.300,0.009,0.009,22.2,,89,1.7,110,23.7,20.2,994.7,1010.5,,,23.8
2016-07-24 04:00:00,0,34,22,0.003,0.300,0.009,0.009,22,,89,2.1,110,23.4,20,994.9,1010.7,,,23.5
2016-07-24 05:00:00,0,39,26,0.002,0.300,0.007,0.008,22,,90,0,0,23.7,20.2,995.3,1011.1,,,23.6
2016-07-24 06:00:00,0,36,25,0.003,0.300,0.010,0.008,22.3,,88,0,0,23.7,20.2,995.7,1011.5,0,,24
2016-07-24 07:00:00,0.856,43,32,0.003,0.400,0.008,0.007,22.5,,90,.6,160,24.4,20.7,996.1,1011.9,0,,24.9
2016-07-24 08:00:00,3.748,48,27,0.003,0.400,0.013,0.006,24.2,,83,.8,70,25,21.1,996,1011.6,0,,27.3
2016-07-24 09:00:00,7.924,53,26,0.003,0.400,0.022,0.006,26.3,,75,.8,250,25.6,21.5,995.8,1011.4,1,,32.5
2016-07-24 10:00:00,12.008,52,23,0.003,0.400,0.031,0.006,27.9,,65,1.1,50,24.4,20.7,995.9,1011.4,1,,37.4
2016-07-24 11:00:00,17.216,45,29,0.003,0.300,0.032,0.005,29.7,,63,1.3,250,26.1,21.8,995.7,1011.1,1,,41.4
2016-07-24 12:00:00,23.464,41,15,0.002,0.200,0.035,0.004,30.7,,60,1.9,110,26.4,22,995.5,1010.9,1,,46.2
2016-07-24 13:00:00,26.36,46,14,0.002,0.200,0.034,0.003,31.3,,57,3,230,26,21.7,994.9,1010.2,1,,48.9
2016-07-24 14:00:00,28.364,28,17,0.002,0.200,0.034,0.002,32.6,,58,1.8,20,28.4,23.2,994.6,1009.9,1,,50.5
2016-07-24 15:00:00,27.78,36,19,0.008,0.300,0.044,0.007,32.3,,58,1.9,20,27.9,22.9,994.4,1009.7,.9,,47
2016-07-24 16:00:00,15.928,44,21,0.011,0.500,0.040,0.010,31.1,,61,2.2,70,27.4,22.6,994.3,1009.6,.6,,42
2016-07-24 17:00:00,19.444,47,27,0.012,0.500,0.036,0.012,30.6,,66,3.1,50,28.9,23.5,994.1,1009.5,.6,,39.6
2016-07-24 18:00:00,11.42,57,20,0.013,0.500,0.030,0.014,29.8,,69,2.3,50,28.8,23.4,994.3,1009.7,.9,,37.6
2016-07-24 19:00:00,4,45,24,0.011,0.400,0.026,0.013,29.3,,73,1.6,50,29.7,23.9,994.4,1009.8,.8,,34.5
2016-07-24 20:00:00,0.196,37,,0.011,0.400,0.019,0.016,28.2,,78,1.3,50,29.7,23.9,994.9,1010.3,0,,31.7
2016-07-24 21:00:00,0,42,21,0.010,0.400,0.016,0.017,27.4,,80,1.5,20,29.1,23.6,995.2,1010.7,,,30.2
2016-07-24 22:00:00,0,47,17,0.010,0.400,0.014,0.016,26.8,,84,1.5,50,29.5,23.8,995.6,1011.2,,,29.1
2016-07-24 23:00:00,0,44,22,0.011,0.400,0.012,0.017,26.3,,86,1.1,50,29.3,23.7,996,1011.6,,,28.2
2016-07-25 00:00:00,0,36,22,0.009,0.400,0.012,0.015,25.8,,88,.6,90,29.1,23.6,996.2,1011.8,,,27.5
2016-07-25 01:00:00,0,44,28,0.007,0.400,0.009,0.013,25.2,,90,.2,0,28.8,23.4,996.2,1011.9,,,27
2016-07-25 02:00:00,0,43,21,0.005,0.400,0.006,0.012,25,,91,.3,0,28.8,23.4,996,1011.7,,,26.6
2016-07-25 03:00:00,0,38,25,0.004,0.400,0.005,0.011,24.8,,91,.4,0,28.4,23.2,995.9,1011.6,,,26.5
2016-07-25 04:00:00,0,43,27,0.003,0.400,0.004,0.009,25.2,,90,0,0,28.8,23.4,995.6,1011.3,,,26.5
2016-07-25 05:00:00,0,34,24,0.003,0.400,0.005,0.008,25.2,,90,.4,0,28.8,23.4,995.6,1011.3,,,26.6
2016-07-25 06:00:00,0,34,18,0.002,0.300,0.003,0.007,25.2,,89,.4,0,28.4,23.2,995.9,1011.6,0,,26.7
2016-07-25 07:00:00,0.732,39,18,0.002,0.300,0.005,0.006,26,,87,.1,0,29.1,23.6,996,1011.6,0,,27.4
2016-07-25 08:00:00,2.904,39,20,0.002,0.300,0.009,0.006,26.4,,84,.7,230,28.8,23.4,996.2,1011.8,0,,29.3
2016-07-25 09:00:00,5.78,54,23,0.003,0.300,0.015,0.006,28.9,,74,.8,160,29.3,23.7,995.9,1011.3,.7,,33.4
2016-07-25 10:00:00,10.74,40,18,0.003,0.300,0.024,0.006,30.1,,64,1.1,20,27.2,22.5,995.8,1011.2,1,,39.1
2016-07-25 11:00:00,17.64,46,25,0.003,0.300,0.034,0.006,31.7,,56,.9,70,26.1,21.8,995.6,1010.9,1,,44.6
2016-07-25 12:00:00,17.588,34,13,0.008,0.300,0.047,0.011,31.5,,55,1.5,290,25.3,21.3,995.3,1010.6,.8,,45.3
2016-07-25 13:00:00,17.872,53,18,0.006,0.400,0.043,0.008,30.5,1,68,2.5,180,29.7,23.9,994.6,1010,.3,,41.5
2016-07-25 14:00:00,21.828,43,22,0.002,0.300,0.041,0.004,29.2,,69,2.4,90,27.9,22.9,994.1,1009.5,.7,,37
2016-07-25 15:00:00,20.872,39,17,0.002,0.200,0.039,0.003,29.1,,72,2.3,110,28.9,23.5,994.2,1009.6,0,,34
2016-07-25 16:00:00,7.136,37,16,0.002,0.200,0.036,0.004,29.1,,74,1.3,20,29.7,23.9,994.3,1009.7,.2,,33.5
2016-07-25 17:00:00,6.896,37,15,0.005,0.200,0.029,0.009,29,,75,2.5,50,30,24.1,994.6,1010,0,,32.3
2016-07-25 18:00:00,9.404,49,16,0.006,0.300,0.024,0.010,29.2,0,72,1.8,90,29.1,23.6,994.2,1009.6,.3,,32.6
2016-07-25 19:00:00,1.552,35,14,0.008,0.300,0.021,0.013,28,,75,2.2,50,28.3,23.1,993.9,1009.3,.6,,30.6
2016-07-25 20:00:00,0.248,40,23,0.006,0.300,0.022,0.011,27.1,,79,1.8,50,28.3,23.1,994,1009.5,0,,28.6
2016-07-25 21:00:00,0,45,14,0.007,0.300,0.021,0.013,27,,80,1.6,20,28.4,23.2,994.7,1010.2,,,28.1
2016-07-25 22:00:00,0,41,25,0.007,0.300,0.017,0.013,26,,86,.4,0,28.8,23.4,994.8,1010.4,,,27.1
2016-07-25 23:00:00,0,33,15,0.008,0.400,0.014,0.014,25.7,,87,.7,110,28.6,23.3,994.8,1010.4,,,26.6
2016-07-26 00:00:00,0,43,22,0.008,0.400,0.013,0.016,25.3,,90,.3,0,28.9,23.5,994.9,1010.6,,,26.2
2016-07-26 01:00:00,0,41,22,0.006,0.300,0.014,0.013,25.3,,90,.2,0,28.9,23.5,994.6,1010.2,,,26.4
2016-07-26 02:00:00,0,43,23,0.005,0.300,0.017,0.009,25.2,,90,.4,0,28.8,23.4,994.1,1009.7,,,26.1
2016-07-26 03:00:00,0,37,20,0.003,0.300,0.015,0.007,25.2,,90,.5,160,28.8,23.4,994.1,1009.7,,,26.2
2016-07-26 04:00:00,0,32,21,0.003,0.300,0.010,0.007,25.2,,90,.5,90,28.8,23.4,994.2,1009.9,,,26.2
2016-07-26 05:00:00,0,35,21,0.002,0.300,0.008,0.006,25.2,,90,.3,0,28.8,23.4,994.4,1010.1,,,26.3
2016-07-26 06:00:00,0,26,18,0.002,0.300,0.006,0.007,25.1,,90,.6,360,28.6,23.3,994.5,1010.2,0,,26.2
2016-07-26 07:00:00,0.876,30,15,0.002,0.300,0.006,0.006,25.4,,88,.9,320,28.4,23.2,994.3,1009.9,0,,26.9
2016-07-26 08:00:00,3.096,34,17,0.002,0.300,0.008,0.005,26.6,,84,.5,230,29.1,23.6,993.9,1009.4,0,,28.8
2016-07-26 09:00:00,7.064,29,13,0.002,0.300,0.014,0.005,28.3,,77,.8,180,29.5,23.8,993.5,1008.9,.9,,31.8
2016-07-26 10:00:00,13.512,43,21,0.002,0.300,0.023,0.004,29.8,,67,1.8,90,28.1,23,993.2,1008.6,1,,38.4
2016-07-26 11:00:00,15.8,44,12,0.003,0.300,0.029,0.005,30.5,,64,2.2,50,27.9,22.9,992.6,1007.9,1,,42.7
2016-07-26 12:00:00,21.032,36,10,0.012,0.300,0.039,0.013,31.4,,60,1,160,27.4,22.6,992.3,1007.6,.5,,42.1
2016-07-26 13:00:00,23.02,51,15,0.013,0.500,0.038,0.011,31.6,,57,1.9,230,26.4,22,991.8,1007.1,.9,,47.5
2016-07-26 14:00:00,24.848,46,17,0.002,0.300,0.030,0.003,33.1,,54,1.7,90,27.2,22.5,991.2,1006.4,.9,,48.1
2016-07-26 15:00:00,26.948,40,15,0.003,0.200,0.033,0.005,32.9,,52,2.3,250,26,21.7,990.7,1005.9,1,,50.7
2016-07-26 16:00:00,25.06,34,14,0.006,0.300,0.033,0.008,32.2,,57,1.3,70,27.2,22.5,990.3,1005.5,.8,,45.5
2016-07-26 17:00:00,21.572,43,13,0.007,0.300,0.037,0.010,32,,60,2,90,28.4,23.2,990.2,1005.4,.8,,42.7
2016-07-26 18:00:00,9.72,40,12,0.002,0.300,0.033,0.005,30.7,,66,2,70,29.1,23.6,990.5,1005.8,.6,,38.2
2016-07-26 19:00:00,4.088,24,8,0.007,0.300,0.027,0.010,29.8,,69,1.8,70,28.8,23.4,990.9,1006.3,.7,,34.9
2016-07-26 20:00:00,0.136,37,5,0.010,0.400,0.019,0.016,28.9,,74,2.2,70,29.3,23.7,991,1006.3,0,,32.5
2016-07-26 21:00:00,0,31,16,0.009,0.400,0.016,0.016,28,,78,2,50,29.3,23.7,991.2,1006.6,,,31.2
2016-07-26 22:00:00,0,30,19,0.008,0.300,0.014,0.015,27,,82,2.2,50,29.1,23.6,991.5,1007,,,29.8
2016-07-26 23:00:00,0,34,9,0.006,0.300,0.014,0.013,26.4,,85,1.6,50,29.1,23.6,991.5,1007,,,28.6
2016-07-27 00:00:00,0,35,11,0.004,0.300,0.014,0.010,26,,87,.3,0,29.1,23.6,991.7,1007.3,,,28
2016-07-27 01:00:00,0,35,12,0.003,0.300,0.013,0.008,25.7,,88,.4,0,28.9,23.5,991.8,1007.4,,,27.7
2016-07-27 02:00:00,0,28,9,0.002,0.300,0.011,0.006,25.3,,89,.6,230,28.6,23.3,991.3,1006.9,,,27.3
2016-07-27 03:00:00,0,21,11,0.002,0.300,0.009,0.005,24.9,,89,.9,200,27.9,22.9,991.1,1006.7,,,26.3
2016-07-27 04:00:00,0,30,10,0.002,0.300,0.009,0.005,25.1,,89,.5,90,28.3,23.1,991.1,1006.7,,,26.5
2016-07-27 05:00:00,0,24,13,0.002,0.300,0.008,0.004,24.6,,90,.3,0,27.7,22.8,991.2,1006.7,,,26.3
2016-07-27 06:00:00,0,23,18,0.002,0.300,0.009,0.004,24.4,,88,1.1,270,26.8,22.2,991.4,1006.9,0,,26.6
2016-07-27 07:00:00,0.448,24,12,0.002,0.300,0.009,0.004,25.1,,88,.4,0,27.9,22.9,991.5,1007.1,0,,27.5
2016-07-27 08:00:00,2.22,28,12,0.002,0.300,0.010,0.004,26.6,,79,.7,200,27.4,22.6,991.5,1007,.4,,30.6
2016-07-27 09:00:00,6.488,38,12,0.002,0.300,0.016,0.004,29,,68,.7,70,27.1,22.4,991.2,1006.5,1,,35.5
2016-07-27 10:00:00,11.136,39,10,0.002,0.200,0.023,0.003,29.9,,58,1.3,90,24.4,20.7,991,1006.3,1,,41.3
2016-07-27 11:00:00,14.484,23,10,0.002,0.200,0.027,0.003,31.3,,56,1.4,70,25.5,21.4,990.5,1005.8,.8,,44.6
2016-07-27 12:00:00,22.288,37,10,0.002,0.200,0.030,0.003,32.3,,45,.8,70,21.7,18.8,989.9,1005.1,.9,,47.3
2016-07-27 13:00:00,25.396,31,8,0.002,0.200,0.031,0.003,32,,51,1.8,50,24.1,20.5,989.3,1004.5,.6,,44
2016-07-27 14:00:00,18.112,30,7,0.002,0.200,0.031,0.003,32.9,,48,1.2,20,24,20.4,989.2,1004.4,.5,,45.2
2016-07-27 15:00:00,26.868,37,8,0.002,0.200,0.031,0.003,33.1,,52,2.3,50,26.3,21.9,988.8,1003.9,.9,,49.5
2016-07-27 16:00:00,25.828,43,11,0.002,0.200,0.031,0.003,31.8,,58,1.7,20,27.2,22.5,988.8,1004,.8,,44.2
2016-07-27 17:00:00,7.412,26,11,0.002,0.200,0.026,0.004,30.9,,59,2.1,90,26.3,21.9,988.6,1003.9,.3,,40.2
2016-07-27 18:00:00,2.356,24,8,0.002,0.200,0.024,0.006,30,,64,2.3,70,27.1,22.4,989,1004.3,0,,36.7
2016-07-27 19:00:00,2.244,27,11,0.002,0.200,0.024,0.006,29,,67,1.4,90,26.8,22.2,989.1,1004.4,0,,34.3
2016-07-27 20:00:00,0.296,27,16,0.004,0.200,0.023,0.007,28.2,,70,1.7,50,26.8,22.2,989.6,1005,0,,32
2016-07-27 21:00:00,0,31,20,0.008,0.300,0.014,0.016,27.6,,74,2,70,27.2,22.5,990.2,1005.6,,,30.4
2016-07-27 22:00:00,0,32,19,0.003,0.300,0.020,0.006,27.3,,74,1.7,160,26.8,22.2,990.8,1006.2,,,29.3
2016-07-27 23:00:00,0,27,16,0.004,0.300,0.016,0.009,27,,75,.8,320,26.6,22.1,991,1006.5,,,28.6
2016-07-28 00:00:00,0,30,17,0.004,0.300,0.014,0.008,26.3,,79,.8,90,26.9,22.3,991.1,1006.6,,,28
2016-07-28 01:00:00,0,37,16,0.002,0.300,0.014,0.004,25.7,.1,83,.5,70,27.2,22.5,990.8,1006.4,,,27.8
2016-07-28 02:00:00,0,25,11,0.002,0.300,0.013,0.004,24.6,.4,90,.4,0,27.7,22.8,990.5,1006,,,26.9
2016-07-28 03:00:00,0,22,12,0.002,0.200,0.011,0.004,24.5,0,91,.5,230,27.9,22.9,990.3,1005.8,,,26.4
2016-07-28 04:00:00,0,26,12,0.002,0.200,0.011,0.004,24.6,,89,1.2,320,27.4,22.6,990.8,1006.3,,,26.1
2016-07-28 05:00:00,0,23,11,0.002,0.200,0.011,0.004,24.1,,91,1.2,230,27.2,22.5,990.8,1006.3,,,25.7
2016-07-28 06:00:00,0,27,14,0.002,0.200,0.008,0.004,24.1,,92,.7,230,27.6,22.7,990.9,1006.4,0,,25.6
2016-07-28 07:00:00,0.532,25,12,0.002,0.200,0.008,0.005,24.9,,88,.7,20,27.6,22.7,991.1,1006.7,.1,,26.8
2016-07-28 08:00:00,2.9,35,11,0.003,0.200,0.014,0.005,26.7,,84,1.3,290,29.3,23.7,991.5,1007,.8,,30.3
2016-07-28 09:00:00,6.28,37,20,0.002,0.200,0.024,0.004,27.7,,75,.7,270,27.7,22.8,991,1006.4,.6,,33.3
2016-07-28 10:00:00,7.884,38,12,0.002,0.200,0.025,0.004,30.9,,68,1.1,160,30.2,24.2,991.1,1006.4,1,,39.3
2016-07-28 11:00:00,9.764,44,19,0.002,0.200,0.032,0.004,32,,61,1.6,20,28.9,23.5,991,1006.2,.9,,42.4
2016-07-28 12:00:00,20,52,17,0.002,0.200,0.042,0.004,32.8,,54,.9,70,26.8,22.2,990.5,1005.7,.7,,44.2
2016-07-28 13:00:00,22.584,61,25,0.002,0.300,0.051,0.003,32.6,,49,1.3,200,24,20.4,990.4,1005.6,.7,,43.6
2016-07-28 14:00:00,17.208,58,30,0.002,0.300,0.054,0.004,33.2,,46,1.5,90,23.4,20,990,1005.2,.7,,45
2016-07-28 15:00:00,18.728,54,35,0.003,0.300,0.048,0.007,32.7,,48,2.1,50,23.7,20.2,990,1005.2,.4,,42.4
2016-07-28 16:00:00,16.2,67,36,0.004,0.300,0.045,0.008,33.6,,45,3.5,320,23.4,20,990.1,1005.2,.9,,45.2
2016-07-28 17:00:00,16.76,61,26,0.006,0.400,0.049,0.009,32.6,,51,1.8,20,25,21.1,990.4,1005.6,.9,,42.8
2016-07-28 18:00:00,7.604,62,31,0.003,0.300,0.046,0.006,30.7,,68,2,50,30,24.1,990.3,1005.6,1,,38.9
2016-07-28 19:00:00,2.144,71,34,0.004,0.300,0.047,0.007,29.7,,74,1.4,50,30.7,24.5,990.9,1006.3,.7,,34.7
2016-07-28 20:00:00,0.028,65,37,0.006,0.300,0.039,0.011,27.6,,70,.7,360,25.8,21.6,991.8,1007.2,0,,31.7
2016-07-28 21:00:00,0,62,33,0.005,0.300,0.031,0.011,26.6,,75,.6,340,26,21.7,992.5,1008,,,29.8
2016-07-28 22:00:00,0,67,31,0.009,0.300,0.020,0.018,26.4,,84,.5,20,28.8,23.4,992.9,1008.4,,,28.7
2016-07-28 23:00:00,0,61,27,0.011,0.400,0.019,0.017,25.2,,86,.2,0,27.4,22.6,993.3,1008.9,,,27.7
2016-07-29 00:00:00,0,67,30,0.008,0.500,0.018,0.015,24.7,,86,.9,360,26.6,22.1,993.5,1009.2,,,26.9
2016-07-29 01:00:00,0,67,34,0.005,0.400,0.021,0.008,24.5,,87,.4,0,26.6,22.1,993.1,1008.6,,,26.2
2016-07-29 02:00:00,0,57,46,0.003,0.400,0.023,0.005,24.2,,87,.5,320,26.1,21.8,993.2,1008.8,,,26.2
2016-07-29 03:00:00,0,68,39,0.002,0.400,0.020,0.005,24.1,,87,.9,250,26,21.7,993.4,1009,,,26.3
2016-07-29 04:00:00,0,62,40,0.002,0.400,0.021,0.004,24.3,,82,.4,0,24.9,21,993.5,1009.1,,,26.4
2016-07-29 05:00:00,0,66,43,0.002,0.400,0.019,0.004,24.2,,80,.5,320,24.1,20.5,993.6,1009.2,,,26.2
2016-07-29 06:00:00,0,58,43,0.002,0.400,0.015,0.005,24.1,,82,.9,340,24.6,20.8,993.9,1009.5,0,,26.3
2016-07-29 07:00:00,0.74,57,40,0.002,0.400,0.011,0.006,24.4,,82,.7,320,25,21.1,994.2,1009.8,0,,26.9
2016-07-29 08:00:00,2.92,64,39,0.002,0.400,0.015,0.006,25.6,,77,.7,340,25.2,21.2,994.4,1010,.1,,29.5
2016-07-29 09:00:00,6.58,64,47,0.003,0.400,0.024,0.006,28,,72,.6,20,27.1,22.4,994.4,1009.9,1,,34.7
2016-07-29 10:00:00,11.704,71,44,0.003,0.400,0.030,0.006,30.6,,65,.9,320,28.4,23.2,994.4,1009.8,1,,40.6
2016-07-29 11:00:00,16.416,65,39,0.003,0.300,0.035,0.005,31.6,,59,1.5,140,27.4,22.6,994.5,1009.8,1,,45.1
2016-07-29 12:00:00,22.084,47,19,0.003,0.300,0.042,0.005,33,,59,1.4,90,29.7,23.9,994.2,1009.4,1,,49.2
2016-07-29 13:00:00,25.428,48,24,0.003,0.200,0.045,0.004,32,,58,2.6,70,27.4,22.6,993.5,1008.8,1,,50.7
2016-07-29 14:00:00,19.184,46,21,0.002,0.200,0.043,0.004,32.2,,58,2.3,90,27.7,22.8,993.8,1009.1,.6,,48.7
2016-07-29 15:00:00,17.568,45,19,0.005,0.200,0.040,0.006,33,,58,2.4,70,29.1,23.6,993.1,1008.3,.9,,50.2
2016-07-29 16:00:00,13.372,45,16,0.014,0.500,0.038,0.014,32,,59,2.6,50,27.9,22.9,992.9,1008.2,1,,47
2016-07-29 17:00:00,16.068,62,25,0.020,0.800,0.027,0.021,31.7,,62,2.9,50,28.9,23.5,992.9,1008.2,.8,,42.7
2016-07-29 18:00:00,11.516,69,22,0.017,0.800,0.021,0.018,30.8,,66,2.7,50,29.3,23.7,992.9,1008.2,.5,,38.1
2016-07-29 19:00:00,3.444,53,21,0.011,0.700,0.017,0.017,29.7,,72,2.9,70,30,24.1,993.1,1008.5,.2,,35.2
2016-07-29 20:00:00,0.092,44,21,0.011,0.500,0.012,0.020,28.5,,77,2.6,50,29.8,24,993.4,1008.8,0,,32.6
2016-07-29 21:00:00,0,39,18,0.008,0.400,0.015,0.015,27.8,,80,2.3,50,29.8,24,994.1,1009.6,,,30.9
2016-07-29 22:00:00,0,38,20,0.003,0.400,0.022,0.006,27.2,,83,.7,360,29.8,24,994.6,1010.1,,,29.8
2016-07-29 23:00:00,0,34,16,0.003,0.300,0.021,0.006,26.8,,86,.5,50,30.2,24.2,994.8,1010.3,,,28.9
2016-07-30 00:00:00,0,40,20,0.003,0.300,0.017,0.006,26.3,,88,.1,0,30,24.1,995.2,1010.8,,,28.5
2016-07-30 01:00:00,0,30,17,0.002,0.300,0.015,0.005,25.9,,89,0,0,29.7,23.9,995.2,1010.8,,,27.7
2016-07-30 02:00:00,0,35,20,0.002,0.300,0.012,0.005,25.5,,90,.6,20,29.3,23.7,994.8,1010.4,,,27.1
2016-07-30 03:00:00,0,41,14,0.002,0.300,0.011,0.005,25.5,,91,.5,50,29.7,23.9,995,1010.6,,,27.1
2016-07-30 04:00:00,0,32,21,0.002,0.300,0.008,0.005,25.5,,89,.6,360,28.9,23.5,995.4,1011,,,27.2
2016-07-30 05:00:00,0,36,19,0.002,0.300,0.008,0.004,25.2,,90,.5,340,28.8,23.4,995.6,1011.3,,,26.7
2016-07-30 06:00:00,0,29,25,0.002,0.300,0.006,0.005,25.2,,91,.6,270,29.1,23.6,996,1011.7,0,,27
2016-07-30 07:00:00,0.44,33,15,0.002,0.300,0.006,0.005,25.6,,88,.6,340,28.8,23.4,996.2,1011.9,0,,27.9
2016-07-30 08:00:00,2.008,41,17,0.002,0.300,0.010,0.004,27.2,,83,1,290,29.8,24,996.6,1012.1,.4,,31.3
2016-07-30 09:00:00,5.468,34,25,0.002,0.300,0.015,0.004,29.7,,71,.7,270,29.5,23.8,996.8,1012.2,1,,36.3
2016-07-30 10:00:00,12.228,41,22,0.002,0.300,0.022,0.005,30,,62,1.7,320,26.3,21.9,996.9,1012.3,1,,41.5
2016-07-30 11:00:00,19.032,44,20,0.002,0.300,0.030,0.003,31.6,,56,1.7,360,26,21.7,996.7,1012,1,,46
2016-07-30 12:00:00,23.9,34,20,0.002,0.200,0.034,0.004,33.1,,56,1.5,270,28.3,23.1,996.4,1011.7,.9,,49.3
2016-07-30 13:00:00,23.976,46,18,0.003,0.200,0.044,0.004,33.4,,49,1.6,70,25.2,21.2,995.5,1010.7,.8,,51.7
2016-07-30 14:00:00,23.056,44,22,0.008,0.300,0.063,0.007,33.7,,49,1.9,160,25.5,21.4,995,1010.2,.6,,51.6
2016-07-30 15:00:00,24.104,61,31,0.022,0.800,0.062,0.022,33.7,,51,1.5,140,26.6,22.1,994.6,1009.8,.9,,50.2
2016-07-30 16:00:00,21.88,78,34,0.017,1.100,0.074,0.016,34.1,,51,2.5,250,27.2,22.5,994.1,1009.3,1,,49.4
2016-07-30 17:00:00,8.404,64,26,0.007,0.800,0.060,0.010,32.8,,56,1.8,110,27.7,22.8,993.7,1008.9,1,,45.3
2016-07-30 18:00:00,9.5,53,21,0.011,0.500,0.037,0.013,32.1,,60,2,110,28.6,23.3,993.4,1008.7,.5,,39.7
2016-07-30 19:00:00,2.972,41,21,0.008,0.600,0.025,0.014,30.8,,65,1.2,180,28.8,23.4,993.7,1009,.7,,36.1
2016-07-30 20:00:00,0.096,41,23,0.009,0.400,0.018,0.016,29.5,,73,1.3,270,30,24.1,994,1009.3,0,,33.2
2016-07-30 21:00:00,0,35,10,0.011,0.400,0.014,0.018,28.6,,77,.7,270,30,24.1,994.9,1010.3,,,31.7
2016-07-30 22:00:00,0,41,22,0.010,0.400,0.011,0.019,27.7,,80,1.4,70,29.7,23.9,995.7,1011.2,,,30.5
2016-07-30 23:00:00,0,41,25,0.007,0.400,0.011,0.016,27.1,,83,1,200,29.7,23.9,996,1011.5,,,29.7
2016-07-31 00:00:00,0,36,14,0.005,0.400,0.011,0.012,26.2,0,76,3,160,25.8,21.6,996.7,1012.3,,,29
2016-07-31 01:00:00,0,38,16,0.004,0.300,0.015,0.009,25.1,0,85,.6,50,26.9,22.3,996.6,1012.3,,,27.4
2016-07-31 02:00:00,0,37,24,0.003,0.300,0.029,0.005,24.4,,88,1.2,230,26.8,22.2,996.6,1012.2,,,27
2016-07-31 03:00:00,0,29,20,0.002,0.300,0.034,0.003,24.7,,85,1.3,50,26.4,22,996.2,1011.9,,,26.5
2016-07-31 04:00:00,0,34,19,0.002,0.300,0.029,0.003,23.9,,89,.2,0,26.3,21.9,996,1011.6,,,25.7
2016-07-31 05:00:00,0,18,13,0.002,0.300,0.025,0.003,23.8,,90,.9,90,26.4,22,996.2,1011.9,,,25.3
2016-07-31 06:00:00,0,24,11,0.002,0.300,0.022,0.003,23.6,,91,.7,250,26.4,22,996.6,1012.3,0,,25.1
2016-07-31 07:00:00,0.436,29,15,0.002,0.300,0.019,0.004,24.4,,88,.6,270,26.8,22.2,996.8,1012.4,0,,26.3
2016-07-31 08:00:00,2.056,29,13,0.002,0.300,0.020,0.004,26,,79,1.2,340,26.4,22,996.9,1012.5,1,,30.1
2016-07-31 09:00:00,5.484,30,15,0.002,0.300,0.024,0.003,27.9,,72,1.2,320,26.9,22.3,996.8,1012.3,1,,35.5
2016-07-31 10:00:00,11.992,34,16,0.002,0.300,0.030,0.004,29.6,,64,1,160,26.4,22,996.3,1011.7,1,,41.4
2016-07-31 11:00:00,18.228,37,22,0.002,0.300,0.036,0.003,31.3,,54,1.5,360,24.6,20.8,996.1,1011.4,1,,47.2
2016-07-31 12:00:00,23.712,34,20,0.003,0.300,0.045,0.002,32.9,,51,1.7,230,25.5,21.4,995.5,1010.8,1,,51.3
2016-07-31 13:00:00,26.912,46,18,0.003,0.300,0.048,0.003,34.8,,50,1.9,250,27.7,22.8,994.8,1010,1,,54.8
2016-07-31 14:00:00,24.348,47,18,0.003,0.300,0.049,0.003,34.5,,47,1.9,70,25.6,21.5,994.2,1009.3,1,,54.3
2016-07-31 15:00:00,19.796,40,21,0.007,0.300,0.059,0.010,32.6,,54,1.7,320,26.4,22,994.1,1009.3,.7,,48.5
2016-07-31 16:00:00,0.92,39,15,0.002,0.300,0.045,0.005,29.6,,60,3.2,340,24.9,21,994.4,1009.7,.1,,43.2
2016-07-31 17:00:00,3.92,32,9,0.002,0.300,0.040,0.007,27.9,,68,1.9,290,25.5,21.4,994.5,1010,.8,,42.4
2016-07-31 18:00:00,13.772,28,6,0.002,0.300,0.040,0.006,27.5,0,74,2.2,20,27.1,22.4,994.5,1010,0,,37.2
2016-07-31 19:00:00,4.228,21,8,0.002,0.300,0.037,0.005,26.7,,78,.7,360,27.2,22.5,994.6,1010.1,0,,34.3
2016-07-31 20:00:00,0.052,23,11,0.002,0.300,0.026,0.007,26.2,,80,1.5,340,27.1,22.4,995.3,1010.9,0,,31.6
2016-07-31 21:00:00,0,25,10,0.002,0.300,0.018,0.009,25.4,,84,1.4,340,27.1,22.4,996.1,1011.8,,,29.9
2016-07-31 22:00:00,0,23,10,0.002,0.300,0.014,0.007,24.8,,87,.9,340,27.1,22.4,996.1,1011.8,,,28.7
2016-07-31 23:00:00,0,27,11,0.002,0.300,0.015,0.006,24.3,,89,.9,270,26.9,22.3,996.4,1012,,,27.7
2016-08-01 00:00:00,0,34,12,0.002,0.300,0.014,0.005,23.8,,90,1.1,340,26.4,22,996.2,1011.9,,,26.9
2016-08-01 01:00:00,0,25,10,0.002,0.300,0.013,0.004,23.6,,92,1.4,250,26.8,22.2,995.9,1011.6,,,26.6
2016-08-01 02:00:00,0,25,14,0.002,0.300,0.011,0.004,23.7,,92,1,270,26.9,22.3,995.4,1011,,,27
2016-08-01 03:00:00,0,38,13,0.002,0.300,0.010,0.004,23.3,,91,1.1,340,26,21.7,995.3,1011,,,26.7
2016-08-01 04:00:00,0,30,14,0.002,0.300,0.009,0.004,23.1,,92,1.7,340,26,21.7,995.3,1011,,,26.6
2016-08-01 05:00:00,0,34,12,0.002,0.300,0.008,0.004,22.9,,94,1.1,360,26.1,21.8,995.4,1011.1,,,26.5
2016-08-01 06:00:00,0,32,12,0.002,0.300,0.008,0.004,23,,94,1.1,20,26.3,21.9,995.5,1011.2,0,,26.4
2016-08-01 07:00:00,0.596,33,20,0.002,0.300,0.009,0.004,23.1,,94,1,360,26.4,22,995.8,1011.5,0,,26.7
2016-08-01 08:00:00,2.692,41,18,0.002,0.300,0.011,0.005,23.9,,88,.8,290,26,21.7,996,1011.6,0,,28.6
2016-08-01 09:00:00,5.916,27,17,0.002,0.300,0.019,0.005,25.3,,80,1.4,290,25.6,21.5,996,1011.7,.5,,35.1
2016-08-01 10:00:00,12.04,40,19,0.002,0.300,0.030,0.004,27.9,,75,1.5,360,28.1,23,995.6,1011.1,1,,41.8
2016-08-01 11:00:00,18.608,37,17,0.008,0.300,0.042,0.009,31.3,,60,.9,70,27.2,22.5,994.9,1010.2,1,,47.2
2016-08-01 12:00:00,23.788,40,18,0.010,0.500,0.062,0.007,33,,48,.9,270,24.1,20.5,994.3,1009.5,1,,51.8
2016-08-01 13:00:00,25.048,49,25,0.008,0.600,0.069,0.005,33.6,,47,1.5,20,24.4,20.7,993.6,1008.8,.9,,53.1
2016-08-01 14:00:00,12.676,42,23,0.021,0.700,0.089,0.017,31.8,,57,2.5,50,26.8,22.2,993.3,1008.6,.5,,48.1
2016-08-01 15:00:00,4.564,72,49,0.027,1.100,0.069,0.021,29,1.5,74,2.4,90,29.5,23.8,993.3,1008.7,.6,,41.5
2016-08-01 16:00:00,4.144,86,45,0.003,0.700,0.047,0.009,31.9,,62,1,140,29.3,23.7,992.6,1007.9,1,,39.8
2016-08-01 17:00:00,5.14,35,16,0.003,0.600,0.041,0.011,29.8,0,68,1.5,110,28.4,23.2,992.8,1008.2,.2,,34.5
2016-08-01 18:00:00,6.48,37,24,0.003,0.600,0.042,0.008,24.7,13.5,91,1.5,110,28.3,23.1,994.6,1010.3,0,,28.9
2016-08-01 19:00:00,2.812,45,23,0.004,0.600,0.041,0.011,24.5,2,92,1.6,110,28.3,23.1,993.7,1009.3,0,,28.7
2016-08-01 20:00:00,0.168,51,26,0.004,0.600,0.040,0.015,24.1,0,92,.9,50,27.6,22.7,994.1,1009.7,0,,27.4
2016-08-01 21:00:00,0,56,32,0.004,0.700,0.031,0.015,23.8,,92,.4,0,27.1,22.4,994.3,1009.9,,,27.2
2016-08-01 22:00:00,0,56,40,0.003,0.700,0.021,0.011,23.5,,93,.6,340,26.8,22.2,994.6,1010.3,,,26.7
2016-08-01 23:00:00,0,49,29,0.003,0.600,0.018,0.008,23.4,,92,.8,270,26.4,22,994.7,1010.4,,,26.4
2016-08-02 00:00:00,0,41,21,0.003,0.600,0.016,0.008,23.1,,92,.7,230,26,21.7,994.7,1010.4,,,25.9
2016-08-02 01:00:00,0,48,22,0.003,0.600,0.013,0.006,23.3,,93,.5,290,26.4,22,994.4,1010.1,,,25.9
2016-08-02 02:00:00,0,49,15,0.002,0.600,0.010,0.005,23.3,,93,1,270,26.4,22,994.1,1009.8,,,25.7
2016-08-02 03:00:00,0,,,,,,,23.3,,93,.9,250,26.4,22,994.1,1009.8,,,25.6
2016-08-02 04:00:00,0,,,,,,,23.2,,93,.6,360,26.3,21.9,993.6,1009.3,,,25.5
2016-08-02 05:00:00,0,,,,,,,23.2,,93,.4,0,26.3,21.9,993.5,1009.2,,,25.4
2016-08-02 06:00:00,0,,,,,,,23.3,,93,.6,340,26.4,22,993.9,1009.6,0,,25.4
2016-08-02 07:00:00,0.284,,,,,,,23.4,,92,1.5,270,26.4,22,994.2,1009.9,0,,25.9
2016-08-02 08:00:00,3.476,,,,,,,24.1,,91,1,20,27.2,22.5,994.4,1010,0,,26.8
2016-08-02 09:00:00,8.368,,,,,,,25.6,,84,1,320,27.4,22.6,994.3,1009.9,0,,29.6
2016-08-02 10:00:00,8.996,,,,,,,28.4,,71,.8,70,27.4,22.6,994,1009.4,.8,,34.9
2016-08-02 11:00:00,13.08,,,,,,,29.5,,68,.8,250,27.9,22.9,993.9,1009.2,.4,,34.5
2016-08-02 12:00:00,17.796,,,,,,,30.1,,68,1.1,140,28.9,23.5,993.2,1008.6,.2,,35.1
2016-08-02 13:00:00,14.724,,,,,,,31.2,,60,.9,140,27.2,22.5,992.9,1008.2,0,,35.5
2016-08-02 14:00:00,19.62,,,,,,,29.7,,66,1.1,90,27.4,22.6,992.4,1007.8,0,,33.8
2016-08-02 15:00:00,11.324,,26,0.016,1.000,0.072,0.020,29.1,,67,1.8,250,26.9,22.3,991.8,1007.1,0,,33.2
2016-08-02 16:00:00,12.224,,46,0.025,1.400,0.063,0.026,31.3,,56,1,360,25.5,21.4,991.6,1006.9,.8,,36
2016-08-02 17:00:00,5.968,,49,0.002,0.300,0.037,0.007,27.3,,73,2,70,26.4,22,991.7,1007.2,.1,,31.8
2016-08-02 18:00:00,2.052,,14,0.002,0.300,0.038,0.008,25.4,.3,81,2.4,180,26.1,21.8,992.5,1008.1,0,,29.1
2016-08-02 19:00:00,0,,22,0.002,0.300,0.039,0.007,23.7,.7,87,1.5,250,25.5,21.4,993.3,1008.9,0,,27.7
2016-08-02 20:00:00,0,,19,0.002,0.300,0.035,0.008,23.1,0,89,2.2,340,25,21.1,994,1009.7,0,,26.5
2016-08-02 21:00:00,0,,24,0.002,0.300,0.034,0.007,22.9,0,90,1.4,20,25,21.1,994.3,1010,,,25.9
2016-08-02 22:00:00,0,,12,0.002,0.300,0.033,0.005,22.9,.5,89,1.5,320,24.7,20.9,994.7,1010.4,,,25.5
2016-08-02 23:00:00,0,,11,0.002,0.300,0.031,0.004,22.5,0,91,.7,200,24.7,20.9,994.4,1010.1,,,25.2
2016-08-03 00:00:00,0,,16,0.002,0.300,0.028,0.004,22.5,0,92,.4,0,25,21.1,994.4,1010.1,,,24.9
2016-08-03 01:00:00,0,,16,0.002,0.300,0.026,0.003,22.6,,91,.7,340,24.9,21,994.3,1010,,,24.7
2016-08-03 02:00:00,0,,17,0.002,0.300,0.024,0.003,22.6,,91,.7,270,24.9,21,994.1,1009.8,,,24.5
2016-08-03 03:00:00,0,,12,0.002,0.200,0.022,0.003,22.5,,91,1.1,360,24.7,20.9,993.8,1009.5,,,24.5
2016-08-03 04:00:00,0,,8,0.002,0.200,0.019,0.003,22.4,,91,.9,340,24.6,20.8,993.8,1009.5,,,24.4
2016-08-03 05:00:00,0,,8,0.002,0.200,0.016,0.003,22.4,,91,.2,0,24.6,20.8,993.7,1009.4,,,24.3
2016-08-03 06:00:00,0,,8,0.002,0.200,0.014,0.003,22.4,,90,1,340,24.3,20.6,994.1,1009.8,0,,24.3
2016-08-03 07:00:00,0.972,,12,0.002,0.200,0.013,0.004,23.1,,88,.4,0,24.7,20.9,994.3,1010,0,,24.9
2016-08-03 08:00:00,4.024,,9,0.002,0.300,0.015,0.004,23.4,,86,1.5,340,24.7,20.9,994.7,1010.4,.1,,26.6
2016-08-03 09:00:00,7.232,,11,0.002,0.300,0.018,0.005,24.8,,80,1.3,360,25,21.1,994.8,1010.5,0,,28.7
2016-08-03 10:00:00,10.66,,16,0.002,0.300,0.021,0.006,25.9,,79,1,250,26.3,21.9,994.8,1010.4,0,,30.6
2016-08-03 11:00:00,17.288,52,12,0.002,0.300,0.035,0.004,26.5,,74,1.2,50,25.5,21.4,994.1,1009.7,.1,,32.9
2016-08-03 12:00:00,22.26,40,12,0.002,0.300,0.043,0.004,28.1,,65,.9,200,24.6,20.8,994,1009.4,.8,,35.6
2016-08-03 13:00:00,13.404,40,22,0.002,0.200,0.045,0.004,29.5,,63,1.4,90,26,21.7,993.4,1008.7,1,,37.3
2016-08-03 14:00:00,11.588,37,23,0.006,0.300,0.047,0.010,30.2,,60,1.7,360,25.6,21.5,993,1008.4,.7,,38.2
2016-08-03 15:00:00,12.256,42,18,0.008,0.300,0.047,0.010,29.8,,60,2.1,90,25,21.1,992.9,1008.3,.7,,35.9
2016-08-03 16:00:00,15.54,49,16,0.004,0.300,0.042,0.008,30,,59,1.2,70,25,21.1,992.8,1008.2,.1,,34.3
2016-08-03 17:00:00,18.1,32,17,0.017,0.600,0.040,0.019,29.7,,61,.7,70,25.3,21.3,992.7,1008.1,.3,,32.7
2016-08-03 18:00:00,4.576,54,23,0.006,0.300,0.052,0.010,28.9,,66,.8,70,26.3,21.9,992.5,1007.9,0,,31.1
2016-08-03 19:00:00,0.54,46,28,0.005,0.300,0.052,0.009,27.9,,75,1.2,50,28.1,23,993.1,1008.5,0,,29.4
2016-08-03 20:00:00,0,52,26,0.005,0.300,0.049,0.009,25.8,,76,2.6,50,25.2,21.2,993.8,1009.4,0,,27.6
2016-08-03 21:00:00,0,54,31,0.003,0.300,0.035,0.008,25.9,,82,1.2,50,27.2,22.5,994.4,1010,,,27
2016-08-03 22:00:00,0,59,31,0.003,0.300,0.031,0.009,25.4,0,79,1.5,140,25.5,21.4,994.4,1010,,,26.4
2016-08-03 23:00:00,0,53,25,0.003,0.400,0.027,0.009,24.1,.1,88,.6,250,26.3,21.9,994.1,1009.7,,,26.1
2016-08-04 00:00:00,0,43,24,0.003,0.400,0.023,0.008,24.1,,87,.9,230,26,21.7,994.5,1010.1,,,25.5
2016-08-04 01:00:00,0,47,19,0.003,0.400,0.019,0.007,23.7,,90,.4,0,26.3,21.9,994.2,1009.8,,,24.9
2016-08-04 02:00:00,0,42,27,0.002,0.400,0.016,0.006,23.3,,91,.5,290,26,21.7,994.2,1009.9,,,24.5
2016-08-04 03:00:00,0,49,26,0.002,0.400,0.012,0.006,23.3,,92,.5,90,26.3,21.9,994.3,1010,,,24.6
2016-08-04 04:00:00,0,53,27,0.002,0.400,0.012,0.006,22.9,,92,.3,0,25.6,21.5,994.2,1009.9,,,24.1
2016-08-04 05:00:00,0,68,30,0.002,0.300,0.011,0.006,22.9,,93,.8,340,26,21.7,994.6,1010.3,,,24.1
2016-08-04 06:00:00,0,54,26,0.002,0.300,0.008,0.006,22.8,,92,.7,340,25.5,21.4,994.8,1010.5,0,,24.1
2016-08-04 07:00:00,1,58,20,0.002,0.300,0.010,0.007,23.5,,91,.6,250,26.3,21.9,995.2,1010.9,.1,,25.4
2016-08-04 08:00:00,2.652,53,33,0.002,0.300,0.013,0.006,24.8,,85,1,320,26.4,22,995,1010.7,.2,,27.9
2016-08-04 09:00:00,6.068,51,30,0.002,0.300,0.022,0.007,26.8,,75,.8,270,26.3,21.9,994.9,1010.4,1,,31.3
2016-08-04 10:00:00,12.648,54,24,0.002,0.300,0.037,0.003,28.4,,67,1.6,250,25.8,21.6,994.8,1010.2,1,,35.4
2016-08-04 11:00:00,17.396,43,28,0.002,0.200,0.041,0.003,30.1,,60,1.9,50,25.5,21.4,994.6,1010,1,,38.8
2016-08-04 12:00:00,21.848,44,13,0.003,0.300,0.044,0.003,30.9,,56,2,140,24.9,21,994.5,1009.8,1,,42
2016-08-04 13:00:00,24.512,48,17,0.003,0.300,0.055,0.003,31.4,,57,1.4,50,26.1,21.8,993.8,1009.1,1,,44
2016-08-04 14:00:00,24.56,48,24,0.003,0.300,0.057,0.004,31.2,,56,1.5,160,25.3,21.3,993.4,1008.7,1,,45.1
2016-08-04 15:00:00,19.616,48,25,0.003,0.300,0.055,0.006,31.2,,51,1.3,70,23.1,19.8,993.1,1008.4,.8,,41.8
2016-08-04 16:00:00,19.9,41,21,0.004,0.300,0.056,0.005,32.6,,48,1.1,320,23.5,20.1,992.7,1007.9,.9,,42.7
2016-08-04 17:00:00,16.08,35,19,0.007,0.300,0.054,0.009,31,,55,1.8,70,24.6,20.8,992.5,1007.8,1,,39.9
2016-08-04 18:00:00,3.904,36,17,0.005,0.300,0.051,0.007,29.8,,63,2.1,50,26.3,21.9,992.6,1008,1,,35.7
2016-08-04 19:00:00,2.096,43,19,0.006,0.300,0.047,0.010,28.6,,68,2.8,50,26.6,22.1,993.1,1008.5,.5,,32.3
2016-08-04 20:00:00,0.028,37,22,0.006,0.300,0.035,0.012,27.6,,70,2.2,50,25.8,21.6,993.8,1009.3,0,,30
2016-08-04 21:00:00,0,40,18,0.004,0.300,0.027,0.012,27.3,,72,2.8,50,26.1,21.8,994.4,1009.9,,,28.8
2016-08-04 22:00:00,0,48,18,0.003,0.300,0.023,0.010,27,,73,1,70,26,21.7,994.9,1010.4,,,28.3
2016-08-04 23:00:00,0,51,18,0.003,0.300,0.021,0.008,26.5,,76,.7,340,26.3,21.9,995.1,1010.7,,,27.5
2016-08-05 00:00:00,0,45,14,0.002,0.300,0.019,0.007,25.3,,81,.7,230,26,21.7,995.1,1010.8,,,26.6
2016-08-05 01:00:00,0,46,21,0.002,0.300,0.017,0.006,24.9,,84,.6,340,26.4,22,995.3,1011,,,26.1
2016-08-05 02:00:00,0,39,16,0.002,0.300,0.014,0.005,24.8,,83,1,140,26,21.7,995.3,1011,,,25.7
2016-08-05 03:00:00,0,36,16,0.002,0.300,0.014,0.005,24,,87,.1,0,25.8,21.6,994.8,1010.4,,,25.3
2016-08-05 04:00:00,0,41,17,0.002,0.200,0.012,0.005,23.6,,89,.9,340,25.8,21.6,994.9,1010.5,,,24.7
2016-08-05 05:00:00,0,35,15,0.002,0.300,0.012,0.005,23.6,,90,.9,360,26.1,21.8,995.2,1010.9,,,24.8
2016-08-05 06:00:00,0,35,10,0.002,0.300,0.010,0.005,23.4,,91,.8,90,26.1,21.8,995.3,1011,0,,24.3
2016-08-05 07:00:00,0.42,38,8,0.002,0.300,0.011,0.005,23.9,,89,1.2,250,26.3,21.9,995.7,1011.3,.2,,25.7
2016-08-05 08:00:00,1.908,37,16,0.002,0.300,0.014,0.005,26,,80,.9,320,26.8,22.2,995.9,1011.5,.9,,28.6
2016-08-05 09:00:00,5.624,44,15,0.002,0.300,0.022,0.005,28.3,,72,.8,20,27.6,22.7,995.6,1011,1,,32.7
2016-08-05 10:00:00,11.532,39,15,0.003,0.300,0.032,0.004,29.5,,65,1.1,110,26.8,22.2,995.3,1010.7,1,,37.5
2016-08-05 11:00:00,16.54,40,16,0.002,0.300,0.039,0.004,30.2,,63,2.2,90,26.9,22.3,995,1010.4,.9,,41.4
2016-08-05 12:00:00,22.268,50,25,0.002,0.300,0.043,0.004,31.7,,56,1.7,230,26.1,21.8,994.4,1009.7,.9,,45.5
2016-08-05 13:00:00,24.988,40,17,0.002,0.300,0.049,0.004,32.3,,51,2,250,24.6,20.8,993.9,1009.2,1,,48
2016-08-05 14:00:00,21.596,40,20,0.002,0.300,0.058,0.006,32.3,,54,1.9,90,26,21.7,993.6,1008.9,1,,49.1
2016-08-05 15:00:00,24.088,41,15,0.003,0.300,0.059,0.006,33.4,,47,1.9,110,24.1,20.5,993.2,1008.4,1,,48.8
2016-08-05 16:00:00,24.344,36,14,0.003,0.300,0.061,0.005,33.1,,48,1.8,230,24.3,20.6,992.8,1008,1,,47
2016-08-05 17:00:00,20.964,43,18,0.007,0.300,0.058,0.009,33.1,,49,1.4,250,24.7,20.9,992.9,1008.1,1,,43.2
2016-08-05 18:00:00,13.392,39,14,0.010,0.300,0.055,0.014,31.3,,55,1.4,180,25,21.1,992.7,1008,1,,38.2
2016-08-05 19:00:00,3.976,43,16,0.009,0.300,0.046,0.018,29,,64,1.7,160,25.5,21.4,992.9,1008.3,.7,,34.3
2016-08-05 20:00:00,0.068,53,28,0.007,0.300,0.039,0.017,27.1,,73,.8,110,26.1,21.8,993.4,1008.9,0,,31.6
2016-08-05 21:00:00,0,39,23,0.005,0.300,0.035,0.011,26.5,,78,.1,0,26.9,22.3,994.2,1009.8,,,29.9
2016-08-05 22:00:00,0,38,21,0.005,0.300,0.028,0.011,25.8,,82,.2,0,27.1,22.4,994.5,1010.1,,,28.7
2016-08-05 23:00:00,0,37,27,0.004,0.300,0.022,0.011,24.9,,86,.9,340,26.9,22.3,994.8,1010.5,,,27.8
2016-08-06 00:00:00,0,43,24,0.003,0.300,0.018,0.010,24.6,,88,.9,70,27.1,22.4,995.1,1010.7,,,27.1
2016-08-06 01:00:00,0,44,25,0.003,0.300,0.014,0.009,24.1,,89,.1,0,26.6,22.1,994.9,1010.5,,,26.4
2016-08-06 02:00:00,0,46,23,0.003,0.400,0.014,0.009,23.7,,91,.4,0,26.6,22.1,994.7,1010.3,,,25.9
2016-08-06 03:00:00,0,44,28,0.003,0.400,0.011,0.008,23.5,,92,.8,340,26.6,22.1,994.7,1010.4,,,25.5
2016-08-06 04:00:00,0,41,24,0.002,0.400,0.010,0.007,23.6,,91,.2,0,26.4,22,994.6,1010.2,,,25.9
2016-08-06 05:00:00,0,47,22,0.002,0.400,0.009,0.007,23.4,,91,1,320,26.1,21.8,994.5,1010.2,,,25.9
2016-08-06 06:00:00,0,42,24,0.002,0.400,0.009,0.007,23.1,,92,.9,270,26,21.7,994.6,1010.3,0,,25.2
2016-08-06 07:00:00,0.452,39,22,0.002,0.400,0.008,0.006,23.6,,87,1.4,320,25.3,21.3,994.7,1010.3,0,,25.9
2016-08-06 08:00:00,2.084,43,22,0.003,0.400,0.015,0.007,25.7,,80,.7,320,26.3,21.9,994.5,1010.1,1,,28.9
2016-08-06 09:00:00,5.472,50,24,0.004,0.400,0.024,0.006,26.5,,77,1.2,290,26.6,22.1,994.1,1009.7,1,,33.6
2016-08-06 10:00:00,12.396,54,23,0.006,0.400,0.037,0.006,28.7,,66,1,340,26,21.7,993.8,1009.2,1,,38.7
2016-08-06 11:00:00,18.848,63,31,0.006,0.400,0.054,0.005,31.1,,57,1.4,70,25.6,21.5,993.3,1008.6,1,,43.8
2016-08-06 12:00:00,23.72,57,32,0.004,0.300,0.056,0.004,31.4,,52,1.6,90,23.8,20.3,992.8,1008.1,1,,47.8
2016-08-06 13:00:00,24.424,49,23,0.003,0.300,0.058,0.003,32.3,,46,1.5,90,22.1,19.1,992.3,1007.5,1,,50.6
2016-08-06 14:00:00,23.196,47,28,0.002,0.300,0.059,0.003,33.1,,44,1.8,20,22.2,19.2,991.8,1007,1,,51.5
2016-08-06 15:00:00,24.392,45,18,0.004,0.300,0.067,0.006,33.5,,46,1.9,50,23.7,20.2,991.4,1006.6,1,,50.8
2016-08-06 16:00:00,24.972,40,20,0.006,0.300,0.071,0.009,33.1,,45,2,70,22.7,19.5,991,1006.2,1,,48.1
2016-08-06 17:00:00,21.224,43,22,0.006,0.300,0.072,0.007,33.1,,47,2,50,23.7,20.2,990.8,1006,1,,43.8
2016-08-06 18:00:00,14.436,37,23,0.011,0.300,0.057,0.014,32.1,,48,2.1,70,22.9,19.7,990.8,1006,1,,38.7
2016-08-06 19:00:00,4.56,33,23,0.006,0.300,0.057,0.011,29.9,,58,1.3,70,24.4,20.7,991.5,1006.9,.3,,34.3
2016-08-06 20:00:00,0,36,27,0.005,0.300,0.047,0.011,27.8,,66,1.3,230,24.6,20.8,991.9,1007.3,0,,31.7
2016-08-06 21:00:00,0,37,24,0.004,0.300,0.041,0.009,27.6,,66,1.6,160,24.3,20.6,992.2,1007.6,,,30.1
2016-08-06 22:00:00,0,41,24,0.004,0.300,0.029,0.012,26,,77,.6,230,25.8,21.6,992.5,1008.1,,,28.8
2016-08-06 23:00:00,0,43,31,0.003,0.300,0.024,0.010,25,,82,.4,0,26,21.7,992.7,1008.3,,,27.8
2016-08-07 00:00:00,0,48,28,0.003,0.300,0.018,0.012,24.6,,83,.5,200,25.6,21.5,992.8,1008.3,,,26.9
2016-08-07 01:00:00,0,39,21,0.004,0.300,0.018,0.012,24.1,,87,.3,0,26,21.7,992.8,1008.4,,,26.3
2016-08-07 02:00:00,0,42,24,0.003,0.300,0.016,0.010,23.6,,87,.3,0,25.3,21.3,992.6,1008.2,,,25.6
2016-08-07 03:00:00,0,39,17,0.003,0.300,0.014,0.009,23.1,,89,.3,0,25,21.1,992.5,1008.2,,,25.1
2016-08-07 04:00:00,0,34,21,0.003,0.300,0.013,0.009,22.9,,91,.2,0,25.3,21.3,992.9,1008.6,,,24.6
2016-08-07 05:00:00,0,37,18,0.003,0.300,0.012,0.009,22.6,,92,.3,0,25.2,21.2,992.7,1008.4,,,24.3
2016-08-07 06:00:00,0,39,23,0.003,0.300,0.011,0.008,22.4,,92,.6,360,24.9,21,993.1,1008.8,0,,24.1
2016-08-07 07:00:00,0.468,36,20,0.002,0.300,0.010,0.008,23.4,,87,.6,290,25,21.1,993.1,1008.7,.4,,25.4
2016-08-07 08:00:00,1.612,36,11,0.003,0.300,0.015,0.008,26.2,,77,1.1,360,26.1,21.8,992.8,1008.4,1,,29.3
2016-08-07 09:00:00,5.044,32,17,0.005,0.300,0.020,0.008,28,,69,1.3,290,26,21.7,992.3,1007.7,1,,34.8
2016-08-07 10:00:00,12.384,38,15,0.012,0.600,0.026,0.011,29.4,,63,1.2,270,25.8,21.6,991.7,1007,1,,40.7
2016-08-07 11:00:00,19.344,48,19,0.008,0.400,0.036,0.007,30.9,,54,1.8,90,24.1,20.5,991.2,1006.5,1,,46
2016-08-07 12:00:00,24.188,39,15,0.010,0.700,0.050,0.005,32.2,,48,2.4,90,22.9,19.7,991,1006.2,1,,50
2016-08-07 13:00:00,24.988,37,14,0.011,0.800,0.062,0.009,33.1,,48,2.1,70,24.3,20.6,990.8,1006,1,,52.8
2016-08-07 14:00:00,26.808,54,26,0.033,2.100,0.053,0.029,33.2,,47,2.4,50,23.8,20.3,990.4,1005.6,1,,52.2
2016-08-07 15:00:00,25.844,83,43,0.015,0.800,0.069,0.010,31.7,,54,1.5,200,25.2,21.2,990.4,1005.6,.3,,41.2
2016-08-07 16:00:00,19.028,65,29,0.010,0.400,0.059,0.008,33.1,,50,2.4,290,25.2,21.2,989.9,1005.1,.6,,45.8
2016-08-07 17:00:00,16.92,50,31,0.009,0.400,0.045,0.008,32.8,,52,2.1,20,25.8,21.6,990,1005.2,.9,,44
2016-08-07 18:00:00,2.42,38,24,0.019,0.800,0.042,0.017,30.1,,60,1.5,20,25.5,21.4,990.3,1005.6,.5,,38
2016-08-07 19:00:00,0.904,68,32,0.003,0.200,0.045,0.005,28.8,,66,2.1,360,26.1,21.8,991.2,1006.5,0,,33.8
2016-08-07 20:00:00,0,42,28,0.002,0.200,0.039,0.005,28.1,,69,1.6,360,26.1,21.8,991.7,1007.1,0,,31.6
2016-08-07 21:00:00,0,43,21,0.002,0.200,0.034,0.005,27,,75,1.3,340,26.6,22.1,992.2,1007.7,,,30
2016-08-07 22:00:00,0,29,14,0.002,0.200,0.032,0.004,25.9,,81,1.4,340,26.9,22.3,992.7,1008.3,,,28.8
2016-08-07 23:00:00,0,32,12,0.002,0.200,0.029,0.004,25.4,,84,.5,290,27.1,22.4,992.7,1008.3,,,27.8
2016-08-08 00:00:00,0,35,21,0.002,0.200,0.026,0.004,24.7,,87,.9,230,26.9,22.3,992.8,1008.5,,,27.1
2016-08-08 01:00:00,0,34,20,0.002,0.200,0.022,0.004,24.4,,88,.9,290,26.8,22.2,992.8,1008.3,,,26.4
2016-08-08 02:00:00,0,27,18,0.002,0.200,0.019,0.003,24,,89,.4,0,26.4,22,992.5,1008.1,,,25.9
2016-08-08 03:00:00,0,27,19,0.002,0.200,0.017,0.003,23.4,,91,.8,230,26.1,21.8,992.3,1007.9,,,25.4
2016-08-08 04:00:00,0,24,17,0.002,0.200,0.014,0.004,23.2,,92,1.3,340,26.1,21.8,992.1,1007.7,,,25
2016-08-08 05:00:00,0,35,16,0.002,0.200,0.014,0.004,22.9,,92,1,250,25.6,21.5,992.4,1008.1,,,24.7
2016-08-08 06:00:00,0,26,17,0.002,0.200,0.014,0.004,22.8,,92,.9,340,25.5,21.4,992.5,1008.2,0,,24.4
2016-08-08 07:00:00,0.392,31,19,0.002,0.200,0.012,0.004,23.6,,90,.9,270,26.1,21.8,992.9,1008.5,.1,,26
2016-08-08 08:00:00,2.132,33,14,0.002,0.300,0.015,0.005,25.3,,80,1.2,320,25.6,21.5,992.8,1008.4,1,,29.3
2016-08-08 09:00:00,5.632,39,17,0.002,0.300,0.021,0.005,26.8,,71,1.2,340,24.9,21,992.4,1007.9,1,,34.5
2016-08-08 10:00:00,12.288,42,19,0.002,0.300,0.032,0.005,29,,64,1.2,320,25.5,21.4,992.1,1007.4,1,,40.5
2016-08-08 11:00:00,18.704,43,23,0.002,0.300,0.050,0.005,31.5,,54,.9,320,24.9,21,991.6,1006.9,1,,45.9
2016-08-08 12:00:00,23.684,54,26,0.002,0.300,0.059,0.004,32.7,,50,1.5,360,24.7,20.9,990.9,1006.1,1,,50.5
2016-08-08 13:00:00,26.348,61,27,0.003,0.300,0.061,0.004,34.8,,44,1.2,50,24.4,20.7,990.3,1005.4,1,,51.2
2016-08-08 14:00:00,28.48,52,29,0.003,0.300,0.055,0.004,34.7,,39,1.7,230,21.6,18.7,989.8,1004.9,1,,54.4
2016-08-08 15:00:00,22.604,52,27,0.003,0.300,0.058,0.005,35,,39,1.5,270,21.8,18.9,989.5,1004.6,1,,53.8
2016-08-08 16:00:00,21.568,39,24,0.012,0.500,0.069,0.014,33.4,,47,1,320,24.1,20.5,989.4,1004.5,.4,,43.9
2016-08-08 17:00:00,10.94,52,31,0.012,0.600,0.068,0.013,24.9,19.5,90,2.9,270,28.3,23.1,990.4,1006,0,,30.1
2016-08-08 18:00:00,1.812,61,36,0.003,0.400,0.047,0.008,24.7,11.5,91,1.4,50,28.3,23.1,991.9,1007.6,0,,28.6
2016-08-08 19:00:00,0,40,25,0.002,0.300,0.058,0.005,24.4,12.5,93,1.5,50,28.4,23.2,991.8,1007.3,0,,28.2
2016-08-08 20:00:00,0,40,16,0.003,0.300,0.053,0.007,24.1,1,93,.5,270,27.7,22.8,992.3,1007.9,,,27.6
2016-08-08 21:00:00,0,34,26,0.002,0.400,0.046,0.006,24.1,,93,.8,290,27.7,22.8,992.2,1007.8,,,26.8
2016-08-08 22:00:00,0,38,33,0.002,0.400,0.041,0.006,23.9,,93,.4,0,27.4,22.6,992.5,1008.1,,,26.6
2016-08-08 23:00:00,0,40,29,0.002,0.400,0.036,0.005,23.9,,93,.8,340,27.4,22.6,992.8,1008.4,,,26.2
2016-08-09 00:00:00,0,42,28,0.002,0.300,0.030,0.004,23.8,,94,1,320,27.6,22.7,993,1008.6,,,26.2
2016-08-09 01:00:00,0,40,23,0.002,0.300,0.026,0.004,23.5,,93,.5,250,26.8,22.2,992.7,1008.3,,,25.9
2016-08-09 02:00:00,0,44,23,0.002,0.300,0.024,0.004,23.4,,94,.9,20,26.9,22.3,992.5,1008.1,,,25.9
2016-08-09 03:00:00,0,39,18,0.002,0.300,0.022,0.003,23.5,,93,1.1,290,26.8,22.2,992.6,1008.2,,,25.8
2016-08-09 04:00:00,0,36,19,0.002,0.300,0.021,0.003,23.3,,93,1.4,270,26.4,22,992.7,1008.3,,,25.7
2016-08-09 05:00:00,0,36,20,0.002,0.300,0.018,0.004,23.6,,93,.5,360,26.9,22.3,993,1008.6,,,25.7
2016-08-09 06:00:00,0,42,22,0.002,0.300,0.015,0.004,23.4,,93,1.2,270,26.6,22.1,993.4,1009,0,,25.6
2016-08-09 07:00:00,0.348,35,24,0.002,0.300,0.014,0.005,23.9,,92,.9,340,27.2,22.5,993.5,1009.1,0,,25.9
2016-08-09 08:00:00,2.5,44,19,0.002,0.300,0.014,0.007,24.8,,88,1,320,27.4,22.6,993.6,1009.3,0,,27.8
2016-08-09 09:00:00,6.512,44,21,0.002,0.300,0.020,0.007,26.8,,79,.6,340,27.7,22.8,993.5,1009,1,,31.7
2016-08-09 10:00:00,11.516,,,,,,,27.9,,73,.6,20,27.4,22.6,993.3,1008.7,.9,,33.9
2016-08-09 11:00:00,18.748,56,,0.002,0.300,0.043,0.003,29.7,,69,1.3,180,28.6,23.3,993.3,1008.7,.7,,35.4
2016-08-09 12:00:00,20.804,34,28,0.002,0.300,0.047,0.004,30.3,,64,1.2,90,27.6,22.7,993,1008.4,.4,,36.1
2016-08-09 13:00:00,25.792,50,23,0.002,0.300,0.051,0.004,31.3,,62,2.3,70,28.3,23.1,992.6,1007.9,.7,,38.2
2016-08-09 14:00:00,27.944,50,22,0.002,0.300,0.054,0.004,31.6,,57,1.4,70,26.4,22,992.2,1007.5,1,,40.4
2016-08-09 15:00:00,11.252,45,16,0.003,0.300,0.062,0.006,31.1,,59,1.8,90,26.6,22.1,991.9,1007.2,.9,,37.7
2016-08-09 16:00:00,2.288,43,20,0.012,0.400,0.057,0.021,31.2,,60,1.5,50,27.2,22.5,991.8,1007.1,.9,,37.8
2016-08-09 17:00:00,0.624,54,24,0.003,0.300,0.064,0.006,30.4,,65,2.4,70,28.1,23,992,1007.3,.3,,33.9
2016-08-09 18:00:00,1.432,44,19,0.003,0.300,0.051,0.010,28.8,,71,1.4,50,28.1,23,992.3,1007.7,0,,31.3
2016-08-09 19:00:00,0.252,43,26,0.003,0.300,0.044,0.011,27.8,,74,1.8,50,27.6,22.7,992.7,1008.1,0,,29.6
2016-08-09 20:00:00,0,48,29,0.004,0.300,0.038,0.009,27.6,,75,1.1,50,27.6,22.7,993.4,1008.9,0,,28.7
2016-08-09 21:00:00,0,45,23,0.003,0.300,0.029,0.008,27.2,,78,.8,290,28.1,23,994.2,1009.7,,,28.3
2016-08-09 22:00:00,0,52,21,0.003,0.300,0.027,0.008,26.7,,81,1.4,20,28.3,23.1,994.6,1010.1,,,27.6
2016-08-09 23:00:00,0,45,24,0.003,0.300,0.022,0.007,26,,86,.7,110,28.8,23.4,994.4,1010,,,27.2
2016-08-10 00:00:00,0,46,19,0.003,0.300,0.022,0.006,25.6,,88,1.1,160,28.8,23.4,994.2,1009.8,,,27
2016-08-10 01:00:00,0,44,24,0.002,0.300,0.014,0.006,25.6,,87,.1,0,28.4,23.2,994.1,1009.7,,,26.9
2016-08-10 02:00:00,0,47,22,0.002,0.300,0.011,0.005,25.5,,88,.6,90,28.6,23.3,994.1,1009.7,,,26.9
2016-08-10 03:00:00,0,44,22,0.002,0.300,0.011,0.007,25.3,,88,.9,140,28.3,23.1,994.4,1010,,,26.7
2016-08-10 04:00:00,0,44,23,0.003,0.300,0.012,0.007,25.1,,88,.3,0,27.9,22.9,994.4,1010.1,,,26.3
2016-08-10 05:00:00,0,48,23,0.003,0.300,0.009,0.006,25.1,,89,0,0,28.3,23.1,994.5,1010.2,,,26.4
2016-08-10 06:00:00,0,45,22,0.002,0.300,0.008,0.007,25.2,,88,.3,0,28.1,23,994.8,1010.5,0,,26.4
2016-08-10 07:00:00,0.4,46,21,0.003,0.400,0.011,0.007,25.7,,88,.4,0,28.9,23.5,995.2,1010.8,0,,27
2016-08-10 08:00:00,2.612,55,27,0.003,0.400,0.016,0.006,26.8,,81,1.1,340,28.4,23.2,995.3,1010.9,.1,,29
2016-08-10 09:00:00,6.104,58,33,0.004,0.400,0.025,0.007,28.4,,71,1.5,20,27.4,22.6,995.3,1010.7,1,,32.5
2016-08-10 10:00:00,12.324,66,32,0.007,0.400,0.036,0.007,29.7,,67,.7,90,27.9,22.9,995.2,1010.6,1,,35.9
2016-08-10 11:00:00,18.916,56,33,0.006,0.400,0.054,0.005,31.3,,56,.9,340,25.5,21.4,994.9,1010.2,1,,38.7
2016-08-10 12:00:00,23.976,56,29,0.005,0.300,0.061,0.005,32.6,,46,1.2,20,22.5,19.4,994.3,1009.6,1,,40.6
2016-08-10 13:00:00,26.172,57,42,0.005,0.300,0.071,0.005,33.5,,45,1.1,320,23.2,19.9,993.8,1009,1,,41.9
2016-08-10 14:00:00,24.396,52,34,0.006,0.300,0.082,0.006,34.1,,46,.9,320,24.6,20.8,993.3,1008.5,1,,42.1
2016-08-10 15:00:00,16.276,51,35,0.015,0.500,0.077,0.017,34,,49,1,230,26,21.7,992.7,1007.9,1,,41.2
2016-08-10 16:00:00,11.34,61,35,0.017,0.600,0.076,0.020,33.8,,52,2,90,27.2,22.5,992.5,1007.7,1,,39.2
2016-08-10 17:00:00,16.272,60,32,0.015,0.500,0.080,0.018,32.7,,54,1.5,110,26.6,22.1,992.4,1007.6,.6,,35.3
2016-08-10 18:00:00,8.764,63,34,0.010,0.400,0.088,0.012,32.2,,60,1.2,70,28.8,23.4,992.4,1007.6,.3,,33.6
2016-08-10 19:00:00,2.64,58,37,0.009,0.400,0.079,0.014,31.2,,65,1.2,50,29.5,23.8,992.9,1008.2,.2,,32.2
2016-08-10 20:00:00,0.032,50,34,0.008,0.400,0.066,0.013,29.5,,72,1.1,70,29.7,23.9,993.4,1008.7,0,,30.6
2016-08-10 21:00:00,0,45,32,0.009,0.400,0.055,0.013,28.4,,79,.9,20,30.4,24.3,993.9,1009.3,,,29.5
2016-08-10 22:00:00,0,51,33,0.010,0.500,0.045,0.013,27.8,,82,1.2,160,30.6,24.4,994.2,1009.7,,,28.8
2016-08-10 23:00:00,0,59,34,0.007,0.500,0.038,0.011,26.9,,86,0,0,30.4,24.3,994.4,1009.9,,,28.3
2016-08-11 00:00:00,0,62,40,0.005,0.500,0.032,0.009,26.6,,86,.5,90,29.8,24,994.5,1010.1,,,27.9
2016-08-11 01:00:00,0,60,41,0.005,0.500,0.030,0.008,26.2,,89,.4,0,30.2,24.2,994.3,1009.9,,,27.5
2016-08-11 02:00:00,0,66,37,0.004,0.500,0.027,0.007,25.8,,89,.5,290,29.5,23.8,994.1,1009.7,,,26.9
2016-08-11 03:00:00,0,61,46,0.004,0.500,0.022,0.006,25,,90,.9,250,28.4,23.2,994,1009.7,,,26.4
2016-08-11 04:00:00,0,57,35,0.003,0.400,0.025,0.004,24.8,,91,.3,0,28.4,23.2,994.2,1009.9,,,26
2016-08-11 05:00:00,0,55,33,0.003,0.500,0.020,0.005,24.7,,90,.9,320,27.9,22.9,994.6,1010.3,,,25.7
2016-08-11 06:00:00,0,53,43,0.003,0.400,0.019,0.005,24.2,,92,1.1,250,27.7,22.8,995.1,1010.7,0,,25.4
2016-08-11 07:00:00,0.36,52,37,0.003,0.400,0.018,0.005,25,,88,.4,0,27.7,22.8,995.4,1011.1,.2,,26.2
2016-08-11 08:00:00,2.264,60,32,0.003,0.400,0.020,0.006,26.8,,80,.8,340,28.1,23,995.4,1011,1,,29
2016-08-11 09:00:00,5.544,67,42,0.003,0.400,0.031,0.006,28.8,,71,.9,270,28.1,23,995.3,1010.7,1,,32.8
2016-08-11 10:00:00,12.352,66,38,0.004,0.400,0.046,0.006,31,,63,.8,320,28.3,23.1,995,1010.3,1,,36.6
2016-08-11 11:00:00,19.036,61,36,0.005,0.400,0.059,0.005,32.6,,57,1.1,50,27.9,22.9,994.6,1009.9,1,,39.7
2016-08-11 12:00:00,24.14,78,40,0.004,0.400,0.060,0.003,33.7,,50,1.5,20,26.1,21.8,994.1,1009.3,1,,41.2
2016-08-11 13:00:00,27.124,63,35,0.003,0.300,0.057,0.003,34.3,,43,2.1,340,23.2,19.9,993.6,1008.7,1,,42.7
2016-08-11 14:00:00,27.296,49,32,0.003,0.300,0.056,0.004,34.6,,42,1.4,20,23.1,19.8,993,1008.1,1,,43.5
2016-08-11 15:00:00,23.04,46,32,0.003,0.300,0.057,0.004,35.4,,43,1.6,290,24.7,20.9,992.3,1007.4,1,,43.3
2016-08-11 16:00:00,22.712,50,24,0.008,0.400,0.096,0.007,35.3,,41,1.6,50,23.4,20,992,1007.1,1,,41.4
2016-08-11 17:00:00,14.516,66,36,0.017,0.700,0.130,0.017,35.4,,39,1.6,360,22.4,19.3,991.9,1007,1,,38.8
2016-08-11 18:00:00,5.36,88,61,0.014,0.700,0.115,0.018,33.8,,53,1,160,27.7,22.8,992.1,1007.3,1,,35.1
2016-08-11 19:00:00,1.8,89,58,0.010,0.600,0.084,0.017,31.6,,64,.8,140,29.7,23.9,992.2,1007.5,.5,,32.7
2016-08-11 20:00:00,0.032,65,47,0.008,0.500,0.067,0.012,29.7,,72,.9,20,30,24.1,992.6,1008,0,,30.9
2016-08-11 21:00:00,0,61,42,0.010,0.500,0.050,0.016,29.1,,75,1.1,50,30.2,24.2,993,1008.4,,,29.9
2016-08-11 22:00:00,0,64,37,0.010,0.600,0.041,0.014,28.2,,79,.8,90,30.2,24.2,993.3,1008.7,,,29.2
2016-08-11 23:00:00,0,59,45,0.009,0.600,0.034,0.013,27.3,,84,.7,90,30.4,24.3,993.4,1008.9,,,28.5
2016-08-12 00:00:00,0,58,35,0.006,0.500,0.027,0.011,26.8,,86,1,360,30.2,24.2,993.4,1008.9,,,28.1
2016-08-12 01:00:00,0,61,37,0.005,0.500,0.026,0.008,26.2,,87,.4,0,29.5,23.8,993.3,1008.9,,,27.5
2016-08-12 02:00:00,0,62,48,0.004,0.500,0.024,0.006,25.6,,89,.9,230,29.1,23.6,993.1,1008.7,,,27
2016-08-12 03:00:00,0,51,35,0.004,0.500,0.024,0.005,25.4,,92,.7,360,29.7,23.9,993,1008.6,,,26.6
2016-08-12 04:00:00,0,52,37,0.003,0.500,0.024,0.005,25.1,,92,.8,230,29.3,23.7,992.9,1008.5,,,26.2
2016-08-12 05:00:00,0,49,41,0.003,0.400,0.023,0.005,24.6,,93,1,230,28.6,23.3,993,1008.5,,,26
2016-08-12 06:00:00,0,47,27,0.003,0.400,0.019,0.005,24.6,,92,.8,360,28.4,23.2,993.6,1009.1,0,,25.8
2016-08-12 07:00:00,0.352,50,34,0.003,0.400,0.019,0.005,25.2,,90,.9,270,28.8,23.4,993.7,1009.3,.2,,27
2016-08-12 08:00:00,1.964,47,25,0.003,0.400,0.023,0.006,26.8,,80,.9,320,28.1,23,993.8,1009.3,1,,29.6
2016-08-12 09:00:00,5.364,43,31,0.003,0.400,0.029,0.007,29,,70,1,290,27.9,22.9,993.7,1009.1,1,,33.3
2016-08-12 10:00:00,12.152,62,33,0.004,0.400,0.042,0.009,30.9,,62,1.3,290,27.6,22.7,993.3,1008.6,1,,37.5
2016-08-12 11:00:00,18.888,57,31,0.004,0.300,0.059,0.005,32.9,,56,1,20,27.9,22.9,992.6,1007.8,1,,41.2
2016-08-12 12:00:00,24.02,55,29,0.004,0.300,0.067,0.004,33.8,,47,1.4,50,24.7,20.9,992,1007.2,1,,43.9
2016-08-12 13:00:00,22.664,56,30,0.006,0.400,0.083,0.006,34.6,,45,2,360,24.7,20.9,991.2,1006.3,1,,45.7
2016-08-12 14:00:00,21.352,59,32,0.022,1.300,0.106,0.018,35.3,,40,1.7,70,22.8,19.6,990.6,1005.7,1,,46.2
2016-08-12 15:00:00,25.004,90,48,0.020,1.000,0.154,0.017,35.6,,41,1.7,20,23.8,20.3,989.9,1004.9,1,,45.9
2016-08-12 16:00:00,24.128,93,54,0.015,0.800,0.132,0.014,36.4,,37,.8,110,22.4,19.3,989.6,1004.6,1,,44
2016-08-12 17:00:00,19.312,78,46,0.015,0.800,0.123,0.016,36.1,,35,2.2,320,20.9,18.2,989.5,1004.5,1,,40.9
2016-08-12 18:00:00,11.856,77,47,0.011,0.600,0.095,0.014,35.1,,44,1.3,230,24.9,21,989.3,1004.4,1,,36.8
2016-08-12 19:00:00,3.932,59,36,0.008,0.500,0.065,0.016,31.1,,58,.9,50,26.1,21.8,989.6,1004.9,.7,,33.8
2016-08-12 20:00:00,0,47,28,0.007,0.500,0.056,0.013,29,,69,.6,320,27.6,22.7,990,1005.3,0,,31.6
2016-08-12 21:00:00,0,45,25,0.010,0.500,0.044,0.016,27.9,,72,0,0,26.9,22.3,990.8,1006.2,,,30.3
2016-08-12 22:00:00,0,49,33,0.009,0.500,0.038,0.015,27.2,,78,.1,0,28.1,23,991,1006.5,,,29.2
2016-08-12 23:00:00,0,44,24,0.004,0.400,0.030,0.009,26.5,,81,.4,0,27.9,22.9,991.2,1006.7,,,28.4
2016-08-13 00:00:00,0,43,20,0.004,0.300,0.029,0.007,25.9,,84,.2,0,27.9,22.9,991.1,1006.7,,,27.7
2016-08-13 01:00:00,0,38,20,0.004,0.300,0.029,0.005,25.4,,88,1,340,28.4,23.2,991.1,1006.7,,,27.1
2016-08-13 02:00:00,0,31,20,0.003,0.300,0.030,0.004,24.8,,88,.4,0,27.4,22.6,990.9,1006.5,,,26.6
2016-08-13 03:00:00,0,36,18,0.003,0.300,0.032,0.004,24.6,,90,.8,230,27.7,22.8,990.8,1006.3,,,26.2
2016-08-13 04:00:00,0,39,20,0.003,0.300,0.030,0.004,24.2,,90,.7,340,27.1,22.4,990.9,1006.4,,,25.8
2016-08-13 05:00:00,0,34,27,0.004,0.300,0.031,0.004,23.8,,91,1.2,340,26.8,22.2,991,1006.6,,,25.4
2016-08-13 06:00:00,0,39,23,0.003,0.300,0.028,0.004,23.9,,91,.8,340,26.9,22.3,991.4,1007,0,,25.2
2016-08-13 07:00:00,0.3,35,31,0.003,0.300,0.027,0.005,25.1,,88,.4,0,27.9,22.9,991.6,1007.2,.5,,26.2
2016-08-13 08:00:00,1.748,43,19,0.004,0.300,0.027,0.005,26.2,,80,1.3,320,27.1,22.4,991.8,1007.3,1,,28.9
2016-08-13 09:00:00,5.208,41,29,0.003,0.300,0.034,0.006,28.6,,69,1.1,270,26.9,22.3,991.6,1007,1,,33.2
2016-08-13 10:00:00,12.14,43,21,0.004,0.300,0.045,0.006,31.4,,58,.7,200,26.6,22.1,991.3,1006.6,1,,38.2
2016-08-13 11:00:00,18.724,43,22,0.004,0.300,0.062,0.004,32.7,,52,1.4,70,25.6,21.5,990.8,1006,1,,42.3
2016-08-13 12:00:00,23.784,57,23,0.007,0.500,0.076,0.007,33.7,,42,1.8,360,22,19,990.5,1005.6,1,,45.3
2016-08-13 13:00:00,19.504,61,29,0.031,1.300,0.105,0.027,34.6,,41,1.3,50,22.5,19.4,989.8,1004.9,1,,47.5
2016-08-13 14:00:00,27.44,94,45,0.009,0.400,0.091,0.007,35.3,,38,2.3,360,21.7,18.8,989.2,1004.2,1,,48.5
2016-08-13 15:00:00,28.38,49,26,0.003,0.200,0.058,0.004,35.8,,31,2.2,320,18.2,16,988.5,1003.5,1,,47.6
2016-08-13 16:00:00,25.812,34,15,0.004,0.200,0.058,0.004,35.9,,32,1.8,340,18.9,16.6,988.3,1003.3,1,,45.4
2016-08-13 17:00:00,19.524,49,20,0.010,0.600,0.069,0.012,35.1,,38,3.1,340,21.4,18.6,988.4,1003.4,1,,41.5
2016-08-13 18:00:00,12.108,55,18,0.008,0.400,0.058,0.012,34.2,,42,1.6,340,22.5,19.4,988.5,1003.6,1,,37.3
2016-08-13 19:00:00,4.396,41,24,0.008,0.400,0.051,0.012,31.6,,53,1.1,20,24.6,20.8,988.9,1004.1,.7,,34.3
2016-08-13 20:00:00,0,39,18,0.009,0.400,0.040,0.014,28.9,,67,.9,360,26.6,22.1,989.5,1004.8,0,,32
2016-08-13 21:00:00,0,41,19,0.009,0.500,0.034,0.015,28.2,,69,.4,0,26.3,21.9,990,1005.4,,,30.5
2016-08-13 22:00:00,0,44,24,0.006,0.400,0.028,0.013,27.4,,74,.1,0,26.9,22.3,989.8,1005.2,,,29.4
2016-08-13 23:00:00,0,36,29,0.005,0.400,0.022,0.011,26.5,,80,0,0,27.6,22.7,989.7,1005.2,,,28.5
2016-08-14 00:00:00,0,43,23,0.004,0.300,0.023,0.008,25.4,,84,.9,250,27.1,22.4,989.8,1005.4,,,27.7
2016-08-14 01:00:00,0,36,28,0.004,0.300,0.025,0.006,24.9,,87,1,340,27.2,22.5,989.8,1005.4,,,27
2016-08-14 02:00:00,0,36,23,0.003,0.200,0.033,0.004,24.3,,88,.9,270,26.6,22.1,990,1005.5,,,26.5
2016-08-14 03:00:00,0,32,19,0.003,0.200,0.032,0.004,24.1,,89,1.2,230,26.6,22.1,989.8,1005.3,,,26.1
2016-08-14 04:00:00,0,29,26,0.004,0.200,0.031,0.004,23.9,,88,.7,290,26,21.7,989.9,1005.4,,,25.6
2016-08-14 05:00:00,0,33,23,0.003,0.300,0.023,0.004,23.4,,91,.5,230,26.1,21.8,989.9,1005.5,,,25.2
2016-08-14 06:00:00,0,32,24,0.004,0.200,0.025,0.004,23.3,,92,.3,0,26.3,21.9,990.1,1005.7,0,,24.9
2016-08-14 07:00:00,0.276,38,25,0.004,0.200,0.024,0.004,24.3,,88,.4,0,26.6,22.1,990.3,1005.8,.3,,25.9
2016-08-14 08:00:00,1.576,38,27,0.004,0.200,0.025,0.004,26.2,,75,1.6,340,25.5,21.4,990.5,1006,1,,28.7
2016-08-14 09:00:00,5.296,41,20,0.003,0.200,0.032,0.004,28.6,,68,1.1,320,26.6,22.1,990.4,1005.7,1,,33.5
2016-08-14 10:00:00,12.748,41,23,0.003,0.200,0.039,0.004,29.7,,62,1.6,320,25.8,21.6,990.1,1005.4,1,,38.7
2016-08-14 11:00:00,19.2,52,23,0.004,0.300,0.054,0.003,31.8,,56,1.7,20,26.3,21.9,989.3,1004.5,1,,43.5
2016-08-14 12:00:00,24.136,50,33,0.007,0.500,0.070,0.004,33.2,,49,2.3,20,24.9,21,988.5,1003.6,1,,46.9
2016-08-14 13:00:00,24.312,51,27,0.009,0.700,0.085,0.005,34,,50,1.8,360,26.6,22.1,987.9,1003,1,,49.4
2016-08-14 14:00:00,26.248,54,30,0.011,0.800,0.102,0.006,34.6,,45,2.8,50,24.7,20.9,987.4,1002.4,1,,50
2016-08-14 15:00:00,21.196,61,37,0.017,1.100,0.118,0.009,35,,39,1.8,320,21.8,18.9,986.8,1001.8,1,,49
2016-08-14 16:00:00,12.624,67,42,0.013,0.700,0.114,0.008,35,,40,1.6,340,22.4,19.3,986.5,1001.5,.7,,43
2016-08-14 17:00:00,14.292,67,34,0.010,0.600,0.084,0.009,34.6,,43,2.2,320,23.5,20.1,986.3,1001.3,.5,,40.2
2016-08-14 18:00:00,8.928,50,29,0.010,0.500,0.062,0.011,32.8,,52,2.6,270,25.8,21.6,986.4,1001.5,.8,,36.9
2016-08-14 19:00:00,2.608,48,26,0.009,0.500,0.046,0.011,31.2,,59,.9,360,26.8,22.2,986.6,1001.8,.4,,34.4
2016-08-14 20:00:00,0,46,26,0.008,0.400,0.035,0.014,30.3,,61,1.7,360,26.3,21.9,987.3,1002.6,0,,32.2
2016-08-14 21:00:00,0,40,33,0.005,0.400,0.028,0.011,29.2,,67,1.7,340,27.1,22.4,988.1,1003.4,,,31
2016-08-14 22:00:00,0,37,27,0.004,0.300,0.030,0.007,29.2,,67,1.7,340,27.1,22.4,988.2,1003.5,,,30.2
2016-08-14 23:00:00,0,42,26,0.004,0.200,0.032,0.004,28.7,,69,.6,290,27.1,22.4,988.3,1003.6,,,29.5
2016-08-15 00:00:00,0,40,20,0.003,0.200,0.025,0.005,28.3,,71,.9,290,27.2,22.5,988.3,1003.6,,,28.9
2016-08-15 01:00:00,0,42,27,0.003,0.200,0.024,0.004,27.6,,75,1.4,340,27.6,22.7,987.7,1003.1,,,28.3
2016-08-15 02:00:00,0,43,31,0.003,0.200,0.023,0.003,26.5,,81,.7,250,27.9,22.9,987.6,1003.1,,,27.8
2016-08-15 03:00:00,0,31,28,0.003,0.200,0.024,0.003,25.9,,84,.5,230,27.9,22.9,987.3,1002.8,,,27.3
2016-08-15 04:00:00,0,37,22,0.003,0.200,0.022,0.003,25.3,,86,.6,250,27.6,22.7,987.1,1002.6,,,26.8
2016-08-15 05:00:00,0,38,24,0.003,0.200,0.020,0.003,25.2,,88,.2,0,28.1,23,986.8,1002.3,,,26.4
2016-08-15 06:00:00,0,33,26,0.003,0.200,0.019,0.003,25,,89,.3,0,28.1,23,987.2,1002.8,0,,26.4
2016-08-15 07:00:00,0.304,36,23,0.003,0.200,0.018,0.004,25.4,,88,1,230,28.4,23.2,987.4,1002.9,0,,27.3
2016-08-15 08:00:00,2.336,36,23,0.004,0.200,0.018,0.004,27.3,,76,.8,290,27.4,22.6,987,1002.4,1,,30.2
2016-08-15 09:00:00,5.596,45,29,0.004,0.200,0.023,0.004,29.3,,69,1,320,28.1,23,987.4,1002.7,1,,35
2016-08-15 10:00:00,11.844,36,27,0.007,0.400,0.030,0.006,31.5,,61,1.2,50,28.1,23,987.2,1002.4,1,,39.9
2016-08-15 11:00:00,19.788,52,27,0.009,0.500,0.038,0.007,31.4,,53,2.8,340,24.3,20.6,986.9,1002.1,.7,,39.9
2016-08-15 12:00:00,21.488,53,25,0.007,0.400,0.047,0.005,33.2,,48,2.2,340,24.4,20.7,986,1001.1,1,,46.9
2016-08-15 13:00:00,22.712,53,24,0.007,0.400,0.055,0.004,32.4,,54,2.5,360,26.1,21.8,985.4,1000.5,.8,,46.4
2016-08-15 14:00:00,26.552,49,28,0.004,0.200,0.041,0.003,32.5,,51,1.8,360,24.9,21,984.9,1000,.3,,43.5
2016-08-15 15:00:00,10.676,36,18,0.004,0.200,0.037,0.003,34.1,,45,2.4,320,24,20.4,984.5,999.5,.7,,46.4
2016-08-15 16:00:00,4.236,37,16,0.003,0.200,0.041,0.003,33.2,0,49,1,20,24.9,21,984.5,999.6,.6,,41.2
2016-08-15 17:00:00,3.212,37,12,0.003,0.200,0.041,0.004,31.1,,61,1.8,90,27.4,22.6,984.5,999.7,.1,,38.2
2016-08-15 18:00:00,6.86,26,13,0.003,0.200,0.040,0.004,30.3,,63,2,140,27.1,22.4,984.6,999.8,.7,,36.4
2016-08-15 19:00:00,3.948,23,14,0.003,0.200,0.035,0.004,28.6,,70,2.2,110,27.2,22.5,985.1,1000.4,.6,,33.2
2016-08-15 20:00:00,0.024,23,16,0.003,0.200,0.030,0.006,27.8,,75,.2,0,27.9,22.9,985.7,1001,0,,31.3
2016-08-15 21:00:00,0,24,12,0.003,0.200,0.025,0.005,27.1,,80,1.9,110,28.6,23.3,986,1001.4,,,29.9
2016-08-15 22:00:00,0,28,10,0.003,0.200,0.021,0.004,26.4,,84,.5,110,28.8,23.4,986.4,1001.8,,,29.1
2016-08-15 23:00:00,0,25,10,0.003,0.200,0.018,0.004,25.9,,86,.3,0,28.6,23.3,986.2,1001.7,,,28.4
2016-08-16 00:00:00,0,29,16,0.003,0.200,0.015,0.004,25.8,,85,.5,110,28.1,23,986.3,1001.8,,,28.4
2016-08-16 01:00:00,0,29,12,0.003,0.200,0.017,0.004,25.6,,86,.7,250,28.1,23,986,1001.5,,,27.8
2016-08-16 02:00:00,0,26,14,0.004,0.200,0.019,0.004,25.3,,85,.6,340,27.2,22.5,986,1001.5,,,27.3
2016-08-16 03:00:00,0,32,17,0.004,0.300,0.022,0.003,25.3,,83,1.1,250,26.6,22.1,985.7,1001.2,,,27.3
2016-08-16 04:00:00,0,29,12,0.004,0.300,0.023,0.004,25.2,,83,1.3,320,26.4,22,985.5,1001,,,27
2016-08-16 05:00:00,0,32,13,0.004,0.300,0.025,0.004,24.9,,85,1,320,26.6,22.1,985.7,1001.2,,,26.9
2016-08-16 06:00:00,0,36,19,0.004,0.300,0.031,0.004,24.7,,83,.5,230,25.8,21.6,985.6,1001.2,0,,26.5
2016-08-16 07:00:00,0.328,41,21,0.005,0.300,0.033,0.005,24.7,,80,.9,200,24.9,21,985.7,1001.3,0,,26.9
2016-08-16 08:00:00,1.748,43,18,0.005,0.300,0.031,0.006,25.8,,75,1.1,270,24.9,21,986.2,1001.7,0,,28.4
2016-08-16 09:00:00,4.852,44,26,0.004,0.300,0.030,0.007,27.2,,66,1.8,20,23.7,20.2,986.4,1001.8,.6,,32.9
2016-08-16 10:00:00,12.572,56,29,0.005,0.400,0.043,0.006,29.7,,54,1.7,20,22.4,19.3,986.6,1001.9,.8,,38.9
2016-08-16 11:00:00,17.504,62,23,0.005,0.400,0.051,0.006,30.1,,54,1.6,320,22.9,19.7,986.3,1001.6,1,,44.3
2016-08-16 12:00:00,24.6,51,15,0.004,0.300,0.057,0.004,31.6,,52,1.7,270,24.1,20.5,985.7,1000.9,1,,49
2016-08-16 13:00:00,21.936,50,24,0.004,0.300,0.061,0.005,32.3,,50,1.8,50,24.1,20.5,985.2,1000.3,1,,51.8
2016-08-16 14:00:00,23.08,54,28,0.004,0.300,0.063,0.004,33.2,,43,1.9,160,21.8,18.9,984.6,999.7,1,,52.5
2016-08-16 15:00:00,28.876,49,28,0.013,0.600,0.080,0.015,33.3,,41,2.7,70,20.9,18.2,984.2,999.3,1,,52.3
2016-08-16 16:00:00,21.152,64,39,0.024,1.300,0.073,0.024,29.6,,62,3,20,25.6,21.5,984.5,999.7,.1,,40.7
2016-08-16 17:00:00,7.384,94,36,0.014,0.700,0.062,0.017,29.3,,63,2.9,70,25.6,21.5,985.1,1000.3,.2,,39
2016-08-16 18:00:00,1.668,60,28,0.007,0.300,0.057,0.009,29,,62,2.5,50,24.7,20.9,985.3,1000.5,.7,,36
2016-08-16 19:00:00,0.132,43,18,0.006,0.300,0.050,0.010,27.8,,68,1.2,140,25.3,21.3,985.6,1000.9,.1,,32.7
2016-08-16 20:00:00,0,43,26,0.006,0.400,0.041,0.012,27.1,,73,1.5,50,26.1,21.8,985.9,1001.3,0,,30.5
2016-08-16 21:00:00,0,46,26,0.006,0.300,0.034,0.012,26.7,,76,.6,50,26.6,22.1,986.4,1001.8,,,29.6
2016-08-16 22:00:00,0,34,21,0.006,0.500,0.032,0.012,26.3,,80,1,360,27.2,22.5,987.1,1002.6,,,28.9
2016-08-16 23:00:00,0,48,25,0.005,0.600,0.030,0.009,25.6,,84,.4,0,27.4,22.6,987.1,1002.6,,,28.2
2016-08-17 00:00:00,0,54,27,0.005,0.600,0.027,0.008,24.9,,88,.3,0,27.6,22.7,987,1002.6,,,27.2
2016-08-17 01:00:00,0,51,31,0.005,0.500,0.024,0.007,24.5,,90,.6,340,27.6,22.7,987,1002.4,,,26.6
2016-08-17 02:00:00,0,52,30,0.004,0.500,0.020,0.007,24.2,,90,.3,0,27.1,22.4,987,1002.5,,,26.1
2016-08-17 03:00:00,0,43,24,0.004,0.500,0.019,0.006,24,,91,1.1,250,27.1,22.4,987.3,1002.8,,,25.8
2016-08-17 04:00:00,0,53,33,0.004,0.500,0.019,0.005,23.7,,91,.3,0,26.6,22.1,987.6,1003.1,,,25.4
2016-08-17 05:00:00,0,49,23,0.004,0.500,0.020,0.005,23.6,,91,1,90,26.4,22,987.6,1003.1,,,25.1
2016-08-17 06:00:00,0,41,21,0.004,0.500,0.016,0.005,23.4,,92,.5,290,26.4,22,988.1,1003.7,0,,24.8
2016-08-17 07:00:00,0.332,39,25,0.004,0.400,0.018,0.005,23.8,,91,1.1,340,26.8,22.2,988.9,1004.4,0,,26.2
2016-08-17 08:00:00,2.336,49,26,0.004,0.400,0.020,0.005,25.2,,82,.9,270,26.3,21.9,988.9,1004.5,.4,,29.3
2016-08-17 09:00:00,5.732,48,28,0.004,0.400,0.027,0.007,27,,74,1,270,26.3,21.9,988.8,1004.2,1,,34.1
2016-08-17 10:00:00,12.328,46,29,0.004,0.400,0.044,0.005,29.3,,61,1,70,24.7,20.9,988.4,1003.7,1,,40.1
2016-08-17 11:00:00,19.276,49,21,0.004,0.300,0.056,0.004,31.5,,55,1.1,340,25.3,21.3,988,1003.2,1,,45.8
2016-08-17 12:00:00,24.624,54,24,0.005,0.300,0.063,0.005,32.3,,52,1.7,340,25,21.1,987.4,1002.6,1,,49.9
2016-08-17 13:00:00,26.188,59,26,0.005,0.300,0.073,0.005,33.7,,48,1.5,70,25,21.1,986.9,1002,.9,,52.3
2016-08-17 14:00:00,28.204,51,28,0.007,0.300,0.076,0.009,32.1,,47,2.1,140,22.4,19.3,986.7,1001.9,.6,,46.5
2016-08-17 15:00:00,2.948,46,26,0.006,0.400,0.067,0.012,31.3,,52,2.3,20,23.7,20.2,986.5,1001.7,.2,,41.7
2016-08-17 16:00:00,9.816,50,28,0.008,0.400,0.056,0.021,31.7,,52,1.1,320,24.3,20.6,986.5,1001.7,.5,,42.8
2016-08-17 17:00:00,6.456,54,24,0.009,0.300,0.062,0.012,29.2,,65,1.8,110,26.3,21.9,986.9,1002.2,0,,38.8
2016-08-17 18:00:00,1.48,40,31,0.005,0.300,0.061,0.006,26.4,,73,2.7,50,25,21.1,987.4,1002.9,.1,,34.2
2016-08-17 19:00:00,1.296,36,20,0.004,0.300,0.054,0.008,26.4,,74,1.9,90,25.3,21.3,988,1003.5,0,,31.2
2016-08-17 20:00:00,0,39,22,0.004,0.300,0.051,0.006,25.5,,77,.5,70,25,21.1,988.6,1004.1,0,,29.6
2016-08-17 21:00:00,0,36,28,0.004,0.300,0.043,0.006,25.6,,76,1.3,90,24.9,21,989.5,1005,,,28.6
2016-08-17 22:00:00,0,37,20,0.004,0.300,0.037,0.007,25.3,,77,1.1,20,24.7,20.9,989.9,1005.5,,,27.9
2016-08-17 23:00:00,0,43,23,0.004,0.300,0.032,0.007,24.8,,80,.6,110,25,21.1,989.8,1005.4,,,27.1
2016-08-18 00:00:00,0,36,21,0.004,0.300,0.027,0.006,24.1,,83,.2,0,24.9,21,990.1,1005.6,,,26.3
2016-08-18 01:00:00,0,43,30,0.004,0.400,0.028,0.006,24.3,,83,.6,340,25.2,21.2,990,1005.5,,,26.8
2016-08-18 02:00:00,0,43,22,0.004,0.500,0.025,0.007,24,,85,.2,0,25.3,21.3,990.3,1005.8,,,26.3
2016-08-18 03:00:00,0,39,28,0.005,0.600,0.021,0.008,23.9,,85,.5,70,25.2,21.2,990.5,1006.1,,,26
2016-08-18 04:00:00,0,44,24,0.005,0.600,0.019,0.008,23.5,,87,.4,0,25.2,21.2,990.2,1005.8,,,25.5
2016-08-18 05:00:00,0,40,19,0.005,0.700,0.017,0.008,23.3,,89,.1,0,25.3,21.3,990.1,1005.7,,,25
2016-08-18 06:00:00,0,38,23,0.004,0.700,0.014,0.008,23,,89,.2,0,24.9,21,990.4,1006,0,,24.5
2016-08-18 07:00:00,0.62,42,17,0.004,0.600,0.014,0.007,23.9,,85,.3,0,25.2,21.2,990.7,1006.3,.2,,25.8
2016-08-18 08:00:00,2.952,41,25,0.005,0.700,0.017,0.009,25.6,,75,.4,0,24.6,20.8,991.1,1006.7,.8,,30.6
2016-08-18 09:00:00,4.328,44,27,0.005,0.600,0.025,0.009,26.5,,75,.8,320,25.8,21.6,991.1,1006.6,0,,32
2016-08-18 10:00:00,8.564,50,23,0.005,0.300,0.043,0.004,27.7,,70,.9,90,26,21.7,991.3,1006.7,0,,34.6
2016-08-18 11:00:00,13.8,41,19,0.004,0.300,0.048,0.003,29.4,,62,1.5,90,25.3,21.3,990.9,1006.2,1,,43.1
2016-08-18 12:00:00,23.64,43,13,0.004,0.300,0.052,0.003,31.1,,52,1.4,110,23.4,20,990.5,1005.8,1,,48.3
2016-08-18 13:00:00,26.268,46,24,0.004,0.300,0.056,0.003,32,,51,1.9,250,24.1,20.5,990.1,1005.3,1,,51.2
2016-08-18 14:00:00,29.636,40,15,0.004,0.200,0.056,0.003,33.8,,45,1,20,23.7,20.2,989.3,1004.4,1,,53.6
2016-08-18 15:00:00,28.892,36,12,0.004,0.200,0.061,0.003,33.8,,42,1.6,140,22,19,989,1004.1,1,,52.7
2016-08-18 16:00:00,25.552,34,17,0.004,0.300,0.067,0.003,33,,46,1.6,360,23.1,19.8,988.7,1003.8,1,,49.1
2016-08-18 17:00:00,15.784,32,19,0.004,0.300,0.071,0.004,32.6,,46,1.4,360,22.5,19.4,988.7,1003.9,.8,,44.1
2016-08-18 18:00:00,12.256,37,15,0.006,0.300,0.086,0.008,32.3,,45,1,200,21.7,18.8,988.9,1004.1,1,,39.3
2016-08-18 19:00:00,1.884,36,18,0.008,0.300,0.075,0.011,29.4,,55,1.8,110,22.5,19.4,989.4,1004.7,.4,,34.3
2016-08-18 20:00:00,0,38,23,0.010,0.200,0.045,0.012,28.1,,65,1.2,50,24.6,20.8,990.2,1005.6,0,,31.6
2016-08-18 21:00:00,0,32,23,0.009,0.200,0.037,0.012,27.3,,71,.6,20,25.6,21.5,990.9,1006.3,,,30.2
2016-08-18 22:00:00,0,33,15,0.006,0.300,0.039,0.010,27,,73,.7,70,26,21.7,991.3,1006.8,,,29.2
2016-08-18 23:00:00,0,36,19,0.005,0.300,0.032,0.009,26.5,,76,.8,290,26.3,21.9,991.4,1006.9,,,28.6
2016-08-19 00:00:00,0,34,19,0.005,0.300,0.030,0.008,25.9,,81,1,50,26.9,22.3,991.3,1006.9,,,27.8
2016-08-19 01:00:00,0,29,16,0.005,0.300,0.028,0.007,25.2,,85,.5,360,27.1,22.4,991.3,1006.9,,,27
2016-08-19 02:00:00,0,43,17,0.004,0.300,0.024,0.007,24.3,,88,.1,0,26.6,22.1,991.2,1006.7,,,26.2
2016-08-19 03:00:00,0,32,17,0.004,0.300,0.021,0.006,23.7,,89,.2,0,26,21.7,991.1,1006.7,,,25.4
2016-08-19 04:00:00,0,31,18,0.004,0.300,0.019,0.006,23,,89,.5,200,24.9,21,991,1006.6,,,24.5
2016-08-19 05:00:00,0,30,17,0.004,0.300,0.018,0.006,22.2,,90,.6,20,24,20.4,991.4,1007.1,,,23.8
2016-08-19 06:00:00,0,28,17,0.004,0.300,0.015,0.006,21.6,,90,1.4,340,23.1,19.8,991.7,1007.5,0,,23.3
2016-08-19 07:00:00,0.216,29,17,0.004,0.300,0.015,0.007,22.4,,91,.1,0,24.6,20.8,992.1,1007.8,0,,24.5
2016-08-19 08:00:00,1.292,29,16,0.004,0.300,0.019,0.007,24.1,,84,.8,250,25.2,21.2,991.8,1007.4,.8,,29.2
2016-08-19 09:00:00,4.86,29,16,0.005,0.300,0.027,0.007,27.3,,67,.6,230,24.3,20.6,991.8,1007.3,1,,35
2016-08-19 10:00:00,12.644,38,20,0.006,0.200,0.041,0.004,29.4,,52,2.1,70,21.3,18.5,991.8,1007.1,1,,41.2
2016-08-19 11:00:00,19.924,36,17,0.005,0.200,0.046,0.004,31.1,,48,1.8,110,21.6,18.7,991.4,1006.7,1,,46.2
2016-08-19 12:00:00,24.824,34,17,0.005,0.200,0.050,0.004,31.9,,43,2,90,20.2,17.7,991.1,1006.3,1,,50.5
2016-08-19 13:00:00,26.448,32,15,0.005,0.200,0.054,0.003,32.8,,40,1.4,70,19.9,17.4,990.9,1006.1,1,,53.8
2016-08-19 14:00:00,28.908,38,14,0.004,0.200,0.057,0.004,33.6,,37,2,360,19.1,16.8,990.4,1005.5,1,,54.3
2016-08-19 15:00:00,28.412,37,11,0.004,0.200,0.058,0.004,34.2,,38,1.3,250,20.4,17.8,989.9,1005,1,,52.8
2016-08-19 16:00:00,25.796,30,15,0.006,0.300,0.074,0.008,34.2,,37,1.2,290,19.9,17.4,990,1005.1,1,,49.7
2016-08-19 17:00:00,18.164,35,13,0.008,0.300,0.078,0.010,32.6,,40,1.2,360,19.6,17.2,990,1005.2,.9,,43.5
2016-08-19 18:00:00,9.168,41,15,0.008,0.300,0.077,0.009,31,,46,2.1,110,20.6,18,990,1005.3,0,,37.9
2016-08-19 19:00:00,0.592,46,23,0.009,0.300,0.058,0.010,29,,56,2,50,22.4,19.3,990.3,1005.6,0,,33.8
2016-08-19 20:00:00,0,41,17,0.009,0.200,0.044,0.010,28.5,,65,1.2,340,25.2,21.2,990.7,1006.1,0,,32.1
2016-08-19 21:00:00,0,34,15,0.007,0.200,0.039,0.009,27.9,,68,1.5,70,25.5,21.4,991.2,1006.6,,,30.7
2016-08-19 22:00:00,0,34,14,0.006,0.300,0.032,0.010,27.2,,73,1.4,50,26.3,21.9,991.5,1007,,,29.6
2016-08-19 23:00:00,0,34,17,0.006,0.300,0.028,0.010,26,,78,.6,180,26.1,21.8,991.6,1007.2,,,28.6
2016-08-20 00:00:00,0,35,21,0.005,0.300,0.025,0.008,25.3,,84,.5,110,26.9,22.3,991.8,1007.4,,,27.8
2016-08-20 01:00:00,0,36,22,0.005,0.300,0.022,0.009,24.8,,86,.2,0,26.8,22.2,991.9,1007.5,,,27.2
2016-08-20 02:00:00,0,39,20,0.005,0.300,0.018,0.008,24.5,,87,.8,360,26.6,22.1,992,1007.5,,,26.6
2016-08-20 03:00:00,0,39,23,0.005,0.400,0.020,0.009,23.9,,88,.9,230,26,21.7,991.8,1007.4,,,25.9
2016-08-20 04:00:00,0,38,19,0.004,0.300,0.017,0.007,23.8,,89,.5,250,26.1,21.8,992,1007.6,,,25.9
2016-08-20 05:00:00,0,37,16,0.005,0.400,0.017,0.008,23.8,,88,.8,340,25.8,21.6,992.2,1007.8,,,25.7
2016-08-20 06:00:00,0,38,21,0.004,0.400,0.016,0.007,23.6,,88,.2,0,25.5,21.4,992.4,1008,0,,25.6
2016-08-20 07:00:00,0.852,37,15,0.005,0.400,0.016,0.007,24.6,,83,.8,320,25.6,21.5,992.4,1007.9,0,,27.2
2016-08-20 08:00:00,2.916,39,18,0.005,0.300,0.020,0.009,25.9,,76,.8,320,25.3,21.3,992.4,1008,.3,,29.9
2016-08-20 09:00:00,5.776,43,20,0.005,0.300,0.033,0.005,27.6,,65,1.9,320,24,20.4,992.4,1007.8,.8,,35.1
2016-08-20 10:00:00,12.628,46,16,0.005,0.300,0.043,0.004,29.2,,55,2.3,290,22.2,19.2,992.2,1007.5,1,,41.5
2016-08-20 11:00:00,18.536,45,17,0.004,0.300,0.046,0.003,30.3,,46,1.7,360,19.7,17.3,991.4,1006.7,1,,46.8
2016-08-20 12:00:00,25.508,43,19,0.004,0.200,0.046,0.003,31.2,,45,1.8,200,20.4,17.8,991.1,1006.4,1,,50.5
2016-08-20 13:00:00,28.644,38,11,0.004,0.200,0.050,0.003,32.8,,44,1.6,270,21.8,18.9,990.5,1005.7,1,,53.4
2016-08-20 14:00:00,28.896,37,13,0.004,0.200,0.052,0.002,33.1,,36,3,50,18.2,16,989.9,1005.1,1,,53.3
2016-08-20 15:00:00,28.712,34,20,0.004,0.200,0.055,0.003,33.3,,37,2.7,50,18.9,16.6,989.4,1004.5,1,,52.3
2016-08-20 16:00:00,26.064,33,14,0.005,0.300,0.062,0.005,33.4,,37,2.1,270,19,16.7,989,1004.1,1,,50
2016-08-20 17:00:00,20.592,27,14,0.008,0.300,0.071,0.009,33,,37,2,90,18.5,16.3,989,1004.1,1,,45.8
2016-08-20 18:00:00,12.292,43,15,0.008,0.300,0.072,0.010,32.8,,42,1.2,180,20.8,18.1,988.8,1004,1,,40.2
2016-08-20 19:00:00,0.324,39,17,0.007,0.300,0.060,0.009,29.4,,57,1.3,90,23.2,19.9,989,1004.3,.7,,35.3
2016-08-20 20:00:00,0,38,17,0.008,0.300,0.053,0.009,27.5,,64,.4,0,23.4,20,989.4,1004.8,0,,32.1
2016-08-20 21:00:00,0,41,20,0.009,0.400,0.045,0.010,26.5,,69,.3,0,23.8,20.3,989.9,1005.4,,,30.3
2016-08-20 22:00:00,0,41,21,0.007,0.400,0.038,0.009,25.4,,76,.5,70,24.6,20.8,990.3,1005.9,,,28.9
2016-08-20 23:00:00,0,31,24,0.006,0.400,0.032,0.010,24.8,,79,.5,230,24.7,20.9,990.6,1006.2,,,27.8
2016-08-21 00:00:00,0,40,24,0.006,0.400,0.029,0.008,23.8,,81,.4,0,23.8,20.3,990.6,1006.2,,,26.5
2016-08-21 01:00:00,0,42,20,0.005,0.400,0.025,0.008,23.3,,86,.2,0,24.6,20.8,990.5,1006.1,,,25.5
2016-08-21 02:00:00,0,39,21,0.005,0.400,0.023,0.007,22.7,,87,.6,340,24,20.4,990.5,1006.2,,,24.8
2016-08-21 03:00:00,0,38,20,0.005,0.400,0.022,0.006,21.8,,86,.1,0,22.4,19.3,990.4,1006.1,,,24
2016-08-21 04:00:00,0,30,19,0.004,0.300,0.021,0.005,21.4,,88,.6,360,22.4,19.3,990.6,1006.4,,,23.3
2016-08-21 05:00:00,0,35,17,0.004,0.300,0.020,0.005,20.8,,87,.5,90,21.3,18.5,991,1006.8,,,22.8
2016-08-21 06:00:00,0,37,12,0.004,0.300,0.020,0.005,20.6,,91,.3,0,22,19,991.4,1007.3,0,,22.4
2016-08-21 07:00:00,0.112,29,9,0.004,0.300,0.020,0.005,21.6,,86,.5,340,22.1,19.1,991.7,1007.5,.5,,24
2016-08-21 08:00:00,1.156,33,17,0.005,0.300,0.023,0.006,23.2,,74,.7,320,21,18.3,992,1007.6,1,,28.6
2016-08-21 09:00:00,4.72,34,14,0.004,0.300,0.030,0.005,26,,64,1,320,21.4,18.6,991.7,1007.3,1,,34.8
2016-08-21 10:00:00,12.368,35,17,0.005,0.300,0.038,0.004,28.6,,55,1.7,320,21.4,18.6,991.3,1006.7,1,,41.5
2016-08-21 11:00:00,20.132,32,14,0.004,0.200,0.040,0.002,30.2,,50,1.6,290,21.4,18.6,990.7,1006,1,,46.6
2016-08-21 12:00:00,25.56,28,9,0.004,0.200,0.041,0.002,31.3,,45,1.6,340,20.5,17.9,990.5,1005.8,1,,51.4
2016-08-21 13:00:00,28.092,27,7,0.004,0.200,0.041,0.002,31.7,,46,1.9,340,21.4,18.6,990,1005.2,1,,51.7
2016-08-21 14:00:00,29.372,31,4,0.004,0.200,0.040,0.002,32.9,,41,2.1,340,20.4,17.8,989.6,1004.8,1,,53.9
2016-08-21 15:00:00,28.896,31,4,0.004,0.200,0.041,0.002,32.9,,40,1.8,230,20,17.5,989.1,1004.3,1,,52.2
2016-08-21 16:00:00,24.72,24,10,0.004,0.200,0.042,0.002,33,,38,1.9,70,19,16.7,988.8,1003.9,1,,49.2
2016-08-21 17:00:00,18.532,20,8,0.004,0.200,0.044,0.002,33.4,,35,1.8,90,17.9,15.8,988.9,1004,1,,45.3
2016-08-21 18:00:00,6.748,39,15,0.004,0.200,0.044,0.003,32.2,,42,1.4,110,20.1,17.6,988.8,1004,1,,39.3
2016-08-21 19:00:00,2.44,21,10,0.006,0.200,0.046,0.007,29.3,,55,.6,200,22.4,19.3,989.3,1004.6,.7,,34.9
2016-08-21 20:00:00,0,28,8,0.008,0.200,0.047,0.009,27.8,,62,.5,20,23.1,19.8,989.9,1005.3,0,,31.9
2016-08-21 21:00:00,0,38,20,0.007,0.200,0.047,0.007,26.6,,69,.2,0,24,20.4,990.6,1006.1,,,30.2
2016-08-21 22:00:00,0,38,16,0.008,0.300,0.036,0.009,25.6,,75,.2,0,24.6,20.8,991.1,1006.7,,,28.9
2016-08-21 23:00:00,0,35,17,0.007,0.300,0.030,0.008,24.8,,81,.6,340,25.3,21.3,991.6,1007.2,,,27.9
2016-08-22 00:00:00,0,30,19,0.006,0.300,0.025,0.007,24.3,,82,.3,0,24.9,21,991.3,1006.8,,,27.1
2016-08-22 01:00:00,0,33,10,0.005,0.300,0.021,0.006,23.9,,85,.5,360,25.2,21.2,990.8,1006.4,,,26.3
2016-08-22 02:00:00,0,35,13,0.005,0.300,0.020,0.006,23.3,,87,.8,230,24.9,21,991,1006.6,,,25.6
2016-08-22 03:00:00,0,25,16,0.004,0.300,0.019,0.005,22.8,,89,.7,340,24.6,20.8,991.1,1006.8,,,24.9
2016-08-22 04:00:00,0,26,14,0.004,0.300,0.019,0.005,22.3,,91,.6,250,24.4,20.7,991,1006.7,,,24.3
2016-08-22 05:00:00,0,28,18,0.004,0.300,0.017,0.005,22.2,,90,.2,0,24,20.4,991.3,1007,,,23.6
2016-08-22 06:00:00,0,27,18,0.004,0.300,0.014,0.005,21.8,,91,.9,360,23.7,20.2,991.9,1007.7,0,,23.3
2016-08-22 07:00:00,0.16,29,20,0.004,0.300,0.013,0.006,22.9,,87,.7,360,24.3,20.6,992.3,1008,.5,,24.7
2016-08-22 08:00:00,1.22,33,12,0.004,0.300,0.020,0.006,25.4,,74,.4,0,24,20.4,992.4,1008,1,,29.4
2016-08-22 09:00:00,4.852,30,14,0.004,0.300,0.028,0.007,27.4,,65,.5,270,23.7,20.2,992.1,1007.6,1,,35.5
2016-08-22 10:00:00,12.348,38,21,0.005,0.300,0.035,0.005,30,,55,.9,340,23.2,19.9,991.8,1007.2,1,,42
2016-08-22 11:00:00,19.432,40,16,0.005,0.300,0.038,0.004,31.4,,49,1.2,320,22.4,19.3,991.3,1006.6,1,,47.7
2016-08-22 12:00:00,24.604,42,12,0.004,0.200,0.039,0.004,31.7,,46,1.8,270,21.4,18.6,990.5,1005.7,1,,52.1
2016-08-22 13:00:00,28.128,35,11,0.004,0.200,0.043,0.003,33.6,,39,1.7,290,20.2,17.7,989.9,1005,1,,55.5
2016-08-22 14:00:00,22.752,33,10,0.004,0.200,0.044,0.006,33.8,,38,2,70,19.9,17.4,989.1,1004.2,1,,54.3
2016-08-22 15:00:00,27.228,,,,,,,34.4,,35,1.8,50,19,16.7,988.6,1003.7,1,,55.5
2016-08-22 16:00:00,11.02,,,,,,,32.9,,42,1.3,160,20.9,18.2,988.6,1003.7,.4,,44.1
2016-08-22 17:00:00,7.644,45,16,0.010,0.400,0.051,0.014,34.2,,42,.9,90,22.5,19.4,988.5,1003.6,.4,,44
2016-08-22 18:00:00,0.912,34,16,0.007,0.300,0.052,0.012,31.1,,53,.8,140,23.8,20.3,988.9,1004.1,0,,37.7
2016-08-22 19:00:00,0.12,36,17,0.014,0.400,0.046,0.022,30,,57,2.2,70,24.1,20.5,989,1004.3,0,,34.5
2016-08-22 20:00:00,0,44,25,0.020,0.800,0.037,0.025,28.5,,67,3.3,70,26,21.7,989.7,1005,0,,32.5
2016-08-22 21:00:00,0,54,26,0.023,0.900,0.025,0.028,27.6,,75,2.7,50,27.6,22.7,990.3,1005.7,,,30.8
2016-08-22 22:00:00,0,51,21,0.020,0.800,0.024,0.024,27,,79,2.6,70,28.1,23,990.5,1006,,,29.5
2016-08-22 23:00:00,0,50,15,0.015,0.600,0.027,0.020,26.8,,80,2.1,50,28.1,23,990.6,1006.1,,,29
2016-08-23 00:00:00,0,42,13,0.009,0.600,0.026,0.014,26.7,,78,2.5,50,27.2,22.5,990.8,1006.3,,,28.8
2016-08-23 01:00:00,0,33,18,0.005,0.300,0.028,0.007,26.5,,79,2.7,50,27.2,22.5,990.6,1006.1,,,28.5
2016-08-23 02:00:00,0,25,8,0.005,0.300,0.021,0.007,26.3,,80,2.6,50,27.2,22.5,990.6,1006.1,,,28.2
2016-08-23 03:00:00,0,25,10,0.005,0.400,0.020,0.008,26.1,,76,2.5,50,25.6,21.5,990.6,1006.1,,,27.9
2016-08-23 04:00:00,0,30,9,0.005,0.400,0.021,0.007,25.8,,76,1.8,70,25.2,21.2,990.8,1006.4,,,27.3
2016-08-23 05:00:00,0,31,15,0.005,0.400,0.020,0.008,25.9,,76,1.6,70,25.3,21.3,990.9,1006.4,,,27.3
2016-08-23 06:00:00,0,28,14,0.005,0.300,0.018,0.008,25.3,,80,.4,0,25.6,21.5,991.5,1007.1,0,,27.2
2016-08-23 07:00:00,0.068,27,9,0.005,0.300,0.016,0.010,25.7,,80,.3,0,26.3,21.9,991.7,1007.3,0,,27.6
2016-08-23 08:00:00,1.32,30,15,0.005,0.300,0.015,0.010,26.3,,74,1.1,50,25.2,21.2,992,1007.5,0,,29.1
2016-08-23 09:00:00,3.908,40,12,0.005,0.300,0.018,0.009,27,,69,1.4,90,24.6,20.8,992,1007.5,0,,31.9
2016-08-23 10:00:00,9.808,41,15,0.005,0.300,0.024,0.009,27,,68,2.1,70,24.1,20.5,992.4,1007.9,0,,31.6
2016-08-23 11:00:00,10.516,32,13,0.005,0.300,0.038,0.005,28,,66,1.3,50,24.9,21,992.4,1007.8,0,,33.7
2016-08-23 12:00:00,11.92,34,14,0.005,0.300,0.039,0.004,28.9,,60,1.8,50,23.8,20.3,991.9,1007.2,.5,,40.9
2016-08-23 13:00:00,21.216,35,15,0.005,0.300,0.046,0.004,29,,58,2.6,90,23.1,19.8,991.5,1006.8,.5,,42.5
2016-08-23 14:00:00,21.224,40,16,0.004,0.300,0.054,0.005,30.7,,53,2.1,70,23.4,20,990.9,1006.2,.5,,44.3
2016-08-23 15:00:00,11.724,37,20,0.004,0.300,0.057,0.005,31.3,,50,2,50,22.8,19.6,989.9,1005.2,1,,48.2
2016-08-23 16:00:00,21.304,30,22,0.004,0.300,0.062,0.005,30.7,,52,2.8,50,22.9,19.7,989.5,1004.8,1,,46
2016-08-23 17:00:00,17.516,38,20,0.005,0.300,0.068,0.005,30.1,,55,2.4,50,23.4,20,989.7,1005,1,,41.7
2016-08-23 18:00:00,9.148,28,16,0.005,0.300,0.062,0.006,29.1,,59,2.2,50,23.7,20.2,989.4,1004.7,.9,,36.3
2016-08-23 19:00:00,1.948,31,16,0.005,0.300,0.057,0.008,28.2,,63,1.3,50,24,20.4,990.2,1005.6,0,,32.9
2016-08-23 20:00:00,0,28,11,0.005,0.300,0.045,0.009,27.6,,66,2.3,50,24.3,20.6,990.4,1005.8,0,,30.8
2016-08-23 21:00:00,0,29,15,0.005,0.300,0.034,0.011,27.2,,68,1.5,20,24.4,20.7,991.2,1006.7,,,29.9
2016-08-23 22:00:00,0,34,17,0.004,0.300,0.029,0.009,26.7,,69,.9,20,24.1,20.5,991.3,1006.8,,,28.9
2016-08-23 23:00:00,0,35,17,0.004,0.300,0.024,0.010,25.9,,75,.5,200,25,21.1,991.1,1006.7,,,28.6
2016-08-24 00:00:00,0,27,17,0.004,0.300,0.021,0.008,25.9,,74,.6,90,24.7,20.9,991.5,1007.1,,,28
2016-08-24 01:00:00,0,33,23,0.004,0.300,0.021,0.007,25.8,,62,1.2,90,20.5,17.9,991.5,1007.1,,,26.9
2016-08-24 02:00:00,0,36,19,0.004,0.300,0.018,0.008,24.7,,68,.8,70,21,18.3,991.2,1006.8,,,25.9
2016-08-24 03:00:00,0,29,17,0.005,0.300,0.017,0.009,24,,71,.6,70,21.2,18.4,991.5,1007.1,,,25.6
2016-08-24 04:00:00,0,34,14,0.005,0.300,0.018,0.009,23.5,,74,.7,200,21.3,18.5,991.5,1007.1,,,25.1
2016-08-24 05:00:00,0,28,11,0.005,0.300,0.018,0.009,23.2,,75,.4,0,21.3,18.5,991.3,1006.9,,,24.7
2016-08-24 06:00:00,0,31,10,0.005,0.300,0.017,0.009,22.9,,81,.5,20,22.5,19.4,992,1007.7,0,,24.5
2016-08-24 07:00:00,0.356,27,7,0.004,0.300,0.017,0.008,23.3,,78,.7,360,22.2,19.2,992.3,1007.9,.1,,25.5
2016-08-24 08:00:00,2.172,25,8,0.004,0.300,0.019,0.008,24.8,,67,.7,320,20.9,18.2,992.4,1008.1,.5,,28.6
2016-08-24 09:00:00,5.184,38,12,0.004,0.300,0.028,0.007,26.9,,58,1,250,20.5,17.9,992.4,1007.9,1,,35
2016-08-24 10:00:00,13.08,34,12,0.004,0.300,0.040,0.005,28.3,,50,.9,140,19.1,16.8,992.2,1007.6,1,,40.9
2016-08-24 11:00:00,19.82,33,19,0.004,0.300,0.048,0.004,30.4,,43,1.2,110,18.6,16.4,991.8,1007.1,1,,46.8
2016-08-24 12:00:00,25.676,29,7,0.004,0.300,0.052,0.004,30.8,,40,1.6,340,17.7,15.6,991.3,1006.6,1,,51.2
2016-08-24 13:00:00,28.084,24,8,0.004,0.300,0.053,0.005,32.5,,24,2.6,70,11.7,9.3,990.9,1006.1,1,,52.9
2016-08-24 14:00:00,30.176,30,7,0.004,0.300,0.055,0.004,33.7,,25,1.5,50,13,10.9,990.3,1005.4,1,,53.6
2016-08-24 15:00:00,29.172,24,9,0.004,0.300,0.059,0.004,33.4,,24,2.6,70,12.3,10,990,1005.1,1,,51.9
2016-08-24 16:00:00,26.764,31,8,0.004,0.300,0.062,0.004,33.3,,23,3,50,11.7,9.3,989.6,1004.7,1,,48.2
2016-08-24 17:00:00,21.332,23,6,0.004,0.300,0.065,0.004,33,,31,2.2,70,15.6,13.6,989.7,1004.9,1,,43.6
2016-08-24 18:00:00,13.02,29,8,0.010,0.300,0.081,0.015,32.3,,33,1.5,50,15.9,13.9,989.6,1004.8,1,,38.1
2016-08-24 19:00:00,3.196,43,15,0.008,0.300,0.085,0.013,28.5,,52,1.3,70,20.1,17.6,990.1,1005.4,.7,,33.6
2016-08-24 20:00:00,0,46,16,0.007,0.300,0.071,0.012,27.3,,55,.7,50,19.9,17.4,990.9,1006.3,0,,30.6
2016-08-24 21:00:00,0,47,21,0.006,0.300,0.054,0.012,25.8,,63,.5,250,20.9,18.2,991.6,1007.2,,,28.8
2016-08-24 22:00:00,0,37,20,0.006,0.300,0.044,0.012,24.5,,72,.6,200,22.1,19.1,991.7,1007.2,,,27.4
2016-08-24 23:00:00,0,40,22,0.006,0.300,0.038,0.012,24,,76,.2,0,22.7,19.5,991.7,1007.3,,,26.1
2016-08-25 00:00:00,0,32,15,0.006,0.300,0.034,0.010,22.9,,82,.3,0,22.8,19.6,991.8,1007.5,,,25
2016-08-25 01:00:00,0,35,21,0.005,0.300,0.030,0.008,21.9,,86,1.1,340,22.5,19.4,991.6,1007.3,,,23.8
2016-08-25 02:00:00,0,30,19,0.005,0.300,0.027,0.009,20.9,,88,.3,0,21.7,18.8,991.5,1007.3,,,22.6
2016-08-25 03:00:00,0,31,17,0.004,0.300,0.025,0.007,20.1,,89,.5,20,20.9,18.2,991.3,1007.2,,,21.6
2016-08-25 04:00:00,0,32,19,0.004,0.300,0.030,0.006,19.1,,89,.9,250,19.6,17.2,991.1,1006.9,,,20.8
2016-08-25 05:00:00,0,25,14,0.004,0.300,0.030,0.006,18.4,,85,.9,230,17.9,15.8,991.4,1007.3,,,20.2
2016-08-25 06:00:00,0,24,17,0.004,0.300,0.026,0.006,18.2,,84,.6,230,17.5,15.4,991.8,1007.7,0,,19.9
2016-08-25 07:00:00,0.112,21,12,0.004,0.300,0.022,0.006,19.7,,79,.6,290,18.1,15.9,992.1,1008.1,.4,,21.5
2016-08-25 08:00:00,1.188,23,11,0.004,0.300,0.026,0.008,22.7,,72,.7,340,19.7,17.3,992.1,1007.8,1,,26.6
2016-08-25 09:00:00,5.088,26,18,0.004,0.300,0.034,0.008,24.7,,61,1.1,320,18.9,16.6,991.7,1007.3,1,,32.9
2016-08-25 10:00:00,12.952,19,13,0.004,0.300,0.043,0.006,27.3,,50,1.1,290,18.1,15.9,991.5,1007,1,,39.7
2016-08-25 11:00:00,19.804,24,15,0.004,0.300,0.051,0.007,30,,40,1.1,340,16.9,14.9,990.8,1006.1,1,,46.1
2016-08-25 12:00:00,24.752,45,14,0.004,0.300,0.053,0.005,32.3,,34,1.8,20,16.4,14.4,990,1005.2,1,,45.8
2016-08-25 13:00:00,27.552,42,10,0.004,0.300,0.056,0.003,33.4,,33,1.3,360,16.9,14.9,989.2,1004.3,1,,56.6
2016-08-25 14:00:00,22.676,31,12,0.005,0.300,0.066,0.004,34.5,,32,1.8,250,17.5,15.4,988.4,1003.5,1,,61.6
2016-08-25 15:00:00,27.224,32,10,0.016,0.800,0.068,0.014,34,,38,1.8,360,20.1,17.6,987.5,1002.6,1,,58.6
2016-08-25 16:00:00,26.132,46,28,0.019,0.900,0.091,0.017,34,,35,1.7,90,18.5,16.3,987.3,1002.4,1,,53.3
2016-08-25 17:00:00,20.6,60,24,0.017,0.700,0.074,0.018,33.2,,39,2,70,19.7,17.3,987.5,1002.6,1,,46.1
2016-08-25 18:00:00,11.132,50,23,0.019,0.800,0.046,0.024,32.2,,43,1.9,140,20.6,18,987.5,1002.7,1,,36.7
2016-08-25 19:00:00,2.236,59,22,0.015,0.700,0.043,0.022,29.6,,50,.6,250,20.6,18,987.9,1003.1,.5,,31.3
2016-08-25 20:00:00,0,42,21,0.014,0.700,0.035,0.023,27.9,,59,1.2,270,22.1,19.1,988.6,1004,0,,28.8
2016-08-25 21:00:00,0,43,23,0.012,0.700,0.033,0.020,27.1,,64,.2,0,22.8,19.6,989.2,1004.6,,,27.4
2016-08-25 22:00:00,0,50,24,0.006,0.400,0.040,0.010,26.6,,67,.5,50,23.2,19.9,989.4,1004.9,,,26.7
2016-08-25 23:00:00,0,34,20,0.005,0.400,0.040,0.007,25.8,,73,.7,270,24.1,20.5,989.5,1005,,,25.6
2016-08-26 00:00:00,0,33,17,0.004,0.400,0.038,0.007,24.7,,77,.5,250,23.8,20.3,989.6,1005.2,,,24.5
2016-08-26 01:00:00,0,41,24,0.004,0.300,0.046,0.005,23.9,,79,.6,250,23.4,20,989.7,1005.2,,,23.6
2016-08-26 02:00:00,0,40,22,0.004,0.300,0.044,0.004,23.2,,81,1,270,22.9,19.7,989.4,1005,,,23.2
2016-08-26 03:00:00,0,36,23,0.004,0.300,0.042,0.004,23.6,,79,.4,0,22.9,19.7,989.4,1005,,,23.8
2016-08-26 04:00:00,0,33,24,0.004,0.300,0.041,0.004,23.1,,80,.4,0,22.5,19.4,989.2,1004.8,,,23.5
2016-08-26 05:00:00,0,35,25,0.004,0.300,0.040,0.004,22.9,,83,.5,320,23.1,19.8,989.1,1004.7,,,23.7
2016-08-26 06:00:00,0,34,17,0.004,0.300,0.038,0.004,22.9,,80,.8,270,22.2,19.2,989.7,1005.3,0,,23.8
2016-08-26 07:00:00,0.336,32,17,0.004,0.300,0.037,0.005,23,,78,1.2,270,21.8,18.9,990.5,1006.1,0,,24.6
2016-08-26 08:00:00,2.104,34,20,0.004,0.300,0.033,0.007,23.8,,75,.2,0,22,19,990.7,1006.3,0,,26.8
2016-08-26 09:00:00,5.808,37,22,0.004,0.300,0.035,0.008,24.8,,63,.8,320,19.6,17.2,991.2,1006.8,0,,30.2
2016-08-26 10:00:00,7.096,35,22,0.004,0.300,0.040,0.007,26.9,,53,.8,340,18.8,16.5,991.5,1007,.2,,42.8
2016-08-26 11:00:00,7.232,34,19,0.004,0.300,0.043,0.008,27.4,,54,1.4,360,19.6,17.2,991.2,1006.6,.2,,37.4
2016-08-26 12:00:00,12.372,35,20,0.004,0.300,0.048,0.008,26.7,,64,2.5,90,22.4,19.3,991.1,1006.6,0,,33.6
2016-08-26 13:00:00,3.536,32,25,0.005,0.300,0.056,0.005,23.1,.2,75,2.3,110,21.2,18.4,991.6,1007.2,0,,26.9
2016-08-26 14:00:00,2.568,34,20,0.004,0.300,0.046,0.005,21.2,.3,87,2.1,180,21.8,18.9,992.1,1007.9,0,,25.4
2016-08-26 15:00:00,1.256,30,16,0.004,0.300,0.037,0.005,20.8,0,85,2.4,180,20.8,18.1,992.6,1008.5,0,,23.7
2016-08-26 16:00:00,1.26,17,9,0.004,0.300,0.036,0.005,20.4,0,84,2,180,20,17.5,993.1,1009,0,,22.4
2016-08-26 17:00:00,0.508,14,4,0.004,0.300,0.032,0.006,19,.5,89,2.9,180,19.5,17.1,993.7,1009.6,0,,21.3
2016-08-26 18:00:00,0,13,4,0.004,0.300,0.030,0.006,18.8,.5,90,1.6,200,19.5,17.1,994.2,1010.1,0,,21
2016-08-26 19:00:00,0,12,5,0.004,0.300,0.031,0.004,18.6,2.5,93,.8,320,19.9,17.4,994.9,1010.9,0,,20.9
2016-08-26 20:00:00,0,10,4,0.004,0.300,0.030,0.004,18.4,1,93,1.1,270,19.6,17.2,995.2,1011.2,0,,20.7
2016-08-26 21:00:00,0,7,6,0.004,0.200,0.029,0.004,18.4,0,93,1,270,19.6,17.2,995.7,1011.7,,,20.6
2016-08-26 22:00:00,0,6,5,0.004,0.300,0.029,0.004,18.2,1.5,93,1.4,270,19.4,17,996,1012,,,20.3
2016-08-26 23:00:00,0,10,4,0.004,0.300,0.029,0.003,18.1,2.5,94,.7,250,19.5,17.1,996,1012,,,20.1
2016-08-27 00:00:00,0,16,9,0.004,0.300,0.030,0.003,18.1,2.5,94,1,340,19.5,17.1,996.1,1012.1,,,19.9
2016-08-27 01:00:00,0,22,9,0.004,0.300,0.032,0.003,18,.5,94,.9,340,19.4,17,995.7,1011.7,,,20
2016-08-27 02:00:00,0,14,8,0.004,0.300,0.033,0.003,18,0,93,1.3,360,19.1,16.8,995.3,1011.3,,,19.8
2016-08-27 03:00:00,0,15,6,0.004,0.300,0.031,0.003,18,.5,92,1.1,360,18.9,16.6,995.3,1011.3,,,19.8
2016-08-27 04:00:00,0,16,7,0.004,0.300,0.025,0.003,18.1,,92,.7,360,19,16.7,995,1011,,,19.8
2016-08-27 05:00:00,0,24,12,0.004,0.300,0.023,0.004,17.9,,93,1.2,360,19,16.7,995.1,1011.1,,,19.7
2016-08-27 06:00:00,0,23,12,0.004,0.300,0.021,0.005,18.2,,93,.3,0,19.4,17,995.2,1011.2,0,,19.8
2016-08-27 07:00:00,0.112,25,12,0.004,0.300,0.024,0.005,18.2,,92,.8,360,19.1,16.8,995.5,1011.5,0,,20.6
2016-08-27 08:00:00,1.952,20,8,0.005,0.300,0.031,0.004,19.2,,89,.6,290,19.7,17.3,995.5,1011.4,0,,22.1
2016-08-27 09:00:00,6.592,13,9,0.005,0.300,0.032,0.004,21.2,,76,.7,290,19,16.7,995,1010.9,.3,,26.4
2016-08-27 10:00:00,8.992,17,13,0.004,0.300,0.034,0.003,22.4,,59,1,340,15.9,13.9,994.8,1010.6,.5,,29
2016-08-27 11:00:00,12.54,26,12,0.004,0.300,0.035,0.003,23.3,,52,1,200,14.8,12.8,994.3,1010,0,,29.5
2016-08-27 12:00:00,14.228,32,12,0.004,0.300,0.037,0.003,23.9,,53,1,180,15.7,13.7,993.5,1009.1,0,,30.8
2016-08-27 13:00:00,16.724,36,11,0.004,0.300,0.039,0.003,24.5,,49,1.2,90,15,13,992.9,1008.4,.1,,33.4
2016-08-27 14:00:00,15.172,33,13,0.004,0.300,0.043,0.003,26,,48,1.8,290,16.1,14.1,992,1007.6,.9,,35
2016-08-27 15:00:00,22.44,31,15,0.004,0.300,0.048,0.003,26.5,,42,1.7,250,14.5,12.5,991.1,1006.6,.9,,35.8
2016-08-27 16:00:00,19.72,26,13,0.004,0.300,0.051,0.003,26.6,,39,1,140,13.5,11.4,990.7,1006.2,.7,,32.1
2016-08-27 17:00:00,11.048,22,11,0.004,0.300,0.052,0.003,26.4,,40,1.4,70,13.7,11.7,990.5,1006,.5,,29.2
2016-08-27 18:00:00,3.64,22,20,0.004,0.300,0.050,0.005,24.9,,48,1.6,20,15.1,13.1,990.6,1006.2,0,,25.7
2016-08-27 19:00:00,0.44,26,10,0.004,0.300,0.044,0.006,23.4,,60,.7,50,17.2,15.1,990.8,1006.4,0,,24.2
2016-08-27 20:00:00,0,24,8,0.004,0.300,0.044,0.006,23,,53,1.6,180,14.8,12.8,991.2,1006.8,0,,22.2
2016-08-27 21:00:00,0,19,6,0.004,0.300,0.042,0.005,22.6,,50,1,160,13.7,11.6,991.1,1006.8,,,21.8
2016-08-27 22:00:00,0,29,17,0.004,0.300,0.040,0.004,22.2,,51,2.3,110,13.6,11.5,991.1,1006.8,,,20.8
2016-08-27 23:00:00,0,23,11,0.004,0.300,0.038,0.004,20.6,,65,0,0,15.7,13.7,990.9,1006.8,,,21.2
2016-08-28 00:00:00,0,23,6,0.004,0.300,0.038,0.003,20.3,,70,.6,90,16.6,14.6,990.5,1006.4,,,20.9
2016-08-28 01:00:00,0,24,7,0.004,0.300,0.034,0.003,18.9,.2,82,.6,90,17.8,15.7,990.5,1006.4,,,20.5
2016-08-28 02:00:00,0,25,7,0.004,0.300,0.028,0.004,17.6,.3,92,.8,140,18.4,16.2,990.7,1006.7,,,19.7
2016-08-28 03:00:00,0,13,5,0.004,0.300,0.028,0.003,17.2,5.5,93,1.6,360,18.2,16,989.6,1005.6,,,19.3
2016-08-28 04:00:00,0,20,7,0.004,0.300,0.033,0.003,17.3,3,94,1.6,320,18.5,16.3,989.6,1005.6,,,19
2016-08-28 05:00:00,0,12,10,0.004,0.300,0.034,0.003,16.6,4,92,1,360,17.3,15.2,989,1005,,,18.6
2016-08-28 06:00:00,0,12,4,0.004,0.300,0.033,0.003,16.5,3.5,93,2.6,360,17.4,15.3,989,1005.1,0,,18.3
2016-08-28 07:00:00,0,11,8,0.004,0.300,0.033,0.003,16.8,2.5,94,.8,360,17.9,15.8,988.5,1004.5,0,,18.5
2016-08-28 08:00:00,0.056,11,9,0.004,0.300,0.032,0.005,16.9,2,94,1.9,340,18.1,15.9,988.4,1004.4,0,,18.8
2016-08-28 09:00:00,0.928,9,,0.004,0.300,0.030,0.005,17.2,3,94,1.1,360,18.4,16.2,988.5,1004.5,0,,19.8
2016-08-28 10:00:00,2.948,7,6,0.004,0.300,0.028,0.005,17.8,4,94,1.7,360,19.1,16.8,988.5,1004.4,0,,20.9
2016-08-28 11:00:00,6.044,8,4,0.003,0.300,0.030,0.004,18.6,2.5,93,1.5,340,19.9,17.4,987.9,1003.7,0,,23
2016-08-28 12:00:00,8.208,9,5,0.004,0.300,0.031,0.004,19.1,1,91,1.6,290,20,17.5,987.4,1003.2,0,,23
2016-08-28 13:00:00,6.928,10,5,0.004,0.300,0.028,0.005,19.2,1,86,2.5,290,19,16.7,987,1002.8,0,,23.4
2016-08-28 14:00:00,10.596,13,4,0.004,0.300,0.031,0.003,18.9,2.5,89,1.4,340,19.4,17,986.3,1002.1,0,,23.1
2016-08-28 15:00:00,14.196,15,4,0.004,0.200,0.036,0.002,19.8,1,86,1.7,290,19.7,17.3,985.9,1001.7,0,,25.8
2016-08-28 16:00:00,22.704,13,4,0.004,0.200,0.035,0.002,21,0,78,1.8,290,19.4,17,985.8,1001.5,.1,,26.4
2016-08-28 17:00:00,7.224,7,4,0.004,0.200,0.035,0.003,21.2,,71,3.1,290,17.8,15.7,986.1,1001.8,.3,,23.9
2016-08-28 18:00:00,7.512,6,4,0.004,0.300,0.033,0.004,21,,73,1.4,320,18.1,15.9,986.3,1002,0,,23.1
2016-08-28 19:00:00,1.628,9,4,0.004,0.300,0.028,0.005,20.3,,75,1.6,340,17.8,15.7,986.1,1001.9,.2,,21.6
2016-08-28 20:00:00,0,14,4,0.004,0.300,0.020,0.008,19.3,,81,1.1,340,18.1,15.9,986.2,1001.9,0,,20
2016-08-28 21:00:00,0,14,4,0.004,0.300,0.020,0.007,19,,84,2,340,18.4,16.2,986.6,1002.4,,,19.5
2016-08-28 22:00:00,0,13,4,0.004,0.300,0.020,0.004,18.5,,84,1.8,340,17.8,15.7,986.4,1002.2,,,18.6
2016-08-28 23:00:00,0,10,4,0.004,0.300,0.018,0.004,18.4,,82,.6,340,17.3,15.2,986.8,1002.6,,,18.4
2016-08-29 00:00:00,0,7,4,0.004,0.300,0.015,0.004,18.2,0,85,.7,320,17.7,15.6,986.8,1002.7,,,18.5
2016-08-29 01:00:00,0,8,4,0.004,0.300,0.011,0.005,17.8,.5,86,1.2,340,17.5,15.4,986.1,1002,,,18.4
2016-08-29 02:00:00,0,12,5,0.004,0.300,0.011,0.004,17.2,,88,.7,290,17.2,15.1,985.7,1001.6,,,17.8
2016-08-29 03:00:00,0,16,7,0.004,0.300,0.014,0.004,16.9,,88,1.5,20,16.8,14.8,985.6,1001.6,,,17.1
2016-08-29 04:00:00,0,19,8,0.004,0.200,0.011,0.004,16.6,,86,2.9,360,16.2,14.2,985.9,1001.9,,,16.4
2016-08-29 05:00:00,0,15,6,0.004,0.200,0.014,0.004,16.7,,83,1.6,320,15.7,13.7,986,1002,,,16.1
2016-08-29 06:00:00,0,16,6,0.004,0.200,0.016,0.004,16.7,,80,2.2,360,15.2,13.2,986.2,1002.2,0,,15.7
2016-08-29 07:00:00,0.156,14,6,0.004,0.300,0.018,0.005,17.9,,73,2.9,360,14.9,12.9,986.4,1002.3,.2,,17
2016-08-29 08:00:00,2.448,11,4,0.004,0.300,0.020,0.005,20.2,,66,2.2,340,15.6,13.6,986.7,1002.5,1,,22.4
2016-08-29 09:00:00,5.128,9,7,0.004,0.300,0.022,0.005,21.2,,56,3.1,320,14,12,986.9,1002.6,1,,26.1
2016-08-29 10:00:00,12.804,14,9,0.004,0.300,0.027,0.005,22.6,,51,3.9,320,13.9,11.9,986.8,1002.4,1,,28.4
2016-08-29 11:00:00,21.676,20,5,0.004,0.300,0.031,0.004,22.8,,47,4.2,290,12.9,10.8,986.3,1001.9,1,,29.6
2016-08-29 12:00:00,13.136,25,4,0.004,0.300,0.032,0.004,23.8,,45,3.5,320,13.2,11.1,985.7,1001.2,.9,,33.2
2016-08-29 13:00:00,21.836,26,9,0.004,0.200,0.035,0.003,24.1,,43,3.2,320,12.9,10.7,985,1000.4,.9,,32.4
2016-08-29 14:00:00,32.04,21,7,0.004,0.300,0.037,0.004,26.2,,38,3.7,320,12.9,10.7,984.3,999.7,1,,33.6
2016-08-29 15:00:00,32.832,20,4,0.004,0.300,0.042,0.004,25.4,,36,3.9,340,11.6,9.2,983.8,999.3,1,,30.7
2016-08-29 16:00:00,29.4,23,4,0.004,0.300,0.046,0.005,24.9,,35,3.6,320,10.9,8.3,983.6,999.1,.7,,27.6
2016-08-29 17:00:00,23.328,40,6,0.004,0.300,0.048,0.006,24.5,,38,2.9,340,11.6,9.2,983.7,999.1,.7,,24.8
2016-08-29 18:00:00,14,19,8,0.004,0.300,0.050,0.007,23.7,,44,1.5,340,12.9,10.7,983.7,999.2,.3,,22.4
2016-08-29 19:00:00,1.352,26,8,0.004,0.300,0.047,0.010,20.6,,62,.9,70,15,13,984,999.7,.5,,20.8
2016-08-29 20:00:00,0,33,9,0.004,0.300,0.046,0.006,21.7,,53,3.3,270,13.7,11.6,984.3,1000,0,,20
2016-08-29 21:00:00,0,43,7,0.004,0.300,0.039,0.004,21.3,,52,3.2,270,13.1,11,985,1000.7,,,19.4
2016-08-29 22:00:00,0,29,5,0.004,0.300,0.040,0.003,21,,55,2.7,270,13.7,11.6,984.1,999.8,,,18.6
2016-08-29 23:00:00,0,27,4,0.004,0.300,0.041,0.003,19,,68,1.5,360,14.9,12.9,984.3,1000,,,18.4
2016-08-30 00:00:00,0,24,7,0.004,0.300,0.038,0.004,19.5,,68,1.9,360,15.4,13.4,983.5,999.2,,,18.5
2016-08-30 01:00:00,0,23,8,0.004,0.300,0.032,0.005,18.9,,73,1.2,200,15.9,13.9,982.6,998.3,,,18.6
2016-08-30 02:00:00,0,31,8,0.004,0.300,0.028,0.004,17.8,,81,.4,0,16.4,14.4,981.8,997.6,,,18.1
2016-08-30 03:00:00,0,31,9,0.004,0.300,0.025,0.004,17.3,,85,.6,320,16.7,14.7,981.5,997.4,,,17.5
2016-08-30 04:00:00,0,24,8,0.004,0.300,0.021,0.004,16.6,,89,.5,70,16.7,14.7,981,996.9,,,16.8
2016-08-30 05:00:00,0,24,4,0.004,0.300,0.019,0.005,17.1,,86,.6,180,16.7,14.7,980.5,996.4,,,16.4
2016-08-30 06:00:00,0,39,7,0.004,0.300,0.016,0.005,17.7,,81,.6,180,16.3,14.3,980.2,996,0,,16.3
2016-08-30 07:00:00,0.264,26,17,0.004,0.300,0.018,0.005,21.2,,58,2.7,320,14.5,12.5,979.8,995.4,.2,,17.6
2016-08-30 08:00:00,2.804,36,14,0.004,0.300,0.027,0.006,22.5,,52,3.5,320,14.1,12.1,979.4,994.9,1,,22.7
2016-08-30 09:00:00,4.468,32,15,0.004,0.300,0.032,0.008,23.3,,49,5,320,13.9,11.9,979.2,994.6,.9,,26.2
2016-08-30 10:00:00,8.612,26,13,0.004,0.300,0.038,0.006,20.9,0,62,6,270,15.3,13.3,979.1,994.7,.6,,21.5
2016-08-30 11:00:00,5.564,28,9,0.004,0.300,0.042,0.006,21.9,0,55,4.2,320,14.4,12.4,978.6,994.1,.1,,21.8
2016-08-30 12:00:00,16.032,33,6,0.004,0.300,0.044,0.005,22.4,,55,3.4,340,14.9,12.9,977.9,993.4,0,,23.3
2016-08-30 13:00:00,6.96,26,8,0.004,0.300,0.045,0.005,22.5,,52,3.6,290,14.1,12.1,977.4,992.9,.1,,22.5
2016-08-30 14:00:00,2.788,35,5,0.004,0.300,0.042,0.008,22.8,,52,4.7,290,14.4,12.4,977,992.4,0,,23.3
2016-08-30 15:00:00,14.664,39,4,0.004,0.300,0.044,0.009,23.7,,48,4.9,320,14,12,976,991.3,.5,,24.9
2016-08-30 16:00:00,14.5,35,6,0.004,0.300,0.045,0.007,24.6,,45,5.5,270,13.8,11.8,975.3,990.6,.9,,27.3
2016-08-30 17:00:00,12.832,36,7,0.004,0.300,0.047,0.005,23,,53,5.6,290,14.8,12.8,975.8,991.2,.7,,22.6
2016-08-30 18:00:00,3.768,30,7,0.004,0.300,0.044,0.005,22.5,,52,5.5,290,14.1,12.1,975.9,991.3,.4,,20.8
2016-08-30 19:00:00,0.016,35,9,0.004,0.300,0.046,0.004,21.6,,54,4.1,290,13.8,11.8,976.2,991.7,0,,19.5
2016-08-30 20:00:00,0,32,10,0.004,0.300,0.047,0.004,21.8,,50,7.1,270,13,10.9,976.2,991.7,,,18.3
2016-08-30 21:00:00,0,34,8,0.004,0.300,0.048,0.003,21.2,,54,4.5,290,13.6,11.5,976.4,992,,,18.3
2016-08-30 22:00:00,0,34,9,0.004,0.300,0.048,0.003,21.4,,54,7.2,270,13.7,11.6,976.5,992.1,,,18
2016-08-30 23:00:00,0,30,9,0.004,0.300,0.049,0.003,21.3,,53,7.2,270,13.4,11.3,976.4,992,,,17.5
2016-08-31 00:00:00,0,28,10,0.004,0.300,0.048,0.003,21.3,,52,5.7,270,13.1,11,976.5,992.1,,,17.7
2016-08-31 01:00:00,0,32,13,0.004,0.300,0.047,0.003,20,.1,62,3.5,270,14.4,12.4,976.5,992.2,,,17.8
2016-08-31 02:00:00,0,33,12,0.004,0.300,0.047,0.003,20.5,0,58,5.2,270,13.9,11.9,976.3,991.9,,,17.6
2016-08-31 03:00:00,0,29,12,0.004,0.300,0.045,0.003,20,0,61,4.7,270,14.2,12.2,976.3,992,,,17.5
2016-08-31 04:00:00,0,33,15,0.004,0.300,0.043,0.003,20.9,0,58,4.1,290,14.3,12.3,975.7,991.3,,,17.5
2016-08-31 05:00:00,0,32,11,0.004,0.300,0.043,0.003,21.4,0,56,5.6,290,14.2,12.2,975.9,991.4,,,17.7
2016-08-31 06:00:00,0,35,8,0.004,0.300,0.042,0.003,19.9,.1,66,2.9,340,15.3,13.3,976.2,991.9,,,17.7
2016-08-31 07:00:00,0.228,34,11,0.004,0.300,0.042,0.003,21.9,0,51,4.6,290,13.3,11.2,976.4,991.9,0,,18.1
2016-08-31 08:00:00,2.356,36,11,0.004,0.300,0.039,0.007,22.6,0,44,4.8,290,12,9.7,977.2,992.7,.2,,20.3
2016-08-31 09:00:00,5.788,35,8,0.004,0.300,0.040,0.008,23.3,,40,5.8,270,11.4,8.9,977.4,992.8,1,,24.7
2016-08-31 10:00:00,13.216,38,9,0.004,0.300,0.043,0.008,23.9,,35,6.4,270,10.3,7.4,977.6,993,1,,25.3
2016-08-31 11:00:00,19.972,45,9,0.005,0.300,0.050,0.008,24.8,,31,5.6,250,9.7,6.5,977.8,993.2,1,,26.9
2016-08-31 12:00:00,28.324,61,13,0.005,0.400,0.060,0.007,26.2,,28,5.7,290,9.5,6.2,977.5,992.8,1,,31.4
2016-08-31 13:00:00,30.948,82,18,0.006,0.400,0.065,0.005,26.8,,27,4.6,290,9.5,6.2,977.8,993.1,1,,31.4
2016-08-31 14:00:00,31.52,61,21,0.005,0.400,0.059,0.008,26.6,,32,5.7,270,11.1,8.5,977.9,993.2,1,,29.9
2016-08-31 15:00:00,28.948,62,12,0.004,0.300,0.056,0.006,27.5,,29,5.2,290,10.6,7.8,978.2,993.4,1,,30.1
2016-08-31 16:00:00,24.66,58,12,0.005,0.400,0.063,0.007,26.2,,33,4.2,270,11.2,8.6,979.4,994.7,.7,,26.8
2016-08-31 17:00:00,18.616,71,12,0.005,0.400,0.064,0.007,25.7,,32,4.8,290,10.5,7.7,980.1,995.5,.8,,24.2
2016-08-31 18:00:00,2.992,53,15,0.006,0.400,0.074,0.006,25.4,,39,2.7,320,12.6,10.4,980.2,995.6,.4,,22.7
2016-08-31 19:00:00,0.488,60,23,0.007,0.600,0.085,0.006,25.3,,44,3.6,270,14.1,12.1,980.8,996.2,0,,20.5
2016-08-31 20:00:00,0,75,34,0.007,0.600,0.092,0.005,25,,43,2.3,290,13.6,11.5,981.5,997,,,19.5
2016-08-31 21:00:00,0,78,44,0.007,0.500,0.091,0.005,23.1,,48,1.3,230,13.5,11.4,982.3,997.8,,,18.6
2016-08-31 22:00:00,0,74,42,0.007,0.500,0.085,0.006,21.5,,55,.8,110,14,12,983,998.6,,,18
2016-08-31 23:00:00,0,73,39,0.005,0.400,0.082,0.006,20.2,,62,1.9,160,14.6,12.6,983.7,999.5,,,17.5
2016-09-01 00:00:00,0,71,36,0.005,0.400,0.081,0.004,19.7,,66,1,250,15.1,13.1,984.1,999.9,,,17.4
2016-09-01 01:00:00,0,67,33,0.005,0.400,0.081,0.005,18.7,,75,.5,270,16.1,14.1,984.5,1000.3,,,17.1
2016-09-01 02:00:00,0,64,37,0.005,0.400,0.083,0.003,18.4,,78,1.4,110,16.4,14.4,984.8,1000.6,,,17.1
2016-09-01 03:00:00,0,66,34,0.005,0.400,0.085,0.004,18.5,,82,1.1,230,17.4,15.3,985,1000.8,,,17.4
2016-09-01 04:00:00,0,63,35,0.006,0.400,0.089,0.004,18.4,,83,.8,50,17.5,15.4,985.1,1000.9,,,17.3
2016-09-01 05:00:00,0,60,38,0.006,0.500,0.090,0.004,18.1,,86,.9,140,17.8,15.7,985.4,1001.2,,,17.2
2016-09-01 06:00:00,0,68,44,0.005,0.500,0.084,0.004,18.4,,85,.6,70,17.9,15.8,985.7,1001.5,,,16.8
2016-09-01 07:00:00,0.108,69,40,0.004,0.500,0.066,0.006,18.7,,85,0,0,18.3,16.1,986.5,1002.3,.2,,18
2016-09-01 08:00:00,1.856,76,42,0.004,0.500,0.053,0.012,20.4,,77,.5,360,18.4,16.2,987,1002.8,1,,21.3
2016-09-01 09:00:00,5.656,78,46,0.005,0.500,0.071,0.008,24.7,,63,1.1,290,19.5,17.1,987.3,1002.9,1,,28.1
2016-09-01 10:00:00,12.568,70,46,0.005,0.400,0.090,0.006,27.2,,53,2.3,20,19,16.7,987.1,1002.5,1,,31.5
2016-09-01 11:00:00,19.576,67,36,0.005,0.400,0.095,0.007,27.7,,51,3.1,50,18.9,16.6,987.3,1002.7,1,,34.7
2016-09-01 12:00:00,21.132,76,29,0.006,0.400,0.097,0.007,28.8,,46,3.1,70,18.2,16,987.1,1002.4,1,,36.4
2016-09-01 13:00:00,20.652,79,35,0.009,0.500,0.095,0.008,29.4,,38,2.9,110,15.5,13.5,987.1,1002.3,1,,38.9
2016-09-01 14:00:00,17.696,76,38,0.009,0.500,0.092,0.008,29.6,,45,2.1,340,18.6,16.4,986.7,1001.9,1,,39.1
2016-09-01 15:00:00,11.508,71,38,0.008,0.500,0.090,0.009,29.3,,43,2.9,50,17.5,15.4,986.5,1001.7,1,,37.7
2016-09-01 16:00:00,15.268,70,39,0.009,0.500,0.085,0.009,29.2,,41,3,320,16.5,14.5,986.6,1001.8,1,,35.3
2016-09-01 17:00:00,10.088,68,35,0.009,0.500,0.080,0.010,28.6,,47,2.1,50,18.3,16.1,987.1,1002.4,1,,32
2016-09-01 18:00:00,5.676,66,39,0.011,0.600,0.070,0.012,27.4,,47,2,20,17,15,987.8,1003.2,1,,27.4
2016-09-01 19:00:00,0.26,64,32,0.009,0.500,0.064,0.012,25.8,,60,2.1,50,19.9,17.4,988.1,1003.6,.3,,24.6
2016-09-01 20:00:00,0,59,32,0.005,0.600,0.063,0.007,23.7,0,67,3.5,70,19.6,17.2,989.3,1004.9,,,23.4
2016-09-01 21:00:00,0,34,23,0.004,0.400,0.058,0.006,20.8,6,89,1.8,90,21.8,18.9,990.8,1006.6,,,21.5
2016-09-01 22:00:00,0,31,22,0.004,0.400,0.056,0.005,20.4,4.5,93,.9,140,22.2,19.2,990.6,1006.5,,,22.2
2016-09-01 23:00:00,0,20,14,0.004,0.300,0.057,0.003,20.3,11,93,1.9,160,22.1,19.1,991.1,1007,,,21.5
2016-09-02 00:00:00,0,27,22,0.004,0.400,0.054,0.003,20.4,.5,94,.7,110,22.4,19.3,991.1,1007,,,21.8
2016-09-02 01:00:00,0,27,18,0.004,0.300,0.054,0.004,21,.5,92,2.2,320,22.8,19.6,991,1006.8,,,21.6
2016-09-02 02:00:00,0,32,21,0.004,0.300,0.060,0.005,19.5,.5,87,4.2,50,19.6,17.2,991.8,1007.6,,,20.4
2016-09-02 03:00:00,0,20,14,0.004,0.300,0.052,0.006,18.5,5.5,92,2.3,50,19.5,17.1,991.6,1007.5,,,19.8
2016-09-02 04:00:00,0,23,18,0.004,0.300,0.047,0.007,18.5,2.5,92,2.4,230,19.5,17.1,991.6,1007.5,,,19.6
2016-09-02 05:00:00,0,29,18,0.004,0.300,0.054,0.004,18.5,1,92,.2,0,19.5,17.1,992.2,1008.1,,,19.8
2016-09-02 06:00:00,0,26,19,0.004,0.300,0.054,0.003,18.4,5,94,.7,320,19.9,17.4,992.4,1008.3,,,19.8
2016-09-02 07:00:00,0,18,11,0.004,0.300,0.056,0.004,18.2,.5,94,0,0,19.6,17.2,992.6,1008.6,0,,20.1
2016-09-02 08:00:00,0,16,7,0.004,0.300,0.052,0.006,17.9,1,93,.8,340,19,16.7,992.4,1008.4,0,,20.1
2016-09-02 09:00:00,0.24,14,12,0.004,0.300,0.050,0.010,18.2,1.5,93,.6,110,19.4,17,992.9,1008.9,0,,20
2016-09-02 10:00:00,0.412,16,10,0.004,0.300,0.047,0.009,18.2,4,93,.6,290,19.4,17,993,1009,0,,20.3
2016-09-02 11:00:00,0.692,19,10,0.004,0.300,0.045,0.009,18.1,7,94,.5,360,19.5,17.1,992.7,1008.7,0,,20.1
2016-09-02 12:00:00,0.58,19,13,0.004,0.300,0.043,0.009,18.3,5.5,94,.5,290,19.7,17.3,992.1,1008,0,,20.2
2016-09-02 13:00:00,1.048,22,11,0.004,0.300,0.042,0.008,18.5,8,94,.9,50,20,17.5,991.9,1007.8,0,,20.8
2016-09-02 14:00:00,1.072,17,13,0.004,0.300,0.039,0.009,18.7,3,94,.4,0,20.2,17.7,991.8,1007.7,0,,21.4
2016-09-02 15:00:00,1.264,15,11,0.004,0.300,0.041,0.008,19.1,2.5,94,.2,0,20.8,18.1,991.2,1007,0,,22.1
2016-09-02 16:00:00,2.688,12,8,0.004,0.300,0.044,0.005,19.9,1.5,93,1.1,360,21.6,18.7,991.1,1007,0,,22.2
2016-09-02 17:00:00,1.572,11,5,0.004,0.300,0.045,0.005,19.8,2,93,.5,200,21.4,18.6,991.2,1007.1,0,,22.2
2016-09-02 18:00:00,0.052,11,4,0.004,0.300,0.045,0.007,19.8,.5,90,1.2,90,20.8,18.1,991.3,1007.2,0,,21.1
2016-09-02 19:00:00,0.04,12,4,0.004,0.300,0.042,0.010,19.6,1.5,91,.6,160,20.6,18,991.7,1007.5,0,,20.7
2016-09-02 20:00:00,0,13,11,0.004,0.300,0.040,0.008,19.1,2.5,93,.5,160,20.5,17.9,992,1007.9,,,20.5
2016-09-02 21:00:00,0,8,,0.004,0.300,0.040,0.007,19.1,3,94,1.8,290,20.8,18.1,992,1007.9,,,20.1
2016-09-02 22:00:00,0,7,,0.004,0.300,0.035,0.009,19.2,1,94,.3,0,20.9,18.2,992.1,1008,,,20.1
2016-09-02 23:00:00,0,19,13,0.004,0.300,0.039,0.007,19.2,.5,94,.8,340,20.9,18.2,992,1007.9,,,20.2
2016-09-03 00:00:00,0,14,10,0.004,0.300,0.039,0.005,19.2,1.5,95,.6,20,21,18.3,992.1,1008,,,20.1
2016-09-03 01:00:00,0,14,8,0.004,0.300,0.036,0.004,19.2,1,95,.8,250,21,18.3,991.9,1007.7,,,20.1
2016-09-03 02:00:00,0,11,7,0.004,0.300,0.038,0.003,19.2,1.5,95,.1,0,21,18.3,991.6,1007.4,,,20.2
2016-09-03 03:00:00,0,11,6,0.004,0.300,0.043,0.002,19.3,.5,95,.6,360,21.2,18.4,991.4,1007.2,,,20.2
2016-09-03 04:00:00,0,10,5,0.004,0.300,0.044,0.003,19.3,0,95,.6,340,21.2,18.4,991.2,1007,,,20.2
2016-09-03 05:00:00,0,7,4,0.004,0.300,0.038,0.003,19.2,.5,95,1.1,50,21,18.3,991.7,1007.5,,,20.1
2016-09-03 06:00:00,0,7,4,0.004,0.300,0.032,0.003,19.4,.5,95,.3,0,21.3,18.5,992,1007.8,,,20.2
2016-09-03 07:00:00,0.016,10,8,0.004,0.300,0.029,0.004,19.5,,95,.1,0,21.4,18.6,992.4,1008.2,0,,20.4
2016-09-03 08:00:00,0.996,11,4,0.004,0.400,0.030,0.005,20,,94,.5,70,21.8,18.9,993.1,1009,0,,21.6
2016-09-03 09:00:00,2.552,12,5,0.004,0.400,0.033,0.006,20.8,,90,.7,340,22,19,993.2,1009.1,0,,24.3
2016-09-03 10:00:00,7.624,16,10,0.004,0.400,0.036,0.004,22.1,,84,.9,290,22.2,19.2,993.6,1009.4,0,,25.9
2016-09-03 11:00:00,6.804,18,9,0.004,0.400,0.038,0.003,22.1,,79,.4,0,20.9,18.2,993.3,1009.1,0,,25.4
2016-09-03 12:00:00,12.808,18,8,0.004,0.400,0.039,0.003,22.7,,81,.7,90,22.2,19.2,993.2,1008.9,0,,26.7
2016-09-03 13:00:00,20.672,21,12,0.005,0.400,0.040,0.005,24.2,,75,1.3,250,22.5,19.4,993.1,1008.7,.1,,31.7
2016-09-03 14:00:00,14.092,20,10,0.006,0.400,0.037,0.009,24.7,,77,1,110,23.8,20.3,992.7,1008.4,0,,30.5
2016-09-03 15:00:00,23.212,25,14,0.007,0.400,0.034,0.010,24.8,,77,1.1,70,24,20.4,992.7,1008.4,0,,28.9
2016-09-03 16:00:00,19.248,29,12,0.008,0.400,0.034,0.011,24.4,,79,2.3,70,24.1,20.5,992.9,1008.4,.1,,28
2016-09-03 17:00:00,5.66,27,14,0.006,0.400,0.034,0.006,24.2,,82,1.7,70,24.7,20.9,993,1008.6,0,,27
2016-09-03 18:00:00,2.36,20,11,0.005,0.300,0.035,0.005,23.8,,83,2.3,70,24.4,20.7,993.4,1009,0,,25.4
2016-09-03 19:00:00,0.02,21,11,0.004,0.300,0.034,0.005,23.6,,85,1.8,50,24.7,20.9,993.7,1009.3,0,,24.1
2016-09-03 20:00:00,0,19,10,0.004,0.300,0.030,0.005,23.4,,86,2.4,50,24.7,20.9,994,1009.7,,,23.4
2016-09-03 21:00:00,0,17,9,0.005,0.300,0.022,0.008,23.2,,87,1.2,90,24.7,20.9,994.2,1009.9,,,23.2
2016-09-03 22:00:00,0,25,11,0.005,0.300,0.017,0.010,23.1,,86,.8,360,24.3,20.6,994.5,1010.2,,,23.1
2016-09-03 23:00:00,0,30,13,0.005,0.400,0.013,0.009,22.7,,89,1.1,180,24.4,20.7,994.9,1010.6,,,23
2016-09-04 00:00:00,0,29,17,0.005,0.400,0.012,0.009,22.5,,91,.2,0,24.7,20.9,995.1,1010.9,,,22.9
2016-09-04 01:00:00,0,32,15,0.005,0.400,0.012,0.006,22.4,,92,0,0,24.9,21,995.2,1011,,,22.8
2016-09-04 02:00:00,0,36,18,0.005,0.400,0.012,0.005,22,,93,.7,270,24.6,20.8,995.2,1011,,,22.5
2016-09-04 03:00:00,0,28,17,0.004,0.400,0.013,0.005,21.9,,93,.3,0,24.4,20.7,995,1010.8,,,22.2
2016-09-04 04:00:00,0,33,14,0.004,0.300,0.014,0.004,21.6,,93,1,250,24,20.4,994.9,1010.7,,,22.1
2016-09-04 05:00:00,0,33,14,0.004,0.300,0.014,0.003,21.3,,94,.3,0,23.7,20.2,995,1010.9,,,21.4
2016-09-04 06:00:00,0,35,19,0.004,0.300,0.012,0.004,21.4,,94,.4,0,23.8,20.3,995.2,1011.1,,,21.5
2016-09-04 07:00:00,0.124,35,17,0.004,0.300,0.011,0.005,21.3,,94,.9,20,23.7,20.2,995.4,1011.3,0,,22
2016-09-04 08:00:00,2.164,37,22,0.005,0.300,0.012,0.004,22.6,,92,1,270,25.2,21.2,995.7,1011.5,.1,,25.8
2016-09-04 09:00:00,5.5,33,17,0.004,0.300,0.020,0.004,25.6,,75,1.4,340,24.6,20.8,995.3,1010.9,1,,30.7
2016-09-04 10:00:00,14.256,28,,0.004,0.300,0.027,0.003,27.4,,64,.9,200,23.2,19.9,995,1010.5,1,,34.3
2016-09-04 11:00:00,21.304,46,26,0.004,0.300,0.032,0.002,28.4,,62,1.2,320,24,20.4,994.7,1010.1,.9,,36.1
2016-09-04 12:00:00,24.988,42,26,0.004,0.300,0.034,0.002,29.7,,57,1.4,90,23.7,20.2,994.4,1009.8,.8,,37.4
2016-09-04 13:00:00,21.88,34,14,0.004,0.300,0.034,0.002,29.5,,56,1.6,20,22.9,19.7,994,1009.3,.8,,38.7
2016-09-04 14:00:00,28.204,35,20,0.004,0.300,0.037,0.002,30.5,,53,2.2,70,23.1,19.8,993.5,1008.9,1,,38.4
2016-09-04 15:00:00,20.612,30,14,0.004,0.300,0.037,0.002,29.1,,60,2.6,90,24.1,20.5,993.5,1008.9,.7,,35
2016-09-04 16:00:00,18.62,28,14,0.004,0.300,0.032,0.002,26.5,,74,2.9,70,25.5,21.4,993.8,1009.3,.3,,30.2
2016-09-04 17:00:00,11.928,24,11,0.004,0.300,0.033,0.002,26.3,,75,2.1,50,25.6,21.5,994.1,1009.7,0,,28.7
2016-09-04 18:00:00,3.072,19,11,0.004,0.200,0.029,0.002,25.8,,75,1,110,24.9,21,994,1009.6,0,,27
2016-09-04 19:00:00,0.032,18,9,0.004,0.300,0.029,0.003,25,,78,1.3,90,24.6,20.8,994.2,1009.9,0,,25.2
2016-09-04 20:00:00,0,26,23,0.004,0.300,0.023,0.004,24.3,,84,.2,0,25.5,21.4,994.8,1010.4,,,25.1
2016-09-04 21:00:00,0,22,22,0.004,0.300,0.022,0.004,24.2,,85,.8,180,25.6,21.5,994.6,1010.2,,,25
2016-09-04 22:00:00,0,23,17,0.004,0.300,0.021,0.004,24,,86,.8,360,25.6,21.5,994.7,1010.3,,,24.7
2016-09-04 23:00:00,0,24,13,0.004,0.300,0.018,0.005,23.9,,88,.3,0,26,21.7,994.9,1010.5,,,24.6
2016-09-05 00:00:00,0,34,25,0.004,0.300,0.016,0.005,23.7,,87,1.2,160,25.5,21.4,994.4,1010,,,24.2
2016-09-05 01:00:00,0,44,29,0.004,0.300,0.014,0.004,23.4,,90,.9,20,25.8,21.6,994.4,1010.1,,,23.9
2016-09-05 02:00:00,0,35,24,0.004,0.300,0.015,0.003,23.3,,89,.2,0,25.3,21.3,994.1,1009.8,,,23.8
2016-09-05 03:00:00,0,27,21,0.004,0.300,0.013,0.003,23.1,,91,.3,0,25.6,21.5,993.7,1009.4,,,23.8
2016-09-05 04:00:00,0,35,13,0.004,0.300,0.011,0.003,22.8,,92,.2,0,25.5,21.4,993.5,1009.2,,,23.3
2016-09-05 05:00:00,0,33,18,0.004,0.300,0.011,0.003,22.7,,92,.6,70,25.3,21.3,993.4,1009.1,,,23.1
2016-09-05 06:00:00,0,26,12,0.004,0.300,0.009,0.004,22.8,,92,1,200,25.5,21.4,994.2,1009.9,,,23.2
2016-09-05 07:00:00,0,25,11,0.005,0.300,0.008,0.004,22.9,,91,.1,0,25.3,21.3,994.4,1010.1,0,,23.6
2016-09-05 08:00:00,1.816,30,20,0.005,0.300,0.008,0.005,23.6,,88,.2,0,25.5,21.4,994.7,1010.3,0,,25.2
2016-09-05 09:00:00,4.14,27,14,0.005,0.300,0.009,0.007,24.2,,84,.3,0,25.3,21.3,994.8,1010.4,0,,26.2
2016-09-05 10:00:00,10.064,39,11,0.005,0.300,0.015,0.006,25,,79,.5,230,24.9,21,994.8,1010.5,0,,27.3
2016-09-05 11:00:00,5.532,34,15,0.005,0.300,0.021,0.005,25.9,,77,.7,70,25.6,21.5,994.8,1010.4,0,,28.7
2016-09-05 12:00:00,15.18,36,19,0.005,0.300,0.026,0.005,25.9,,77,1.2,90,25.6,21.5,994.2,1009.8,0,,28.3
2016-09-05 13:00:00,14.904,42,23,0.006,0.300,0.027,0.007,24.4,.5,88,.6,140,26.8,22.2,994.2,1009.8,0,,27.3
2016-09-05 14:00:00,9.092,29,16,0.005,0.300,0.027,0.005,24.9,.5,85,.6,20,26.6,22.1,994,1009.7,0,,29.2
2016-09-05 15:00:00,22.416,23,17,0.004,0.300,0.029,0.004,25.6,,81,.8,320,26.4,22,993.7,1009.3,0,,31
2016-09-05 16:00:00,22.12,23,16,0.004,0.300,0.035,0.005,27,.5,73,1.2,230,26,21.7,993.6,1009.1,.2,,31.6
2016-09-05 17:00:00,16.208,21,13,0.005,0.300,0.042,0.006,27.5,,69,.5,140,25.2,21.2,993.3,1008.8,.8,,30.6
2016-09-05 18:00:00,5.464,26,16,0.012,0.500,0.053,0.015,25.7,,81,1.3,140,26.6,22.1,993.6,1009.2,.3,,27.8
2016-09-05 19:00:00,0.308,46,27,0.009,0.500,0.051,0.012,24.4,,88,.4,0,26.8,22.2,993.5,1009.1,0,,25.9
2016-09-05 20:00:00,0,47,34,0.008,0.400,0.041,0.010,23.7,,91,.3,0,26.6,22.1,994.2,1009.8,,,24.6
2016-09-05 21:00:00,0,49,25,0.007,0.400,0.035,0.009,23.4,,92,.3,0,26.4,22,994.8,1010.5,,,24
2016-09-05 22:00:00,0,46,27,0.006,0.500,0.027,0.009,23,,93,.9,160,26.1,21.8,994.6,1010.3,,,23.5
2016-09-05 23:00:00,0,43,28,0.006,0.400,0.025,0.008,22.6,,92,.2,0,25.2,21.2,994.6,1010.3,,,23.6
2016-09-06 00:00:00,0,50,29,0.006,0.400,0.031,0.007,22.4,,92,.1,0,24.9,21,994.6,1010.4,,,23.1
2016-09-06 01:00:00,0,45,25,0.005,0.500,0.020,0.006,22.2,,92,0,0,24.6,20.8,994.5,1010.3,,,22.6
2016-09-06 02:00:00,0,50,31,0.005,0.500,0.017,0.005,22.2,,92,.2,0,24.6,20.8,994.7,1010.5,,,23
2016-09-06 03:00:00,0,48,22,0.005,0.500,0.014,0.005,21.7,,93,.3,0,24.1,20.5,994.5,1010.3,,,22.2
2016-09-06 04:00:00,0,55,28,0.005,0.500,0.014,0.004,21.4,,92,.3,0,23.4,20,994.6,1010.4,,,21.8
2016-09-06 05:00:00,0,53,25,0.005,0.500,0.015,0.004,21,,93,.3,0,23.1,19.8,994.4,1010.3,,,21.7
2016-09-06 06:00:00,0,51,28,0.005,0.400,0.017,0.004,20.6,,94,.9,340,22.7,19.5,994.4,1010.3,,,21.1
2016-09-06 07:00:00,0.668,52,32,0.005,0.500,0.016,0.005,20.8,,92,1.3,20,22.5,19.4,994.8,1010.7,0,,22.1
2016-09-06 08:00:00,2.892,57,36,0.005,0.400,0.021,0.006,21.3,,90,.9,320,22.7,19.5,995.2,1011.1,0,,23
2016-09-06 09:00:00,6.456,48,31,0.005,0.400,0.024,0.007,22.1,,86,1.9,320,22.8,19.6,995.2,1011,0,,25.7
2016-09-06 10:00:00,7.784,67,33,0.005,0.400,0.027,0.007,23.2,,79,1.8,360,22.4,19.3,994.8,1010.5,.2,,27.6
2016-09-06 11:00:00,14.196,56,39,0.005,0.400,0.033,0.006,24.7,,72,1.4,320,22.4,19.3,994.6,1010.3,.2,,29.3
2016-09-06 12:00:00,10.504,,,,,,,26.3,,65,1.1,290,22.1,19.1,993.8,1009.4,.1,,31
2016-09-06 13:00:00,9.14,,,,,,,26.6,,60,1.2,230,20.8,18.1,993.3,1008.8,.1,,30.8
2016-09-06 14:00:00,7.132,60,36,0.003,0.500,0.043,0.008,26.6,,67,.6,110,23.2,19.9,992.8,1008.3,0,,29.8
2016-09-06 15:00:00,5.064,58,39,0.005,0.500,0.041,0.013,25.9,,72,.8,140,24,20.4,992.8,1008.4,0,,28.2
2016-09-06 16:00:00,3.436,54,39,0.006,0.600,0.039,0.014,25.2,,81,.4,0,25.8,21.6,992.6,1008.2,0,,27.4
2016-09-06 17:00:00,1.392,54,40,0.004,0.500,0.033,0.014,24.8,,76,.5,320,23.7,20.2,992.3,1007.9,0,,26.4
2016-09-06 18:00:00,0.456,57,36,0.004,0.600,0.021,0.020,24.3,,78,.8,270,23.7,20.2,992,1007.5,0,,25.7
2016-09-06 19:00:00,0,73,41,0.004,0.600,0.018,0.020,23.2,,84,.8,250,23.8,20.3,991.8,1007.4,0,,24.3
2016-09-06 20:00:00,0,63,43,0.002,0.500,0.016,0.012,22.3,,82,1.1,250,22,19,992.1,1007.8,,,23.1
2016-09-06 21:00:00,0,51,36,0.002,0.400,0.020,0.005,21.5,,83,.3,0,21.2,18.4,992.4,1008.2,,,22.2
2016-09-06 22:00:00,0,42,11,0.002,0.400,0.022,0.005,20.7,,85,.3,0,20.6,18,992.8,1008.7,,,21.7
2016-09-06 23:00:00,0,46,30,0.002,0.400,0.023,0.004,20.7,,86,.5,340,20.9,18.2,992.5,1008.4,,,21.6
2016-09-07 00:00:00,0,43,26,0.002,0.400,0.024,0.004,20.4,,85,.4,0,20.2,17.7,992.1,1008,,,21.4
2016-09-07 01:00:00,0,44,33,0.002,0.400,0.024,0.003,20.2,,88,.5,250,20.8,18.1,991.9,1007.8,,,21.3
2016-09-07 02:00:00,0,49,33,0.002,0.400,0.023,0.003,20.1,,87,.5,360,20.4,17.8,991.5,1007.4,,,21.1
2016-09-07 03:00:00,0,44,33,0.002,0.400,0.023,0.003,20,,86,1,290,20,17.5,991.2,1007.1,,,20.9
2016-09-07 04:00:00,0,43,37,0.002,0.400,0.022,0.003,19.6,,89,.6,230,20.2,17.7,991,1006.8,,,20.7
2016-09-07 05:00:00,0,48,36,0.002,0.400,0.024,0.003,19.5,,89,1,270,20.1,17.6,990.8,1006.6,,,20.5
2016-09-07 06:00:00,0,55,30,0.002,0.400,0.022,0.004,19.4,,90,.6,230,20.2,17.7,991.1,1006.9,,,20.4
2016-09-07 07:00:00,0.036,53,33,0.002,0.400,0.018,0.006,19.6,,87,.7,250,19.7,17.3,991.1,1006.9,0,,20.9
2016-09-07 08:00:00,1.796,56,35,0.002,0.400,0.018,0.007,20.6,,84,.7,340,20.2,17.7,991.2,1007.1,0,,22.6
2016-09-07 09:00:00,4.288,57,42,0.001,0.500,0.019,0.010,21.9,,80,.9,290,20.9,18.2,991.2,1006.9,0,,24.9
2016-09-07 10:00:00,9.084,66,49,0.002,0.500,0.027,0.008,22.5,,75,.7,250,20.4,17.8,991,1006.7,.2,,25.8
2016-09-07 11:00:00,10.768,72,48,0.002,0.500,0.037,0.010,25.8,,64,.4,0,21.2,18.4,990.5,1006,.6,,34.1
2016-09-07 12:00:00,11.52,70,44,0.002,0.400,0.040,0.010,26.3,,59,.6,270,20.1,17.6,990.1,1005.6,.4,,32.4
2016-09-07 13:00:00,10.404,74,37,0.002,0.500,0.047,0.008,27.5,,57,.5,270,20.9,18.2,989.7,1005.1,0,,31.6
2016-09-07 14:00:00,6.692,71,38,0.003,0.500,0.047,0.007,26.2,,69,.9,140,23.4,20,989.7,1005.2,0,,29.1
2016-09-07 15:00:00,4.184,72,44,0.004,0.600,0.044,0.009,26.4,,68,1,90,23.4,20,989.4,1004.9,0,,29.2
2016-09-07 16:00:00,3.836,70,42,0.004,0.600,0.045,0.010,26.1,,66,.8,140,22.2,19.2,989,1004.5,0,,28.3
2016-09-07 17:00:00,3.24,65,46,0.003,0.600,0.038,0.012,26.1,,67,1.2,340,22.5,19.4,989,1004.5,0,,27.5
2016-09-07 18:00:00,0.76,69,37,0.003,0.600,0.036,0.011,25.5,,61,1.8,360,19.9,17.4,989,1004.5,0,,25.2
2016-09-07 19:00:00,0.02,72,46,0.002,0.600,0.028,0.012,24.3,,69,.9,360,20.9,18.2,988.9,1004.4,0,,23.9
2016-09-07 20:00:00,0,75,48,0.002,0.600,0.024,0.011,23.1,,80,.5,230,22.5,19.4,989.8,1005.4,,,23.6
2016-09-07 21:00:00,0,87,57,0.002,0.600,0.021,0.010,22.8,,78,.8,230,21.6,18.7,990.1,1005.7,,,23
2016-09-07 22:00:00,0,76,43,0.002,0.600,0.023,0.009,22.8,0,79,1.1,290,21.8,18.9,990.8,1006.5,,,22.7
2016-09-07 23:00:00,0,86,51,0.001,0.600,0.026,0.007,20.7,.1,80,2.5,20,19.5,17.1,991.2,1007.1,,,21.6
2016-09-08 00:00:00,0,76,56,0.002,0.400,0.044,0.005,19.3,0,83,1.4,250,18.5,16.3,991.1,1006.9,,,20.9
2016-09-08 01:00:00,0,61,47,0.002,0.400,0.044,0.004,19,,84,1.8,250,18.4,16.2,991.2,1007.1,,,20.4
2016-09-08 02:00:00,0,48,33,0.002,0.400,0.041,0.003,18.9,,83,.8,290,18.1,15.9,990.7,1006.6,,,20.2
2016-09-08 03:00:00,0,41,27,0.001,0.400,0.038,0.003,18.5,,83,.9,290,17.6,15.5,990.9,1006.8,,,19.6
2016-09-08 04:00:00,0,37,29,0.001,0.300,0.034,0.003,18.2,,87,.6,320,18.1,15.9,990.8,1006.7,,,19.2
2016-09-08 05:00:00,0,44,27,0.001,0.300,0.031,0.003,17.2,,91,1,250,17.8,15.7,990.7,1006.7,,,18.1
2016-09-08 06:00:00,0,34,30,0.002,0.300,0.028,0.003,16.6,,93,.7,250,17.5,15.4,991.3,1007.4,,,17.6
2016-09-08 07:00:00,0.084,33,22,0.001,0.300,0.024,0.005,16.7,,92,1.1,340,17.4,15.3,991.6,1007.7,.1,,18.2
2016-09-08 08:00:00,1.272,36,28,0.001,0.300,0.023,0.005,18.6,,79,.9,320,16.8,14.8,992,1007.9,1,,21.9
2016-09-08 09:00:00,5.256,38,22,0.001,0.300,0.027,0.006,21.2,,69,1.1,270,17.3,15.2,991.5,1007.3,1,,26.9
2016-09-08 10:00:00,13.26,39,35,0.001,0.300,0.036,0.005,23.9,,59,1.1,270,17.4,15.3,991.6,1007.2,1,,31
2016-09-08 11:00:00,20.284,42,22,0.002,0.400,0.044,0.005,25.9,,50,.9,250,16.6,14.6,991.2,1006.8,1,,34.8
2016-09-08 12:00:00,25.348,53,25,0.002,0.400,0.050,0.005,27.5,,46,2.5,360,16.8,14.8,990.5,1005.9,1,,36.2
2016-09-08 13:00:00,28.76,51,20,0.006,0.800,0.060,0.009,28.5,,42,2.2,290,16.3,14.3,990.1,1005.4,1,,37.1
2016-09-08 14:00:00,29.532,60,30,0.017,1.400,0.069,0.021,28.2,,42,1.9,340,16,14,989.7,1005.1,.8,,34.1
2016-09-08 15:00:00,28.484,77,39,0.011,0.900,0.087,0.014,28.5,,46,.8,250,17.8,15.7,989.7,1005,.5,,31.9
2016-09-08 16:00:00,19.672,66,32,0.009,0.600,0.079,0.012,27.8,,48,1.7,50,17.8,15.7,989.8,1005.2,.3,,29.4
2016-09-08 17:00:00,10.304,62,25,0.006,0.500,0.072,0.009,27.4,,53,1.4,110,19.2,16.9,990.1,1005.5,.6,,28.8
2016-09-08 18:00:00,4.924,52,32,0.006,0.500,0.062,0.011,26.2,,58,2.2,50,19.6,17.2,990.2,1005.7,.6,,26.4
2016-09-08 19:00:00,0.196,52,34,0.005,0.600,0.053,0.013,24.6,,65,.9,200,20,17.5,990.6,1006.1,0,,24.4
2016-09-08 20:00:00,0,51,25,0.004,0.600,0.041,0.015,22.3,,78,.7,110,20.9,18.2,991.5,1007.2,,,23
2016-09-08 21:00:00,0,55,30,0.003,0.600,0.040,0.011,21.7,,82,.6,290,21.2,18.4,992.2,1008,,,22.2
2016-09-08 22:00:00,0,54,31,0.002,0.500,0.036,0.008,20.7,,86,.5,110,20.9,18.2,992.4,1008.3,,,21.4
2016-09-08 23:00:00,0,50,42,0.002,0.500,0.028,0.009,20.4,,88,.3,0,21,18.3,992.4,1008.3,,,20.8
2016-09-09 00:00:00,0,66,36,0.002,0.500,0.024,0.008,20,,90,0,0,21,18.3,992.7,1008.6,,,20.2
2016-09-09 01:00:00,0,61,37,0.002,0.400,0.028,0.005,19.6,,91,.3,0,20.6,18,992.8,1008.6,,,20
2016-09-09 02:00:00,0,52,32,0.002,0.400,0.025,0.005,18.9,,92,.8,360,20,17.5,992.7,1008.6,,,19.5
2016-09-09 03:00:00,0,49,34,0.002,0.400,0.029,0.004,18.8,,93,0,0,20.1,17.6,992.7,1008.6,,,19
2016-09-09 04:00:00,0,40,29,0.002,0.400,0.028,0.004,18.3,,93,.4,0,19.5,17.1,993.1,1009.1,,,19.4
2016-09-09 05:00:00,0,39,26,0.001,0.400,0.026,0.003,18.5,,93,.6,290,19.7,17.3,993.4,1009.3,,,19.2
2016-09-09 06:00:00,0,40,28,0.002,0.400,0.024,0.004,18.1,,93,.3,0,19.2,16.9,993.5,1009.5,,,18.5
2016-09-09 07:00:00,0.172,39,29,0.002,0.400,0.022,0.005,18,,93,.6,290,19.1,16.8,994.4,1010.4,0,,19.2
2016-09-09 08:00:00,1.932,45,28,0.002,0.400,0.022,0.006,19.3,,87,.7,290,19.4,17,994.3,1010.2,.2,,22.1
2016-09-09 09:00:00,5.892,60,32,0.002,0.400,0.026,0.007,21.8,,73,.9,320,19,16.7,994.5,1010.3,.4,,24.9
2016-09-09 10:00:00,12.576,52,29,0.002,0.400,0.036,0.006,24,,61,.8,250,18.2,16,994.4,1010,0,,29.5
2016-09-09 11:00:00,19.356,47,33,0.002,0.400,0.050,0.004,25.8,,54,1.2,270,17.8,15.7,994,1009.6,0,,26.5
2016-09-09 12:00:00,24.3,55,43,0.002,0.400,0.059,0.004,27.5,,44,1.2,50,16.1,14.1,993.4,1008.9,0,,34.1
2016-09-09 13:00:00,23.268,48,40,0.002,0.400,0.060,0.005,28.4,,41,1.1,90,15.8,13.8,992.9,1008.3,0,,36.1
2016-09-09 14:00:00,24.356,52,48,0.002,0.400,0.059,0.004,29.1,,37,1.2,360,14.9,12.9,992.3,1007.6,0,,36.2
2016-09-09 15:00:00,27.98,57,36,0.002,0.400,0.061,0.005,29.5,,34,1,340,13.9,11.9,992.1,1007.4,0,,35.5
2016-09-09 16:00:00,19.176,63,28,0.002,0.400,0.065,0.005,28.1,,44,1.9,70,16.6,14.6,992.4,1007.8,0,,31.2
2016-09-09 17:00:00,10.116,58,39,0.006,0.600,0.064,0.013,27.8,,53,1.4,50,19.7,17.3,992.8,1008.2,0,,29.3
2016-09-09 18:00:00,3.132,58,34,0.015,0.900,0.085,0.024,26.1,,58,.5,110,19.5,17.1,993.3,1008.9,0,,26.2
2016-09-09 19:00:00,0.32,84,49,0.009,0.800,0.080,0.023,24.7,,69,1.7,50,21.4,18.6,993.7,1009.4,0,,24.5
2016-09-09 20:00:00,0,74,45,0.005,0.700,0.061,0.014,22.7,.4,85,.4,0,23.4,20,994.6,1010.3,,,23.7
2016-09-09 21:00:00,0,69,49,0.004,0.700,0.047,0.013,22.4,,86,.3,0,23.2,19.9,995.3,1011.1,,,23.6
2016-09-09 22:00:00,0,69,54,0.004,0.700,0.038,0.014,21.9,,88,.4,0,23.1,19.8,995.7,1011.5,,,22.9
2016-09-09 23:00:00,0,68,52,0.003,0.600,0.038,0.008,21.3,,90,.4,0,22.7,19.5,995.9,1011.8,,,22.3
2016-09-10 00:00:00,0,57,42,0.002,0.500,0.037,0.006,20.8,,91,.6,360,22.2,19.2,996,1011.9,,,21.8
2016-09-10 01:00:00,0,57,40,0.002,0.400,0.036,0.005,19.9,,90,.7,250,20.9,18.2,995.9,1011.9,,,21
2016-09-10 02:00:00,0,50,30,0.002,0.400,0.031,0.004,19.1,,92,.2,0,20.2,17.7,995.6,1011.5,,,20.4
2016-09-10 03:00:00,0,48,32,0.002,0.400,0.028,0.004,18.5,,92,.4,0,19.5,17.1,995.7,1011.7,,,19.9
2016-09-10 04:00:00,0,50,29,0.002,0.400,0.026,0.004,18.3,.1,93,.3,0,19.5,17.1,996,1012,,,19.7
2016-09-10 05:00:00,0,44,27,0.001,0.400,0.024,0.004,18,,93,.4,0,19.1,16.8,996.1,1012.1,,,19.4
2016-09-10 06:00:00,0,42,32,0.001,0.400,0.019,0.004,18.1,,92,.6,340,19,16.7,996.5,1012.5,,,19.7
2016-09-10 07:00:00,0.044,41,23,0.002,0.400,0.019,0.006,18.2,,92,.9,250,19.1,16.8,996.9,1012.9,0,,19.8
2016-09-10 08:00:00,2.516,45,32,0.002,0.400,0.016,0.008,18.9,,87,.9,250,18.9,16.6,996.9,1012.9,0,,20.8
2016-09-10 09:00:00,6.708,41,39,0.002,0.400,0.026,0.007,21.3,,80,.8,340,20.2,17.7,997.1,1013,0,,23.6
2016-09-10 10:00:00,8.84,47,32,0.002,0.500,0.032,0.007,22.1,,74,.7,340,19.6,17.2,997.2,1013,.1,,25.7
2016-09-10 11:00:00,7.496,65,37,0.002,0.500,0.038,0.008,23.2,,73,.5,250,20.6,18,997.3,1013,0,,26
2016-09-10 12:00:00,7.088,60,34,0.002,0.400,0.044,0.006,23.8,,73,1.2,250,21.4,18.6,996.8,1012.5,0,,27.4
2016-09-10 13:00:00,12.012,66,41,0.003,0.400,0.051,0.005,26.7,,59,2.1,180,20.6,18,995.9,1011.5,0,,33.2
2016-09-10 14:00:00,22.88,66,41,0.003,0.400,0.057,0.005,26.5,,57,1.7,110,19.6,17.2,995.6,1011.2,.1,,30.2
2016-09-10 15:00:00,19.912,62,41,0.003,0.400,0.062,0.005,25.3,,65,2.2,70,20.9,18.2,995.3,1011,0,,28.4
2016-09-10 16:00:00,3.28,64,44,0.002,0.400,0.056,0.006,26.2,,62,2.8,90,21,18.3,995.4,1011,.1,,29.2
2016-09-10 17:00:00,2.36,54,28,0.002,0.400,0.050,0.009,25.3,,62,.7,50,19.9,17.4,995.8,1011.5,.4,,26.5
2016-09-10 18:00:00,0.732,52,36,0.002,0.400,0.043,0.009,23.4,0,71,2.2,70,20.4,17.8,996.1,1011.8,0,,24.2
2016-09-10 19:00:00,0.656,53,34,0.002,0.400,0.037,0.010,19.5,2.4,87,3.4,90,19.6,17.2,996.9,1012.8,0,,21.8
2016-09-10 20:00:00,0,54,40,0.001,0.400,0.036,0.008,19.2,2,92,.7,70,20.4,17.8,997.5,1013.4,,,21.7
2016-09-10 21:00:00,0,58,34,0.002,0.400,0.034,0.007,19.5,.5,93,.4,0,21,18.3,997.8,1013.7,,,21.6
2016-09-10 22:00:00,0,44,,0.001,0.400,0.032,0.005,19.6,0,93,.3,0,21.2,18.4,998.2,1014.1,,,21.5
2016-09-10 23:00:00,0,52,40,0.002,0.400,0.031,0.005,19.6,,93,.4,0,21.2,18.4,998.2,1014.1,,,21.5
2016-09-11 00:00:00,0,49,41,0.002,0.400,0.032,0.004,19.7,0,93,.5,50,21.3,18.5,998.1,1014.2,,,21.3
2016-09-11 01:00:00,0,48,40,0.002,0.400,0.030,0.004,19.7,0,94,.7,270,21.6,18.7,998,1014.1,,,21.3
2016-09-11 02:00:00,0,45,35,0.001,0.400,0.026,0.004,19.6,1.5,94,.6,230,21.4,18.6,998.3,1014.2,,,21.2
2016-09-11 03:00:00,0,53,33,0.001,0.400,0.023,0.003,19.6,0,94,.7,230,21.4,18.6,998.2,1014.1,,,21.2
2016-09-11 04:00:00,0,43,32,0.001,0.300,0.020,0.003,19.6,,94,.3,0,21.4,18.6,998.2,1014.1,,,21
2016-09-11 05:00:00,0,42,24,0.001,0.300,0.017,0.003,19.7,,94,.6,200,21.6,18.7,998,1014.1,,,21
2016-09-11 06:00:00,0,37,25,0.001,0.300,0.018,0.003,19.8,,94,.7,20,21.7,18.8,998.6,1014.7,,,21
2016-09-11 07:00:00,0.044,40,20,0.001,0.300,0.013,0.004,19.8,.5,94,.2,0,21.7,18.8,999,1015.1,0,,21.3
2016-09-11 08:00:00,2.332,39,28,0.001,0.300,0.015,0.004,20.5,,92,.4,0,22.1,19.1,999.3,1015.3,0,,22.4
2016-09-11 09:00:00,6.568,43,23,0.001,0.300,0.018,0.004,21.6,,84,.7,20,21.6,18.7,999.8,1015.7,0,,25.4
2016-09-11 10:00:00,12.024,47,30,0.002,0.300,0.027,0.004,22.1,,79,.9,290,20.9,18.2,999.9,1015.8,.2,,27.8
2016-09-11 11:00:00,16.7,49,21,0.002,0.300,0.036,0.002,23.9,,70,.8,160,20.6,18,999.6,1015.3,.5,,31.1
2016-09-11 12:00:00,17.876,52,28,0.002,0.300,0.041,0.002,24.9,,65,.6,320,20.4,17.8,999,1014.7,.4,,31.1
2016-09-11 13:00:00,17.572,45,22,0.002,0.300,0.043,0.002,25.2,,65,.8,110,20.8,18.1,998.5,1014.2,0,,31.3
2016-09-11 14:00:00,14.328,44,23,0.002,0.300,0.043,0.002,25.6,,62,.9,180,20.2,17.7,998.2,1013.9,.1,,31.3
2016-09-11 15:00:00,10.508,39,18,0.002,0.300,0.043,0.002,25.3,,61,1.7,90,19.6,17.2,998,1013.7,.2,,29.8
2016-09-11 16:00:00,8.576,38,21,0.002,0.300,0.043,0.003,25.2,,59,.9,90,18.9,16.6,998.2,1013.9,0,,28.4
2016-09-11 17:00:00,3.552,38,22,0.002,0.300,0.041,0.003,24.3,,67,.7,90,20.2,17.7,998.2,1013.8,0,,26.5
2016-09-11 18:00:00,1.2,40,26,0.002,0.300,0.035,0.005,22.9,,78,.7,160,21.7,18.8,998.8,1014.6,0,,25
2016-09-11 19:00:00,0,39,25,0.002,0.400,0.026,0.008,22,,83,.2,0,21.8,18.9,999.2,1015.1,0,,23.7
2016-09-11 20:00:00,0,38,29,0.002,0.400,0.023,0.008,21.4,,85,.2,0,21.6,18.7,999.6,1015.5,,,23
2016-09-11 21:00:00,0,46,34,0.001,0.400,0.023,0.007,21.1,,86,.6,110,21.4,18.6,1000.2,1016.2,,,22.6
2016-09-11 22:00:00,0,42,28,0.001,0.400,0.020,0.005,20.8,,89,.3,0,21.8,18.9,1000.6,1016.6,,,22.2
2016-09-11 23:00:00,0,37,27,0.001,0.300,0.018,0.005,20.7,0,90,.3,0,21.8,18.9,1000.9,1016.9,,,22.2
2016-09-12 00:00:00,0,38,19,0.001,0.300,0.018,0.004,20.4,0,91,1,110,21.7,18.8,1000.5,1016.5,,,21.8
2016-09-12 01:00:00,0,42,27,0.001,0.300,0.017,0.003,20.4,.4,93,.5,340,22.2,19.2,1000.9,1016.9,,,21.8
2016-09-12 02:00:00,0,42,19,0.001,0.300,0.017,0.003,20.2,1.1,94,.2,0,22.1,19.1,1001,1017.1,,,21.7
2016-09-12 03:00:00,0,38,22,0.001,0.300,0.028,0.003,20.2,2.5,94,.2,0,22.1,19.1,1001,1017.1,,,21.5
2016-09-12 04:00:00,0,43,17,0.001,0.300,0.036,0.002,20.1,1,94,.7,290,22,19,1001,1017.1,,,21.5
2016-09-12 05:00:00,0,37,20,0.002,0.300,0.033,0.003,20,1,94,.2,0,21.8,18.9,1001.1,1017.2,,,21.3
2016-09-12 06:00:00,0,38,18,0.001,0.300,0.030,0.003,20,0,94,.5,320,21.8,18.9,1001.1,1017.2,,,21.5
2016-09-12 07:00:00,0,38,21,0.001,0.300,0.027,0.004,19.9,1.5,94,.6,230,21.7,18.8,1001.6,1017.7,0,,21.3
2016-09-12 08:00:00,0.364,29,21,0.001,0.300,0.023,0.006,19.8,1,94,.3,0,21.7,18.8,1001.4,1017.5,0,,21.9
2016-09-12 09:00:00,2.756,31,19,0.001,0.300,0.021,0.009,19.8,1,93,1,290,21.4,18.6,1001.2,1017.3,0,,22.1
2016-09-12 10:00:00,2.484,38,26,0.002,0.300,0.022,0.010,20,1.5,93,.8,270,21.7,18.8,1001.2,1017.3,0,,22.5
2016-09-12 11:00:00,3.78,29,25,0.002,0.300,0.029,0.008,20.1,.5,93,1.1,20,21.8,18.9,1001.1,1017.2,0,,22.8
2016-09-12 12:00:00,3.7,31,20,0.001,0.300,0.033,0.006,20.6,0,90,1.3,340,21.7,18.8,1000.9,1016.9,0,,24.1
2016-09-12 13:00:00,5.22,32,18,0.001,0.300,0.041,0.003,21,,86,1.6,50,21.3,18.5,1000.2,1016.2,0,,24.1
2016-09-12 14:00:00,8.884,30,17,0.001,0.300,0.043,0.004,22.7,,71,2,320,19.5,17.1,999.9,1015.7,.3,,28.1
2016-09-12 15:00:00,11.284,25,18,0.001,0.300,0.042,0.003,23.6,,67,1.2,320,19.5,17.1,999.7,1015.4,.4,,28.7
2016-09-12 16:00:00,18.928,31,14,0.001,0.300,0.042,0.003,24.8,,59,1.5,270,18.4,16.2,999.4,1015.2,1,,30.8
2016-09-12 17:00:00,20.608,26,15,0.001,0.300,0.046,0.004,24.6,,58,1,360,17.8,15.7,999.5,1015.1,1,,28.7
2016-09-12 18:00:00,4.912,24,22,0.001,0.300,0.048,0.003,23.4,,67,1.1,160,19.2,16.9,999.4,1015.1,.9,,24.9
2016-09-12 19:00:00,0.868,22,15,0.001,0.300,0.046,0.004,20.2,,85,.7,110,20,17.5,999.7,1015.7,.3,,22.6
2016-09-12 20:00:00,0,17,11,0.001,0.300,0.038,0.006,19.5,,89,1.3,20,20.1,17.6,1000.9,1016.9,,,21.4
2016-09-12 21:00:00,0,20,,0.001,0.300,0.028,0.007,18.9,,91,0,0,19.7,17.3,1001.3,1017.3,,,20.6
2016-09-12 22:00:00,0,27,13,0.001,0.300,0.020,0.007,18.4,,92,.2,0,19.4,17,1001.9,1018,,,19.9
2016-09-12 23:00:00,0,31,14,0.001,0.300,0.018,0.004,18,,93,.3,0,19.1,16.8,1002,1018.1,,,19.5
2016-09-13 00:00:00,0,33,13,0.001,0.300,0.016,0.004,17.9,,94,.6,340,19.2,16.9,1002.3,1018.4,,,19.7
2016-09-13 01:00:00,0,29,17,0.001,0.300,0.015,0.004,18.2,,95,.4,0,19.7,17.3,1001.8,1017.9,,,20.1
2016-09-13 02:00:00,0,32,15,0.001,0.300,0.015,0.003,18.2,,93,1.3,230,19.4,17,1001.7,1017.8,,,19.9
2016-09-13 03:00:00,0,30,17,0.001,0.300,0.017,0.002,17.7,,93,1,250,18.8,16.5,1001.8,1017.9,,,18.8
2016-09-13 04:00:00,0,32,14,0.001,0.300,0.016,0.003,17.8,,94,.7,320,19.1,16.8,1001.7,1017.8,,,19.1
2016-09-13 05:00:00,0,29,10,0.002,0.300,0.017,0.003,17.9,,92,1.2,320,18.8,16.5,1002,1018.1,,,19.4
2016-09-13 06:00:00,0,27,19,0.002,0.300,0.015,0.003,17.7,,92,1.2,360,18.5,16.3,1002.7,1018.9,,,19.4
2016-09-13 07:00:00,0.06,34,13,0.002,0.300,0.014,0.004,17.4,,93,1.4,320,18.4,16.2,1003.2,1019.4,0,,19.6
2016-09-13 08:00:00,1.084,31,10,0.001,0.300,0.015,0.004,17.9,,91,1.3,270,18.6,16.4,1003.3,1019.5,0,,20.6
2016-09-13 09:00:00,5.084,36,13,0.001,0.300,0.021,0.005,19.1,,86,1.1,320,18.9,16.6,1003.5,1019.5,0,,23.6
2016-09-13 10:00:00,13.148,34,14,0.001,0.300,0.031,0.004,20.7,,76,.9,270,18.5,16.3,1003.2,1019.2,.8,,29.3
2016-09-13 11:00:00,20.824,32,12,0.001,0.300,0.039,0.003,23.9,,63,1,180,18.6,16.4,1002.7,1018.4,1,,33.1
2016-09-13 12:00:00,26.708,34,14,0.001,0.300,0.044,0.003,26.4,,53,1.3,230,18.2,16,1002.2,1017.9,1,,35.6
2016-09-13 13:00:00,30.42,25,13,0.001,0.300,0.046,0.003,27.1,,52,1.8,270,18.5,16.3,1001.7,1017.3,1,,37
2016-09-13 14:00:00,28.604,32,11,0.001,0.300,0.048,0.003,27.4,,52,2.2,90,18.9,16.6,1001.3,1016.9,1,,35.6
2016-09-13 15:00:00,27.152,31,10,0.001,0.300,0.050,0.003,27.7,,51,2.2,70,18.9,16.6,1000.9,1016.5,1,,34.5
2016-09-13 16:00:00,24.66,29,15,0.001,0.300,0.049,0.003,27.3,,50,2.2,70,18.1,15.9,1000.6,1016.2,1,,32.1
2016-09-13 17:00:00,11.404,39,20,0.001,0.300,0.049,0.004,26.5,,52,2.2,90,17.9,15.8,1000.7,1016.4,1,,28.8
2016-09-13 18:00:00,2.424,26,20,0.001,0.300,0.045,0.006,25.1,,60,1.4,160,19,16.7,1001,1016.8,1,,26.3
2016-09-13 19:00:00,0,27,16,0.002,0.300,0.040,0.011,22.9,,72,1.3,140,20,17.5,1001.3,1017.1,0,,24.2
2016-09-13 20:00:00,0,32,20,0.004,0.300,0.043,0.011,21.7,,79,.2,0,20.4,17.8,1001.9,1017.8,,,23.1
2016-09-13 21:00:00,0,30,18,0.003,0.300,0.031,0.010,20.5,,84,.3,0,20.1,17.6,1002.5,1018.6,,,22
2016-09-13 22:00:00,0,40,20,0.002,0.300,0.023,0.008,19.9,,88,.1,0,20.4,17.8,1002.9,1019,,,21.6
2016-09-13 23:00:00,0,39,24,0.002,0.300,0.019,0.008,19.3,,91,.1,0,20.2,17.7,1003.3,1019.3,,,20.9
2016-09-14 00:00:00,0,40,20,0.002,0.400,0.019,0.009,18.9,,92,.4,0,20,17.5,1003.2,1019.3,,,20.3
2016-09-14 01:00:00,0,37,29,0.002,0.400,0.017,0.007,18.9,,92,.5,360,20,17.5,1003.2,1019.3,,,20.4
2016-09-14 02:00:00,0,38,28,0.002,0.300,0.017,0.006,18.9,,92,.8,270,20,17.5,1003.1,1019.2,,,20.6
2016-09-14 03:00:00,0,37,21,0.002,0.300,0.016,0.005,18.7,,92,.3,0,19.7,17.3,1003.1,1019.2,,,20.4
2016-09-14 04:00:00,0,34,13,0.001,0.300,0.016,0.004,18.5,,93,.4,0,19.7,17.3,1002.8,1018.9,,,19.9
2016-09-14 05:00:00,0,37,21,0.002,0.300,0.014,0.004,18.3,,92,.3,0,19.2,16.9,1002.6,1018.7,,,19.5
2016-09-14 06:00:00,0,39,17,0.001,0.300,0.009,0.004,18.2,,94,.7,270,19.6,17.2,1002.9,1019,,,19.9
2016-09-14 07:00:00,0.056,36,18,0.001,0.300,0.009,0.005,18,,95,.8,320,19.5,17.1,1003.2,1019.3,0,,20.5
2016-09-14 08:00:00,2.28,36,17,0.001,0.400,0.008,0.005,18.4,,94,1,320,19.9,17.4,1003.5,1019.6,0,,21.9
2016-09-14 09:00:00,5.62,37,27,0.001,0.400,0.017,0.005,20,,87,.9,230,20.2,17.7,1003.4,1019.5,.1,,25.3
2016-09-14 10:00:00,9.52,38,26,0.002,0.300,0.027,0.005,22.7,,72,.5,360,19.7,17.3,1003.2,1019.1,1,,28.5
2016-09-14 11:00:00,15.972,47,21,0.002,0.300,0.035,0.005,24.3,,66,.7,270,20,17.5,1002.7,1018.4,.7,,29.6
2016-09-14 12:00:00,19.832,42,18,0.002,0.300,0.044,0.003,25.5,,61,.5,160,19.9,17.4,1002.3,1018.1,.6,,31.2
2016-09-14 13:00:00,24.524,34,19,0.002,0.300,0.047,0.002,26,,56,1.4,230,18.8,16.5,1001.6,1017.3,.1,,31.5
2016-09-14 14:00:00,23.412,30,19,0.002,0.300,0.048,0.002,26.7,,49,1.9,90,17,15,1001.1,1016.7,.6,,33.7
2016-09-14 15:00:00,12.896,28,18,0.001,0.300,0.047,0.002,27.1,,51,1,90,18.2,16,1000.7,1016.3,.9,,31.9
2016-09-14 16:00:00,11.752,23,15,0.002,0.300,0.049,0.005,26.1,,54,1.6,70,18.2,16,1000.4,1016.1,.2,,29.3
2016-09-14 17:00:00,5.368,30,16,0.003,0.300,0.052,0.007,25.2,,58,2,50,18.5,16.3,1000.4,1016.1,.4,,27.3
2016-09-14 18:00:00,2.068,34,17,0.004,0.300,0.047,0.007,23.7,,69,.8,90,20.1,17.6,1000.3,1016,0,,25.5
2016-09-14 19:00:00,0.104,42,18,0.004,0.400,0.038,0.010,22.3,,75,1,160,20.1,17.6,1000.4,1016.3,0,,23.7
2016-09-14 20:00:00,0,38,18,0.003,0.500,0.029,0.013,20.8,,84,.2,0,20.5,17.9,1001,1017,,,22.6
2016-09-14 21:00:00,0,44,36,0.002,0.400,0.023,0.009,20.6,,85,.2,0,20.5,17.9,1001.5,1017.5,,,22.1
2016-09-14 22:00:00,0,45,23,0.002,0.400,0.018,0.009,20.2,,87,0,0,20.5,17.9,1001.7,1017.8,,,21.7
2016-09-14 23:00:00,0,53,37,0.002,0.400,0.015,0.007,19.8,,88,.1,0,20.2,17.7,1001.8,1017.9,,,21.1
2016-09-15 00:00:00,0,49,27,0.002,0.400,0.014,0.006,19.3,,91,0,0,20.2,17.7,1001.8,1017.8,,,20.6
2016-09-15 01:00:00,0,47,26,0.001,0.300,0.014,0.005,19.1,,91,.1,0,20,17.5,1001.7,1017.7,,,20.5
2016-09-15 02:00:00,0,39,18,0.001,0.300,0.015,0.004,18.7,,92,.2,0,19.7,17.3,1001.6,1017.7,,,20.1
2016-09-15 03:00:00,0,33,17,0.001,0.300,0.013,0.004,18.5,,93,.2,0,19.7,17.3,1001.4,1017.5,,,19.7
2016-09-15 04:00:00,0,36,14,0.002,0.300,0.012,0.004,18.1,,93,.8,340,19.2,16.9,1001.4,1017.5,,,19.3
2016-09-15 05:00:00,0,34,22,0.001,0.300,0.012,0.003,18.2,,95,.5,320,19.7,17.3,1001.3,1017.4,,,19.9
2016-09-15 06:00:00,0,32,20,0.001,0.300,0.011,0.004,18.1,,95,.6,320,19.6,17.2,1001.4,1017.5,,,20.1
2016-09-15 07:00:00,0.1,31,20,0.001,0.300,0.010,0.004,18,,95,1.2,270,19.5,17.1,1001.8,1017.9,0,,20.4
2016-09-15 08:00:00,2.404,36,25,0.002,0.300,0.012,0.004,18.6,,95,1.1,250,20.2,17.7,1001.8,1017.9,0,,21.6
2016-09-15 09:00:00,6.408,34,21,0.001,0.300,0.017,0.003,19.8,,95,1.2,290,21.8,18.9,1001.8,1017.9,0,,23.7
2016-09-15 10:00:00,12.428,37,21,0.002,0.300,0.029,0.003,22.4,,80,1.1,270,21.6,18.7,1001.7,1017.6,.7,,28.6
2016-09-15 11:00:00,18.572,42,22,0.002,0.300,0.037,0.003,24.8,,64,.8,270,20,17.5,1000.9,1016.7,1,,31.8
2016-09-15 12:00:00,24.224,44,24,0.002,0.300,0.050,0.003,27.3,,57,1.1,250,20.6,18,1000.2,1015.8,1,,35.5
2016-09-15 13:00:00,26.892,55,32,0.002,0.300,0.055,0.003,27.6,,52,1.9,230,19.1,16.8,999.6,1015.2,1,,36.3
2016-09-15 14:00:00,20.448,46,31,0.002,0.300,0.056,0.003,27.4,,51,2.5,250,18.5,16.3,999.1,1014.7,1,,35
2016-09-15 15:00:00,20.056,42,34,0.003,0.300,0.060,0.005,28.2,,47,1,230,17.9,15.8,998.6,1014.1,.8,,33.9
2016-09-15 16:00:00,15.1,40,35,0.005,0.400,0.061,0.009,27.3,,54,1,270,19.5,17.1,998.5,1014.1,.5,,31
2016-09-15 17:00:00,10.584,39,27,0.006,0.400,0.058,0.010,26.5,,61,.8,90,21,18.3,998.8,1014.4,0,,28.7
2016-09-15 18:00:00,2.856,38,26,0.005,0.400,0.054,0.010,25.1,,69,1.6,160,22,19,999.1,1014.8,0,,26.7
2016-09-15 19:00:00,0.052,41,23,0.003,0.400,0.041,0.009,23.6,,76,.3,0,22.1,19.1,999.5,1015.2,0,,25.1
2016-09-15 20:00:00,0,48,30,0.004,0.300,0.037,0.009,22.5,,83,.6,140,22.5,19.4,1000.1,1015.9,,,24.1
2016-09-15 21:00:00,0,48,32,0.007,0.300,0.036,0.011,21.9,,87,.5,250,22.8,19.6,1000.6,1016.5,,,23.5
2016-09-15 22:00:00,0,49,32,0.005,0.400,0.036,0.009,21.7,,87,.3,0,22.5,19.4,1000.5,1016.4,,,23.2
2016-09-15 23:00:00,0,49,32,0.004,0.400,0.026,0.009,21.5,,89,.6,320,22.8,19.6,1000.4,1016.3,,,22.8
2016-09-16 00:00:00,0,48,33,0.002,0.400,0.021,0.008,21.4,,89,.1,0,22.7,19.5,999.9,1015.8,,,22.5
2016-09-16 01:00:00,0,45,25,0.002,0.400,0.021,0.006,21.1,,91,.4,0,22.7,19.5,999.6,1015.5,,,22.2
2016-09-16 02:00:00,0,46,29,0.002,0.400,0.019,0.006,20.9,,91,.4,0,22.4,19.3,999.7,1015.7,,,22
2016-09-16 03:00:00,0,40,35,0.002,0.300,0.017,0.005,20.7,,92,.4,0,22.4,19.3,999.6,1015.6,,,21.8
2016-09-16 04:00:00,0,38,32,0.002,0.300,0.018,0.004,20.5,,92,.7,340,22.1,19.1,999.3,1015.3,,,21.6
2016-09-16 05:00:00,0,46,24,0.002,0.300,0.017,0.004,20.4,,93,.6,340,22.2,19.2,999.1,1015.1,,,21.5
2016-09-16 06:00:00,0,48,35,0.002,0.400,0.017,0.004,20.3,,93,.3,0,22.1,19.1,999.3,1015.3,,,21.4
2016-09-16 07:00:00,0,50,34,0.002,0.400,0.017,0.004,20.5,.2,93,.2,0,22.4,19.3,999.9,1015.9,0,,21.6
2016-09-16 08:00:00,0.46,45,28,0.002,0.400,0.019,0.004,20.6,.3,93,.5,250,22.5,19.4,1000.1,1016.1,0,,22.2
2016-09-16 09:00:00,1.424,45,18,0.002,0.400,0.022,0.004,20.8,1.5,93,.5,270,22.8,19.6,1000.2,1016.2,0,,22.8
2016-09-16 10:00:00,2.74,40,31,0.002,0.400,0.020,0.005,21.4,0,89,.1,0,22.7,19.5,1000.5,1016.4,0,,24.4
2016-09-16 11:00:00,4.58,43,32,0.002,0.400,0.027,0.005,21.9,1,90,.7,320,23.5,20.1,1000.6,1016.5,0,,25.6
2016-09-16 12:00:00,4.788,49,24,0.002,0.400,0.028,0.005,22.1,.5,90,1.2,340,23.8,20.3,999.8,1015.7,0,,26.3
2016-09-16 13:00:00,4.888,40,29,0.002,0.400,0.033,0.005,22.3,0,88,.2,0,23.7,20.2,999.6,1015.4,0,,26.2
2016-09-16 14:00:00,6.144,46,24,0.001,0.400,0.032,0.005,22.4,.5,87,.5,340,23.5,20.1,999.2,1015,0,,26.5
2016-09-16 15:00:00,7.744,43,27,0.002,0.300,0.036,0.004,22.5,0,89,1.1,340,24.1,20.5,999,1014.8,0,,26.4
2016-09-16 16:00:00,4.596,38,26,0.002,0.300,0.037,0.004,22.3,.5,87,.8,340,23.4,20,999.1,1014.9,0,,26.1
2016-09-16 17:00:00,2.892,35,21,0.002,0.300,0.037,0.003,21.8,0,89,1.5,230,23.1,19.8,999,1014.9,0,,25
2016-09-16 18:00:00,0.428,26,21,0.001,0.300,0.029,0.005,21.2,0,88,1.3,340,22.1,19.1,998.8,1014.7,0,,23.7
2016-09-16 19:00:00,0,37,19,0.002,0.300,0.023,0.006,20.7,0,91,.2,0,22.1,19.1,998.9,1014.9,0,,22.9
2016-09-16 20:00:00,0,36,22,0.002,0.300,0.020,0.005,20.3,0,92,.5,360,21.8,18.9,998.5,1014.5,,,22.3
2016-09-16 21:00:00,0,38,25,0.001,0.300,0.020,0.005,20,,92,1.2,20,21.4,18.6,998.8,1014.8,,,21.8
2016-09-16 22:00:00,0,36,22,0.001,0.300,0.020,0.004,20.1,,92,.9,180,21.6,18.7,998.8,1014.8,,,21.7
2016-09-16 23:00:00,0,37,17,0.001,0.300,0.018,0.004,19.8,0,92,1,340,21.2,18.4,998.4,1014.4,,,21.5
2016-09-17 00:00:00,0,31,11,0.002,0.300,0.017,0.003,19.9,0,92,.1,0,21.3,18.5,998.1,1014.1,,,21.6
2016-09-17 01:00:00,0,29,7,0.001,0.300,0.016,0.003,19.7,1.5,94,1.2,90,21.6,18.7,998.6,1014.7,,,21.2
2016-09-17 02:00:00,0,27,12,0.001,0.300,0.030,0.002,19.5,5,94,.8,270,21.3,18.5,998.7,1014.6,,,21
2016-09-17 03:00:00,0,27,11,0.001,0.300,0.041,0.002,18.6,4,93,.2,0,19.9,17.4,997.4,1013.4,,,20.4
2016-09-17 04:00:00,0,26,13,0.002,0.300,0.043,0.002,18.2,3,94,1,110,19.6,17.2,997.7,1013.7,,,20.1
2016-09-17 05:00:00,0,26,14,0.002,0.300,0.043,0.002,18,3.5,94,1.4,290,19.4,17,996.5,1012.5,,,19.9
2016-09-17 06:00:00,0,21,14,0.001,0.300,0.041,0.002,18,5,94,.6,250,19.4,17,996,1012,,,19.6
2016-09-17 07:00:00,0,19,14,0.001,0.300,0.039,0.002,18,9.5,95,.7,160,19.5,17.1,995.7,1011.7,0,,19.4
2016-09-17 08:00:00,0,12,11,0.001,0.200,0.037,0.002,18,9,95,.7,320,19.5,17.1,995.5,1011.5,0,,19.2
2016-09-17 09:00:00,0,10,6,0.001,0.200,0.035,0.003,18.2,18,95,.7,180,19.7,17.3,995.1,1011.1,0,,19.1
2016-09-17 10:00:00,0,8,8,0.001,0.300,0.033,0.004,18.1,18.5,95,.5,230,19.6,17.2,995,1011,0,,19.1
2016-09-17 11:00:00,0.116,8,,0.001,0.300,0.032,0.005,18.4,19.5,95,.4,0,20,17.5,995.1,1011.1,0,,19.3
2016-09-17 12:00:00,1.02,11,6,0.001,0.300,0.031,0.006,18.6,8,95,1.4,320,20.2,17.7,994.7,1010.6,0,,19.9
2016-09-17 13:00:00,0.98,10,4,0.001,0.300,0.030,0.006,18.7,6.5,95,.6,250,20.4,17.8,994,1009.9,0,,20.5
2016-09-17 14:00:00,1.868,9,8,0.001,0.300,0.030,0.007,18.8,9.5,95,1.4,290,20.5,17.9,993.9,1009.8,0,,20.5
2016-09-17 15:00:00,1.244,11,,0.001,0.300,0.030,0.005,19.3,10.5,95,.8,340,21.2,18.4,993.1,1009,0,,21
2016-09-17 16:00:00,0.312,12,10,0.001,0.300,0.031,0.004,19.6,2,95,1,70,21.6,18.7,992.8,1008.6,0,,21.7
2016-09-17 17:00:00,1.652,10,7,0.001,0.300,0.030,0.004,19.6,0,95,.8,20,21.6,18.7,992.7,1008.5,0,,21.2
2016-09-17 18:00:00,0.228,9,7,0.001,0.300,0.029,0.004,19.5,5,95,.8,290,21.4,18.6,992.7,1008.5,0,,21
2016-09-17 19:00:00,0,8,7,0.001,0.300,0.026,0.005,19.5,5.5,95,.8,70,21.4,18.6,993.2,1009,0,,20.4
2016-09-17 20:00:00,0,9,7,0.001,0.300,0.024,0.005,19.4,4,95,.9,290,21.3,18.5,993.8,1009.7,,,20.4
2016-09-17 21:00:00,0,12,5,0.001,0.300,0.021,0.006,19.5,4.5,95,1,290,21.4,18.6,994.3,1010.2,,,20.3
2016-09-17 22:00:00,0,13,4,0.001,0.300,0.022,0.005,19.4,6,95,.6,270,21.3,18.5,994.3,1010.2,,,20.2
2016-09-17 23:00:00,0,15,5,0.001,0.300,0.025,0.005,19.4,1.5,95,.4,0,21.3,18.5,994.3,1010.2,,,20.2
2016-09-18 00:00:00,0,15,4,0.001,0.300,0.023,0.004,19.3,1.5,95,.4,0,21.2,18.4,994.4,1010.3,,,20.2
2016-09-18 01:00:00,0,10,6,0.001,0.300,0.024,0.004,19.3,2.5,95,.3,0,21.2,18.4,994.3,1010.2,,,20.2
2016-09-18 02:00:00,0,7,,0.001,0.300,0.024,0.003,19.3,.5,95,.3,0,21.2,18.4,993.9,1009.8,,,20.2
2016-09-18 03:00:00,0,9,5,0.001,0.200,0.028,0.002,19.2,.5,95,1,200,21,18.3,993.7,1009.6,,,20.2
2016-09-18 04:00:00,0,11,,0.001,0.200,0.025,0.002,19.3,0,95,.8,250,21.2,18.4,993.6,1009.5,,,20.2
2016-09-18 05:00:00,0,11,10,0.001,0.200,0.028,0.002,19.3,0,95,.4,0,21.2,18.4,993.8,1009.7,,,20.2
2016-09-18 06:00:00,0,11,4,0.001,0.200,0.029,0.002,19.3,1,95,.2,0,21.2,18.4,994,1009.9,,,20.2
2016-09-18 07:00:00,0,10,5,0.001,0.200,0.025,0.002,19.4,1.5,95,0,0,21.3,18.5,994.5,1010.4,0,,20.3
2016-09-18 08:00:00,0.32,11,6,0.001,0.200,0.025,0.004,19.5,2,95,.8,250,21.4,18.6,994.9,1010.8,0,,20.6
2016-09-18 09:00:00,1.784,13,6,0.001,0.200,0.028,0.003,19.6,2,95,.4,0,21.6,18.7,995,1010.9,0,,21.3
2016-09-18 10:00:00,3.156,19,4,0.001,0.200,0.032,0.002,19.8,1.5,95,.7,290,21.8,18.9,995.5,1011.5,0,,21.9
2016-09-18 11:00:00,2.512,9,4,0.001,0.200,0.036,0.002,19.6,1.5,95,1.2,250,21.6,18.7,995.4,1011.3,0,,22.3
2016-09-18 12:00:00,5.828,13,4,0.001,0.200,0.037,0.002,19.3,2,94,1.3,270,21,18.3,995.4,1011.3,0,,22.3
2016-09-18 13:00:00,4.876,14,5,0.001,0.300,0.040,0.002,19.2,2,94,1.5,270,20.9,18.2,995,1010.9,0,,22.1
2016-09-18 14:00:00,4.788,14,13,0.001,0.300,0.042,0.002,19,1,94,1.5,270,20.6,18,994.8,1010.7,0,,22.3
2016-09-18 15:00:00,2.476,13,,0.001,0.300,0.043,0.002,18.9,.5,93,1.6,270,20.2,17.7,994.5,1010.4,0,,21.9
2016-09-18 16:00:00,1.56,13,11,0.001,0.300,0.042,0.002,19,1,93,1.2,250,20.4,17.8,994.8,1010.7,0,,21.6
2016-09-18 17:00:00,1.64,13,11,0.001,0.300,0.039,0.003,18.8,.5,92,1.1,320,19.9,17.4,995.2,1011.1,0,,21.1
2016-09-18 18:00:00,0.088,15,12,0.001,0.300,0.037,0.003,17.9,0,91,1.6,270,18.6,16.4,995.3,1011.3,0,,20.3
2016-09-18 19:00:00,0,12,10,0.001,0.300,0.038,0.002,17.5,.5,93,.9,340,18.5,16.3,995.5,1011.6,0,,19.7
2016-09-18 20:00:00,0,12,,0.001,0.300,0.038,0.002,17.2,1,94,1.5,360,18.4,16.2,996,1012.1,,,19.4
2016-09-18 21:00:00,0,14,,0.001,0.300,0.037,0.002,16.9,.5,94,.9,20,18.1,15.9,996.3,1012.4,,,19.2
2016-09-18 22:00:00,0,24,12,0.001,0.300,0.036,0.002,16.8,0,94,.9,20,17.9,15.8,996.7,1012.8,,,19
2016-09-18 23:00:00,0,13,7,0.001,0.300,0.034,0.002,16.7,1.5,94,1.2,360,17.8,15.7,996.8,1013,,,18.8
2016-09-19 00:00:00,0,14,4,0.001,0.300,0.032,0.003,16.8,0,95,1.2,360,18.1,15.9,996.5,1012.6,,,18.7
2016-09-19 01:00:00,0,13,4,0.001,0.300,0.032,0.002,16.9,.5,95,.1,0,18.2,16,995.8,1011.9,,,18.8
2016-09-19 02:00:00,0,12,5,0.001,0.300,0.034,0.002,17.1,,94,.5,290,18.3,16.1,995.7,1011.8,,,18.7
2016-09-19 03:00:00,0,13,8,0.001,0.300,0.035,0.002,17.1,,94,.6,360,18.3,16.1,995.6,1011.7,,,18.7
2016-09-19 04:00:00,0,14,11,0.001,0.300,0.035,0.002,17.1,0,95,.9,340,18.4,16.2,995.7,1011.8,,,18.7
2016-09-19 05:00:00,0,22,8,0.001,0.300,0.035,0.002,17.1,0,94,2,360,18.3,16.1,995.5,1011.6,,,18.5
2016-09-19 06:00:00,0,16,7,0.001,0.300,0.035,0.002,17.1,,93,.4,0,18.1,15.9,995.5,1011.6,,,18.5
2016-09-19 07:00:00,0,17,10,0.001,0.200,0.035,0.002,17.3,,93,.6,340,18.3,16.1,995.7,1011.8,0,,18.7
2016-09-19 08:00:00,1.976,19,12,0.001,0.200,0.034,0.002,17.9,,92,.8,290,18.8,16.5,995.7,1011.7,0,,19.6
2016-09-19 09:00:00,5.732,31,11,0.001,0.300,0.033,0.002,18.4,,85,1.3,340,17.9,15.8,996,1012,0,,20.4
2016-09-19 10:00:00,6.796,24,10,0.001,0.300,0.033,0.003,18.8,0,84,1.6,360,18.2,16,996.1,1012.1,0,,21
2016-09-19 11:00:00,9.456,25,10,0.001,0.300,0.033,0.003,18.8,0,84,1.3,290,18.2,16,996.3,1012.3,0,,21.1
2016-09-19 12:00:00,7.648,31,9,0.001,0.300,0.033,0.003,21,,72,1.9,290,17.8,15.7,995.3,1011.2,0,,25.8
2016-09-19 13:00:00,9.168,31,10,0.001,0.300,0.035,0.003,21.7,,64,2.3,250,16.5,14.5,994.8,1010.6,.3,,26.4
2016-09-19 14:00:00,9.728,28,12,0.001,0.300,0.037,0.003,21.5,,63,1.4,340,16.1,14.1,994.6,1010.4,0,,23.6
2016-09-19 15:00:00,13.596,,,,,,,21.5,,64,1.9,360,16.3,14.3,994.7,1010.5,0,,23.6
2016-09-19 16:00:00,15.344,,,,,,,20.7,,66,1.3,290,16.1,14.1,994.6,1010.5,0,,22.1
2016-09-19 17:00:00,7.832,29,,0.001,0.300,0.035,0.003,19.9,,73,.7,230,16.9,14.9,995.1,1011.1,0,,21.5
2016-09-19 18:00:00,0.832,28,7,0.001,0.300,0.034,0.004,19.8,,70,.7,360,16.1,14.1,995.2,1011.2,0,,20.7
2016-09-19 19:00:00,0,23,5,0.002,0.300,0.033,0.004,19.8,,65,1.8,360,15,13,995.5,1011.5,0,,19.6
2016-09-19 20:00:00,0,18,6,0.002,0.200,0.035,0.004,18.9,,69,.8,290,15,13,995.9,1011.8,,,19.2
2016-09-19 21:00:00,0,20,8,0.002,0.200,0.035,0.003,19,,67,.6,270,14.7,12.7,996.7,1012.6,,,19
2016-09-19 22:00:00,0,20,10,0.002,0.200,0.035,0.003,19.1,,64,1.7,320,14.1,12.1,996.5,1012.4,,,18.6
2016-09-19 23:00:00,0,17,10,0.001,0.200,0.035,0.003,19.3,,64,1.2,250,14.3,12.3,996.8,1012.7,,,18.4
2016-09-20 00:00:00,0,17,12,0.001,0.200,0.035,0.002,18.6,,70,1.2,340,15,13,996.6,1012.6,,,18.4
2016-09-20 01:00:00,0,18,9,0.001,0.200,0.034,0.002,18.1,,73,1.2,270,15.1,13.1,996.8,1012.8,,,18
2016-09-20 02:00:00,0,18,9,0.001,0.200,0.034,0.002,18.4,,63,1.9,320,13.3,11.2,996.9,1012.9,,,17.3
2016-09-20 03:00:00,0,19,8,0.001,0.200,0.034,0.002,16.6,,73,1.6,290,13.7,11.7,996.6,1012.8,,,16.4
2016-09-20 04:00:00,0,22,7,0.001,0.200,0.035,0.002,15.2,,81,.5,290,13.9,11.9,996.7,1013,,,15.5
2016-09-20 05:00:00,0,16,8,0.001,0.200,0.035,0.002,14.1,,86,.7,250,13.7,11.7,997.2,1013.5,,,14.8
2016-09-20 06:00:00,0,17,8,0.001,0.200,0.035,0.002,13.4,,88,1.1,340,13.5,11.4,997.7,1014.1,,,14.1
2016-09-20 07:00:00,0,17,6,0.001,0.200,0.036,0.002,13.2,,89,.5,340,13.5,11.4,998.3,1014.7,0,,14.1
2016-09-20 08:00:00,0.764,22,8,0.001,0.200,0.037,0.003,16.4,,67,1.5,340,12.4,10.2,998.8,1015,1,,17.8
2016-09-20 09:00:00,5.08,21,9,0.001,0.200,0.037,0.003,18.8,,52,2.9,290,11.2,8.7,998.7,1014.7,1,,22.2
2016-09-20 10:00:00,14.368,30,8,0.001,0.200,0.037,0.003,20.4,,49,2.3,290,11.7,9.3,998.7,1014.7,1,,25.9
2016-09-20 11:00:00,22.86,30,10,0.001,0.200,0.037,0.003,21.8,,43,2.3,360,11.2,8.6,998.5,1014.4,1,,29.9
2016-09-20 12:00:00,27.156,32,11,0.001,0.200,0.038,0.003,21.8,,40,4.2,50,10.4,7.5,998.6,1014.5,1,,30.4
2016-09-20 13:00:00,32.16,32,9,0.001,0.200,0.040,0.003,22.5,,44,3.6,50,11.9,9.6,998.8,1014.6,1,,31.5
2016-09-20 14:00:00,33.476,27,12,0.001,0.200,0.043,0.003,21.8,,42,2.8,20,10.9,8.3,998.8,1014.7,.9,,28.3
2016-09-20 15:00:00,32.344,35,10,0.001,0.200,0.046,0.003,22.2,,41,1.4,20,10.9,8.3,998.8,1014.6,.6,,27
2016-09-20 16:00:00,17.796,28,11,0.001,0.200,0.047,0.003,23,,42,.5,290,11.7,9.3,999.4,1015.2,.4,,26.5
2016-09-20 17:00:00,17.848,34,10,0.001,0.200,0.047,0.003,21.8,,45,2.2,20,11.7,9.3,999.7,1015.6,.6,,23.7
2016-09-20 18:00:00,6.112,27,13,0.001,0.200,0.045,0.004,21.6,,49,1.3,70,12.6,10.4,1000.6,1016.5,.8,,22.1
2016-09-20 19:00:00,0.108,28,11,0.001,0.300,0.041,0.004,17.7,,69,.3,0,13.9,11.9,1001.2,1017.3,.1,,19.5
2016-09-20 20:00:00,0,20,10,0.001,0.300,0.033,0.007,16,,79,.2,0,14.3,12.3,1002.2,1018.5,,,18
2016-09-20 21:00:00,0,23,13,0.001,0.300,0.024,0.010,15,,84,.3,0,14.3,12.3,1002.9,1019.3,,,17.1
2016-09-20 22:00:00,0,26,16,0.001,0.300,0.016,0.013,14.2,,90,0,0,14.5,12.5,1003.4,1019.8,,,16.3
2016-09-20 23:00:00,0,28,14,0.001,0.300,0.018,0.010,13.1,,91,.6,70,13.7,11.6,1003.8,1020.3,,,15.5
2016-09-21 00:00:00,0,32,19,0.001,0.300,0.020,0.007,12.9,,93,.4,0,13.7,11.7,1003.9,1020.4,,,14.9
2016-09-21 01:00:00,0,26,15,0.001,0.300,0.020,0.005,12.3,,93,.5,20,13.2,11.1,1003.9,1020.5,,,14.4
2016-09-21 02:00:00,0,19,11,0.001,0.200,0.019,0.004,12.3,,94,.3,0,13.4,11.3,1004.2,1020.8,,,14.4
2016-09-21 03:00:00,0,22,8,0.001,0.200,0.020,0.004,12,,95,1.1,250,13.3,11.2,1004,1020.6,,,14.8
2016-09-21 04:00:00,0,22,9,0.001,0.200,0.020,0.003,12.1,,95,.5,320,13.4,11.3,1004.2,1020.8,,,15.1
2016-09-21 05:00:00,0,19,10,0.001,0.200,0.018,0.004,11.8,,95,1,290,13.1,11,1004.6,1021.2,,,14.6
2016-09-21 06:00:00,0,22,13,0.001,0.300,0.019,0.004,11.8,,95,1.2,290,13.1,11,1005.1,1021.7,,,14.6
2016-09-21 07:00:00,0.144,31,14,0.001,0.300,0.020,0.004,11.9,,94,1.1,290,13,10.9,1006,1022.6,0,,14.7
2016-09-21 08:00:00,2.28,35,20,0.001,0.300,0.019,0.007,12.1,,92,.9,290,12.9,10.8,1006.2,1022.8,.2,,15.2
2016-09-21 09:00:00,5.712,40,22,0.001,0.300,0.023,0.007,14.5,,83,1,290,13.7,11.6,1006.2,1022.6,.8,,19.2
2016-09-21 10:00:00,13.644,50,27,0.001,0.300,0.035,0.005,17.6,,70,1,320,14,12,1006.3,1022.5,.8,,24.9
2016-09-21 11:00:00,22.224,56,30,0.002,0.300,0.044,0.003,19.6,,61,.6,20,13.8,11.8,1006,1022,.7,,26.1
2016-09-21 12:00:00,27.024,55,26,0.001,0.300,0.046,0.003,21.3,,53,1.4,270,13.4,11.3,1005.1,1021.1,.8,,29.6
2016-09-21 13:00:00,28.26,44,20,0.001,0.300,0.045,0.003,21.7,,49,.4,0,12.7,10.5,1004.3,1020.3,.1,,25.3
2016-09-21 14:00:00,14.78,,,,,,,23.1,,51,1,140,14.4,12.4,1003.7,1019.5,.7,,30.2
2016-09-21 15:00:00,16.352,,,,,,,22.3,,47,.8,290,12.6,10.4,1003.4,1019.3,.2,,27.1
2016-09-21 16:00:00,12.432,40,26,0.001,0.300,0.044,0.004,22,,53,1.3,140,13.9,11.9,1003.2,1019.1,.2,,25.6
2016-09-21 17:00:00,4.308,39,17,0.001,0.300,0.044,0.004,20.7,,61,1.6,180,14.9,12.9,1003.6,1019.6,0,,23.2
2016-09-21 18:00:00,1.468,36,20,0.002,0.300,0.043,0.005,19.5,,73,.6,50,16.5,14.5,1003.8,1019.8,0,,21.6
2016-09-21 19:00:00,0,38,26,0.001,0.300,0.039,0.007,18.1,,79,.4,0,16.3,14.3,1003.5,1019.6,0,,20.2
2016-09-21 20:00:00,0,43,27,0.001,0.300,0.037,0.007,17.2,,83,.5,250,16.2,14.2,1004,1020.2,,,19.2
2016-09-21 21:00:00,0,45,24,0.002,0.300,0.029,0.007,16.7,,84,.4,0,15.9,13.9,1004.5,1020.8,,,18.7
2016-09-21 22:00:00,0,40,26,0.002,0.300,0.028,0.007,16.5,,89,.2,0,16.6,14.6,1004.8,1021.1,,,18.3
2016-09-21 23:00:00,0,40,27,0.001,0.300,0.024,0.007,16.3,,88,0,0,16.3,14.3,1004.3,1020.6,,,18.1
2016-09-22 00:00:00,0,38,24,0.001,0.300,0.025,0.005,16,,89,1,20,16.1,14.1,1003.9,1020.2,,,17.7
2016-09-22 01:00:00,0,36,20,0.001,0.300,0.025,0.004,16.1,,89,.6,200,16.2,14.2,1003.5,1019.8,,,17.7
2016-09-22 02:00:00,0,37,24,0.001,0.300,0.025,0.004,15.9,,90,.9,140,16.2,14.2,1003.4,1019.7,,,17.4
2016-09-22 03:00:00,0,35,24,0.001,0.300,0.023,0.004,15.8,,91,1.4,290,16.3,14.3,1003.4,1019.8,,,17.2
2016-09-22 04:00:00,0,34,27,0.001,0.300,0.024,0.003,15.7,,90,1.1,20,16,14,1002.9,1019.3,,,16.8
2016-09-22 05:00:00,0,39,30,0.001,0.300,0.024,0.003,15.5,,91,.1,0,16,14,1002.8,1019.2,,,16.8
2016-09-22 06:00:00,0,39,29,0.001,0.300,0.021,0.004,15.4,,92,.4,0,16.1,14.1,1003.2,1019.6,,,16.8
2016-09-22 07:00:00,0,37,30,0.001,0.300,0.017,0.005,15.6,,91,.4,0,16.1,14.1,1003.5,1019.9,0,,16.9
2016-09-22 08:00:00,0.136,41,23,0.001,0.300,0.016,0.007,15.9,,90,.5,270,16.2,14.2,1003.4,1019.7,0,,17.6
2016-09-22 09:00:00,1.552,39,27,0.001,0.300,0.015,0.010,16.8,,86,1.3,290,16.4,14.4,1003.2,1019.5,0,,19.2
2016-09-22 10:00:00,1.996,41,28,0.001,0.300,0.015,0.010,18.2,,78,1,340,16.2,14.2,1002.8,1018.9,0,,21.9
2016-09-22 11:00:00,2.348,46,32,0.002,0.300,0.016,0.010,18.7,,75,.3,0,16.1,14.1,1002.6,1018.7,0,,21.2
2016-09-22 12:00:00,2.92,41,29,0.001,0.300,0.016,0.011,19.1,,78,1,230,17.2,15.1,1002.3,1018.3,0,,21.8
2016-09-22 13:00:00,17.408,50,23,0.001,0.300,0.023,0.008,20.6,,66,1.1,320,16,14,1001.8,1017.8,0,,26.3
2016-09-22 14:00:00,17.096,45,27,0.001,0.300,0.035,0.004,22.4,,56,.8,360,15.1,13.1,1001,1016.9,.2,,29.9
2016-09-22 15:00:00,5.568,40,24,0.001,0.300,0.036,0.004,23.4,,54,1.1,290,15.5,13.5,1000.6,1016.4,.6,,30.6
2016-09-22 16:00:00,10.52,39,28,0.001,0.300,0.036,0.004,22.3,,65,.9,200,17.4,15.3,1000.4,1016.3,.1,,25.8
2016-09-22 17:00:00,15.708,45,26,0.001,0.300,0.037,0.004,21.6,,67,1,70,17.3,15.2,1000.6,1016.5,0,,23.7
2016-09-22 18:00:00,6.236,37,28,0.001,0.300,0.034,0.005,21.1,,69,1.1,180,17.2,15.1,1001,1017,.4,,22.3
2016-09-22 19:00:00,0.144,37,23,0.001,0.300,0.023,0.009,18.9,,83,.4,0,18.1,15.9,1001.3,1017.3,0,,20.3
2016-09-22 20:00:00,0,47,22,0.001,0.400,0.016,0.012,17.8,,86,.3,0,17.5,15.4,1001.8,1017.9,,,19.4
2016-09-22 21:00:00,0,48,33,0.001,0.400,0.016,0.009,17.1,,88,.3,0,17,15,1001.9,1018.1,,,18.4
2016-09-22 22:00:00,0,45,26,0.001,0.300,0.017,0.006,16.3,,92,.1,0,16.9,14.9,1002.1,1018.4,,,17.5
2016-09-22 23:00:00,0,39,26,0.001,0.300,0.016,0.005,15.9,,93,0,0,16.7,14.7,1002.1,1018.4,,,16.9
2016-09-23 00:00:00,0,40,24,0.001,0.300,0.013,0.004,15.4,,94,.3,0,16.4,14.4,1002.3,1018.7,,,16.6
2016-09-23 01:00:00,0,38,24,0.001,0.300,0.012,0.004,15,,94,.3,0,16,14,1002.2,1018.6,,,16
2016-09-23 02:00:00,0,36,25,0.001,0.300,0.013,0.003,14.8,,95,.1,0,16,14,1002.1,1018.5,,,16.2
2016-09-23 03:00:00,0,37,31,0.001,0.300,0.011,0.003,14.3,,95,.6,340,15.5,13.5,1002,1018.4,,,16.3
2016-09-23 04:00:00,0,41,20,0.001,0.300,0.009,0.003,14.1,,96,.3,0,15.4,13.4,1002.1,1018.5,,,16.7
2016-09-23 05:00:00,0,39,25,0.001,0.300,0.008,0.003,14.3,,96,.1,0,15.6,13.6,1002.3,1018.7,,,16.7
2016-09-23 06:00:00,0,32,25,0.001,0.300,0.008,0.003,14.3,,96,0,0,15.6,13.6,1002.6,1019,,,16.9
2016-09-23 07:00:00,0.016,32,24,0.001,0.300,0.007,0.004,14.7,,96,.6,250,16,14,1002.8,1019.2,0,,17.2
2016-09-23 08:00:00,1.748,32,23,0.001,0.300,0.006,0.006,15.2,,96,.8,270,16.5,14.5,1002.8,1019.2,0,,18.4
2016-09-23 09:00:00,5.384,41,27,0.001,0.300,0.013,0.007,16.5,,96,.7,360,17.9,15.8,1002.8,1019.1,0,,21.2
2016-09-23 10:00:00,13.312,40,24,0.001,0.300,0.025,0.006,19.1,,82,1.3,270,18.1,15.9,1002.6,1018.6,.9,,26.6
2016-09-23 11:00:00,21.312,41,22,0.001,0.300,0.037,0.003,22.4,,64,.8,320,17.3,15.2,1001.9,1017.8,1,,31.4
2016-09-23 12:00:00,27.164,41,26,0.001,0.300,0.040,0.003,23.6,,56,1.6,270,16.3,14.3,1001,1016.7,1,,34.4
2016-09-23 13:00:00,26.16,39,20,0.001,0.300,0.042,0.002,25.4,,48,1.8,340,15.5,13.5,1000.3,1016,.9,,35.6
2016-09-23 14:00:00,15.716,34,19,0.001,0.300,0.042,0.003,26.2,,45,1.9,20,15.3,13.3,999.4,1015.1,1,,36.2
2016-09-23 15:00:00,26.384,34,20,0.001,0.300,0.043,0.003,24.8,,48,1.1,250,15,13,998.8,1014.6,.8,,32.2
2016-09-23 16:00:00,10.428,29,19,0.001,0.300,0.044,0.004,24.3,,56,.7,360,16.9,14.9,998.9,1014.5,.4,,28.7
2016-09-23 17:00:00,4.664,29,18,0.012,0.400,0.037,0.020,23.5,,59,.9,90,17,15,999.3,1015,0,,26.3
2016-09-23 18:00:00,2.476,54,22,0.013,0.600,0.038,0.023,22.2,,68,.8,140,18.2,16,999.3,1015.1,0,,24.4
2016-09-23 19:00:00,0,58,32,0.008,0.500,0.033,0.020,22,,67,1.8,320,17.6,15.5,999.8,1015.7,0,,22.4
2016-09-23 20:00:00,0,59,36,0.005,0.500,0.030,0.016,21.2,,72,2.3,50,18.1,15.9,1000.1,1016,,,21.4
2016-09-23 21:00:00,0,52,33,0.003,0.400,0.023,0.014,20.8,,77,2.3,70,18.9,16.6,1000.8,1016.8,,,20.9
2016-09-23 22:00:00,0,55,35,0.003,0.400,0.020,0.013,20.5,,78,1.7,70,18.8,16.5,1000.9,1016.9,,,20.6
2016-09-23 23:00:00,0,48,29,0.003,0.400,0.019,0.012,19.9,,83,.7,230,19.2,16.9,1001.1,1017.2,,,20.5
2016-09-24 00:00:00,0,47,32,0.002,0.400,0.018,0.010,19,,87,.4,0,19,16.7,1000.9,1016.9,,,19.9
2016-09-24 01:00:00,0,45,33,0.002,0.500,0.016,0.009,18.5,,89,.5,340,18.9,16.6,1000.7,1016.8,,,19.4
2016-09-24 02:00:00,0,43,28,0.002,0.500,0.015,0.008,17.5,,91,.4,0,18.2,16,1001,1017.2,,,18.5
2016-09-24 03:00:00,0,43,26,0.002,0.500,0.014,0.007,17.1,,93,.2,0,18.1,15.9,1000.8,1017,,,17.9
2016-09-24 04:00:00,0,48,26,0.002,0.400,0.014,0.006,16.5,,93,.3,0,17.4,15.3,1000.7,1016.9,,,17.5
2016-09-24 05:00:00,0,47,32,0.002,0.400,0.013,0.006,16.1,,94,.6,340,17.2,15.1,1001,1017.3,,,17.5
2016-09-24 06:00:00,0,40,24,0.002,0.400,0.012,0.005,15.9,,94,1,320,16.9,14.9,1001.2,1017.5,,,16.8
2016-09-24 07:00:00,0.012,39,25,0.002,0.400,0.010,0.006,15.9,,95,1.2,290,17,15,1001.8,1018.1,0,,17.7
2016-09-24 08:00:00,1.524,33,19,0.002,0.400,0.011,0.006,16.8,,95,.6,320,18.1,15.9,1002,1018.2,0,,19.4
2016-09-24 09:00:00,5.32,40,31,0.002,0.400,0.016,0.007,18.8,,82,.8,290,17.7,15.6,1002.1,1018.1,.5,,23.9
2016-09-24 10:00:00,12.992,51,25,0.002,0.400,0.027,0.006,20.9,,73,1.2,320,17.9,15.8,1001.9,1017.9,1,,28
2016-09-24 11:00:00,20.704,45,26,0.002,0.300,0.040,0.004,23.2,,61,.8,340,17.3,15.2,1001.1,1016.9,1,,32.2
2016-09-24 12:00:00,26.78,50,34,0.002,0.300,0.047,0.003,24.9,,57,.9,320,17.8,15.7,1000.3,1016.1,1,,34.9
2016-09-24 13:00:00,29.848,45,26,0.002,0.300,0.046,0.003,26.4,,43,1.5,50,14.8,12.8,999.4,1015,1,,35.9
2016-09-24 14:00:00,31,35,25,0.002,0.300,0.047,0.002,26.9,,42,1.3,70,14.8,12.8,998.8,1014.4,1,,35.7
2016-09-24 15:00:00,23.328,32,20,0.001,0.300,0.050,0.003,26.7,,42,2.1,90,14.7,12.7,998.5,1014.1,1,,34
2016-09-24 16:00:00,15.56,30,18,0.005,0.300,0.050,0.010,25.9,,43,1.8,270,14.3,12.3,998.9,1014.6,1,,30
2016-09-24 17:00:00,14.236,34,19,0.006,0.300,0.053,0.012,24.8,,52,.7,50,16.2,14.2,998.9,1014.7,.8,,27.1
2016-09-24 18:00:00,2.404,40,25,0.005,0.300,0.047,0.014,22.9,,61,1.7,140,16.9,14.9,999,1014.8,.4,,24.1
2016-09-24 19:00:00,0.104,40,28,0.006,0.300,0.039,0.016,20.3,,75,.4,0,17.8,15.7,999.1,1015.1,0,,22
2016-09-24 20:00:00,0,42,20,0.004,0.300,0.029,0.014,19.1,,82,0,0,18.1,15.9,999.8,1015.8,,,20.7
2016-09-24 21:00:00,0,39,31,0.003,0.400,0.023,0.013,17.8,,86,.4,0,17.5,15.4,1000.3,1016.4,,,19.7
2016-09-24 22:00:00,0,39,30,0.002,0.300,0.019,0.010,17.3,,89,0,0,17.5,15.4,1000.7,1016.9,,,18.9
2016-09-24 23:00:00,0,35,26,0.002,0.300,0.019,0.008,16.8,,90,.3,0,17.2,15.1,1000.9,1017.1,,,18.3
2016-09-25 00:00:00,0,40,24,0.002,0.300,0.018,0.007,16.2,,93,.4,0,17,15,1000.7,1017,,,17.8
2016-09-25 01:00:00,0,39,28,0.002,0.300,0.019,0.006,16.1,,92,.1,0,16.7,14.7,1000.4,1016.7,,,17.7
2016-09-25 02:00:00,0,39,24,0.001,0.300,0.019,0.005,15.8,,93,.5,340,16.6,14.6,1000.7,1017,,,17.1
2016-09-25 03:00:00,0,32,21,0.001,0.300,0.020,0.004,15.4,,94,.5,250,16.4,14.4,1000.6,1016.9,,,17
2016-09-25 04:00:00,0,34,17,0.001,0.300,0.019,0.004,15.2,,95,.4,0,16.3,14.3,1000.4,1016.8,,,17.2
2016-09-25 05:00:00,0,30,16,0.001,0.300,0.016,0.004,15.3,,95,.6,290,16.4,14.4,1000.8,1017.2,,,17.3
2016-09-25 06:00:00,0,30,19,0.001,0.300,0.016,0.004,15.2,,95,.4,0,16.3,14.3,1001.1,1017.5,,,17.2
2016-09-25 07:00:00,0,39,16,0.001,0.300,0.013,0.005,15.3,,95,.5,320,16.4,14.4,1001.5,1017.9,0,,17.3
2016-09-25 08:00:00,1.772,31,19,0.002,0.300,0.016,0.006,16.3,,93,.8,320,17.2,15.1,1001.7,1018,0,,19.3
2016-09-25 09:00:00,4.356,38,17,0.002,0.300,0.018,0.006,17.5,,87,1.1,250,17.4,15.3,1002.1,1018.3,.1,,21
2016-09-25 10:00:00,8.476,35,18,0.002,0.300,0.024,0.006,19.7,,75,1.1,290,17.2,15.1,1002.4,1018.5,.1,,25.6
2016-09-25 11:00:00,12.788,38,25,0.002,0.300,0.033,0.005,21.9,,67,1,270,17.5,15.4,1002.2,1018.1,.6,,27.6
2016-09-25 12:00:00,18.556,38,20,0.002,0.300,0.038,0.006,23.6,,60,.5,110,17.4,15.3,1001.7,1017.5,.5,,28.8
2016-09-25 13:00:00,23.512,45,26,0.002,0.300,0.050,0.003,25.2,,55,.6,50,17.6,15.5,1001.1,1016.9,.3,,30.5
2016-09-25 14:00:00,23.584,40,25,0.002,0.300,0.048,0.003,25.5,,52,1.1,140,16.9,14.9,1000.1,1015.8,.2,,29.8
2016-09-25 15:00:00,16.316,32,20,0.002,0.300,0.047,0.003,26,,43,1.4,140,14.4,12.4,999.4,1015.1,.5,,29.8
2016-09-25 16:00:00,9.064,28,21,0.001,0.300,0.045,0.003,25.3,,44,.9,90,14.1,12.1,999.5,1015.2,.2,,27.7
2016-09-25 17:00:00,4.148,30,20,0.002,0.300,0.044,0.003,23.2,,61,2.5,90,17.3,15.2,999.6,1015.4,0,,24.5
2016-09-25 18:00:00,1.152,29,16,0.002,0.300,0.033,0.006,21.5,,71,.4,0,18.2,16,999.7,1015.6,0,,23.1
2016-09-25 19:00:00,0,28,16,0.001,0.400,0.025,0.011,20.4,,77,.2,0,18.4,16.2,1000.2,1016.2,0,,21.7
2016-09-25 20:00:00,0,39,,0.001,0.300,0.022,0.009,19.5,,82,.5,250,18.5,16.3,1000.7,1016.7,,,20.9
2016-09-25 21:00:00,0,35,19,0.001,0.300,0.021,0.007,19.1,,85,.5,20,18.8,16.5,1001.3,1017.3,,,20.3
2016-09-25 22:00:00,0,30,24,0.001,0.300,0.021,0.005,18.4,,89,.7,250,18.8,16.5,1001.3,1017.4,,,19.9
2016-09-25 23:00:00,0,36,15,0.001,0.300,0.020,0.005,18.1,,89,0,0,18.4,16.2,1001.3,1017.4,,,18.8
2016-09-26 00:00:00,0,32,18,0.001,0.300,0.020,0.004,17.4,,92,.3,0,18.2,16,1001.3,1017.5,,,18.4
2016-09-26 01:00:00,0,32,27,0.001,0.300,0.020,0.003,17.5,,91,.6,90,18.2,16,1000.9,1017.1,,,18.6
2016-09-26 02:00:00,0,33,17,0.001,0.300,0.019,0.003,17.4,,92,.5,320,18.2,16,1001,1017.2,,,18.6
2016-09-26 03:00:00,0,33,15,0.001,0.300,0.017,0.003,17.5,,92,0,0,18.3,16.1,1000.8,1016.9,,,18.5
2016-09-26 04:00:00,0,25,16,0.001,0.300,0.017,0.003,17.3,,93,.3,0,18.3,16.1,1000.5,1016.7,,,18.5
2016-09-26 05:00:00,0,30,22,0.001,0.300,0.018,0.003,17.4,,92,.1,0,18.2,16,1000.6,1016.8,,,18.6
2016-09-26 06:00:00,0,33,21,0.002,0.300,0.017,0.003,17.5,,92,.3,0,18.3,16.1,1000.8,1016.9,,,18.8
2016-09-26 07:00:00,0,32,17,0.001,0.300,0.018,0.004,17.8,,92,1.1,230,18.6,16.4,1001.2,1017.3,0,,19.1
2016-09-26 08:00:00,0.108,34,18,0.002,0.300,0.015,0.007,18.4,0,89,.7,320,18.8,16.5,1001.6,1017.7,0,,20.2
2016-09-26 09:00:00,1.268,36,26,0.002,0.300,0.014,0.010,19.4,,85,.6,230,19.1,16.8,1002,1018,0,,21.3
2016-09-26 10:00:00,8.296,42,24,0.002,0.300,0.019,0.009,20,0,84,.2,0,19.6,17.2,1001.9,1018,0,,22.4
2016-09-26 11:00:00,10.272,49,20,0.003,0.300,0.026,0.011,20.7,0,79,.6,290,19.2,16.9,1001.9,1017.9,0,,23.1
2016-09-26 12:00:00,10.628,50,28,0.003,0.300,0.031,0.008,22,,73,1.1,320,19.2,16.9,1001.2,1017.1,0,,26.7
2016-09-26 13:00:00,13.028,53,32,0.003,0.300,0.040,0.003,24.3,,63,.9,340,19,16.7,1000.2,1015.9,.1,,30.4
2016-09-26 14:00:00,10.44,36,25,0.003,0.300,0.040,0.003,26,,65,1.9,70,21.8,18.9,999.2,1014.9,.4,,30.9
2016-09-26 15:00:00,5.436,42,31,0.003,0.300,0.039,0.004,25.3,,68,2.5,70,21.8,18.9,998.9,1014.6,0,,28.5
2016-09-26 16:00:00,2.16,44,28,0.003,0.300,0.036,0.006,24.8,0,72,2.8,90,22.5,19.4,999,1014.8,0,,26.8
2016-09-26 17:00:00,1.076,46,34,0.002,0.400,0.031,0.011,23.4,.3,81,3.6,70,23.2,19.9,999.3,1015,0,,24.4
2016-09-26 18:00:00,0.04,55,34,0.002,0.400,0.027,0.012,22.1,3.2,92,.4,0,24.4,20.7,999.8,1015.7,0,,23.6
2016-09-26 19:00:00,0,60,34,0.002,0.400,0.022,0.012,21.7,1,94,.1,0,24.3,20.6,1000.1,1016,0,,23.3
2016-09-26 20:00:00,0,52,39,0.002,0.400,0.020,0.010,21.6,.5,94,.6,90,24.1,20.5,1000.6,1016.5,,,22.9
2016-09-26 21:00:00,0,51,33,0.002,0.400,0.020,0.008,21.6,.5,94,.4,0,24.1,20.5,1001,1016.9,,,22.7
2016-09-26 22:00:00,0,48,31,0.002,0.400,0.017,0.007,21.5,0,94,.4,0,24,20.4,1001.1,1017,,,22.6
2016-09-26 23:00:00,0,47,33,0.002,0.300,0.015,0.007,21.5,,94,.1,0,24,20.4,1001.1,1017,,,22.5
2016-09-27 00:00:00,0,42,32,0.001,0.300,0.013,0.005,21.3,,94,.2,0,23.7,20.2,1000.7,1016.6,,,22.4
2016-09-27 01:00:00,0,40,29,0.002,0.300,0.011,0.006,21.3,,94,.1,0,23.7,20.2,1000.8,1016.7,,,22.3
2016-09-27 02:00:00,0,38,31,0.002,0.300,0.011,0.005,21.2,0,94,0,0,23.5,20.1,1000.4,1016.4,,,22.2
2016-09-27 03:00:00,0,39,27,0.002,0.300,0.008,0.005,21.2,.1,94,.2,0,23.5,20.1,999.9,1015.8,,,22.1
2016-09-27 04:00:00,0,41,23,0.001,0.300,0.008,0.004,21.1,,94,.5,290,23.4,20,999.6,1015.5,,,22.1
2016-09-27 05:00:00,0,44,26,0.002,0.300,0.008,0.004,21.2,,94,.1,0,23.5,20.1,999.5,1015.4,,,21.9
2016-09-27 06:00:00,0,41,24,0.002,0.300,0.009,0.004,21,,94,.8,360,23.2,19.9,999.7,1015.7,,,21.7
2016-09-27 07:00:00,0,36,18,0.001,0.300,0.008,0.005,21,,94,.2,0,23.2,19.9,1000,1016,0,,21.8
2016-09-27 08:00:00,1.052,39,21,0.002,0.300,0.007,0.006,22.1,,91,.1,0,24.1,20.5,1000.3,1016.2,0,,23.6
2016-09-27 09:00:00,4.62,42,22,0.002,0.300,0.009,0.006,23,,84,.2,0,23.5,20.1,1000.6,1016.4,.2,,26.2
2016-09-27 10:00:00,10.712,44,28,0.002,0.300,0.016,0.004,23.7,,78,1.2,70,22.8,19.6,1000.8,1016.5,.1,,27.6
2016-09-27 11:00:00,17.652,38,17,0.002,0.300,0.020,0.004,25.6,,73,.9,320,23.8,20.3,1000.4,1016.1,.7,,33.7
2016-09-27 12:00:00,18.724,45,27,0.002,0.300,0.026,0.005,27.1,,68,1,340,24.3,20.6,999.2,1014.8,1,,36.9
2016-09-27 13:00:00,26.296,46,35,0.002,0.300,0.032,0.005,28.2,,58,1,270,22.1,19.1,998.4,1013.9,1,,36.5
2016-09-27 14:00:00,28.136,48,38,0.013,0.900,0.027,0.022,26.6,,72,1.1,20,25,21.1,997.9,1013.5,.1,,30.2
2016-09-27 15:00:00,23.708,55,33,0.019,1.300,0.032,0.026,26.5,,72,2.2,70,24.9,21,997.6,1013.2,.1,,30
2016-09-27 16:00:00,10.924,56,38,0.017,1.200,0.026,0.023,26,0,77,1.4,50,25.8,21.6,997.7,1013.3,0,,27.4
2016-09-27 17:00:00,5.052,60,31,0.021,0.900,0.030,0.028,26.4,.4,74,1.7,50,25.3,21.3,997.4,1013,.2,,27.8
2016-09-27 18:00:00,0.728,55,34,0.010,0.400,0.028,0.020,25.6,,78,.9,50,25.5,21.4,997.9,1013.6,0,,26
2016-09-27 19:00:00,0,41,26,0.007,0.400,0.022,0.017,24.6,,85,.6,200,26.3,21.9,998,1013.6,0,,25.1
2016-09-27 20:00:00,0,37,30,0.005,0.400,0.021,0.012,24.9,,84,1.9,70,26.4,22,998.5,1014.2,,,24.6
2016-09-27 21:00:00,0,57,28,0.006,0.400,0.016,0.013,24.8,,82,1.6,340,25.6,21.5,998.8,1014.6,,,24.2
2016-09-27 22:00:00,0,51,28,0.007,0.400,0.010,0.020,24.3,,84,.6,70,25.5,21.4,999,1014.7,,,24.1
2016-09-27 23:00:00,0,55,34,0.006,0.400,0.012,0.018,23.5,,89,.7,230,25.6,21.5,999.2,1014.9,,,24
2016-09-28 00:00:00,0,55,32,0.004,0.400,0.008,0.014,23.3,0,91,.5,140,26,21.7,999.2,1014.9,,,23.8
2016-09-28 01:00:00,0,41,31,0.003,0.400,0.004,0.015,23,,92,.1,0,25.8,21.6,998.8,1014.6,,,23.7
2016-09-28 02:00:00,0,47,24,0.003,0.400,0.004,0.012,23,,93,.2,0,26.1,21.8,998.6,1014.4,,,23.7
2016-09-28 03:00:00,0,47,33,0.002,0.300,0.003,0.012,22.7,,94,.3,0,25.8,21.6,997.9,1013.7,,,23.1
2016-09-28 04:00:00,0,47,32,0.002,0.300,0.005,0.010,22.8,,94,.5,270,26,21.7,997.7,1013.5,,,23.3
2016-09-28 05:00:00,0,41,28,0.002,0.300,0.004,0.009,22.4,,93,.4,0,25.2,21.2,997.8,1013.6,,,23.1
2016-09-28 06:00:00,0,44,22,0.002,0.300,0.003,0.010,21.9,,93,.7,230,24.4,20.7,997.8,1013.6,,,22.3
2016-09-28 07:00:00,0,41,33,0.002,0.400,0.002,0.010,21.9,,93,.2,0,24.4,20.7,997.8,1013.6,0,,22.5
2016-09-28 08:00:00,0.68,46,28,0.002,0.300,0.003,0.008,22.3,,92,.4,0,24.7,20.9,998.1,1013.9,0,,23.5
2016-09-28 09:00:00,2.12,42,20,0.002,0.400,0.004,0.009,22.6,.1,91,1,290,24.9,21,998.6,1014.4,0,,24.6
2016-09-28 10:00:00,4.06,52,31,0.002,0.300,0.006,0.008,22.9,.4,87,1.2,340,24.3,20.6,998.9,1014.7,0,,26.2
2016-09-28 11:00:00,3.824,41,22,0.002,0.300,0.005,0.006,22.9,.5,88,.4,0,24.4,20.7,998.5,1014.3,0,,25.9
2016-09-28 12:00:00,2.628,37,14,0.002,0.300,0.007,0.006,22.9,0,90,.3,0,25,21.1,998.3,1014.1,0,,25.8
2016-09-28 13:00:00,2.308,34,20,0.002,0.300,0.007,0.007,22.9,1,90,.9,320,25,21.1,997.9,1013.7,0,,25.7
2016-09-28 14:00:00,3.44,31,18,0.002,0.300,0.009,0.007,21,4,89,1.2,290,22.1,19.1,997.8,1013.7,0,,24.6
2016-09-28 15:00:00,2.496,25,13,0.002,0.300,0.009,0.007,21.5,1,90,.9,340,22.9,19.7,997.6,1013.5,0,,25.1
2016-09-28 16:00:00,1.328,24,13,0.002,0.300,0.010,0.008,21.1,.5,91,1,90,22.7,19.5,997.5,1013.4,0,,24.1
2016-09-28 17:00:00,0.312,26,9,0.002,0.300,0.009,0.008,20.5,1,93,.1,0,22.4,19.3,997.5,1013.5,0,,23.4
2016-09-28 18:00:00,0.08,14,9,0.002,0.300,0.020,0.004,20.2,1,92,.2,0,21.7,18.8,997.8,1013.8,0,,22.6
2016-09-28 19:00:00,0,22,7,0.002,0.300,0.023,0.006,19.9,1.5,93,.5,90,21.6,18.7,998,1014,0,,22
2016-09-28 20:00:00,0,24,5,0.002,0.300,0.026,0.004,19.7,.5,94,.1,0,21.6,18.7,997.9,1014,,,21.6
2016-09-28 21:00:00,0,25,12,0.002,0.300,0.026,0.004,19.8,.5,93,.3,0,21.4,18.6,998.4,1014.4,,,21.6
2016-09-28 22:00:00,0,28,21,0.002,0.300,0.022,0.006,19.7,,94,.4,0,21.6,18.7,998.4,1014.5,,,21.6
2016-09-28 23:00:00,0,26,17,0.002,0.300,0.023,0.004,19.8,0,94,.6,230,21.7,18.8,998.7,1014.8,,,21.4
2016-09-29 00:00:00,0,31,20,0.002,0.300,0.022,0.003,19.7,0,94,.1,0,21.6,18.7,998.3,1014.4,,,21.4
2016-09-29 01:00:00,0,32,11,0.002,0.300,0.020,0.003,19.7,.3,95,.9,270,21.7,18.8,998.3,1014.4,,,21.4
2016-09-29 02:00:00,0,31,17,0.002,0.300,0.017,0.003,19.6,.7,95,.2,0,21.6,18.7,998.5,1014.4,,,21.3
2016-09-29 03:00:00,0,33,18,0.002,0.300,0.016,0.002,19.6,.5,95,.4,0,21.6,18.7,998.2,1014.1,,,21.2
2016-09-29 04:00:00,0,30,12,0.002,0.300,0.015,0.002,19.7,.5,95,.1,0,21.7,18.8,998.2,1014.3,,,21.2
2016-09-29 05:00:00,0,28,8,0.002,0.300,0.015,0.003,19.7,0,95,.3,0,21.7,18.8,998.5,1014.6,,,21.1
2016-09-29 06:00:00,0,28,10,0.002,0.300,0.016,0.003,19.7,.5,94,.3,0,21.6,18.7,998.9,1015,,,21
2016-09-29 07:00:00,0,18,9,0.002,0.300,0.019,0.003,19.3,1.5,92,.5,110,20.5,17.9,999.6,1015.6,0,,20.8
2016-09-29 08:00:00,0.204,23,7,0.002,0.400,0.025,0.003,19.5,0,89,2,160,20.1,17.6,1000.2,1016.2,0,,20.9
2016-09-29 09:00:00,0.736,17,8,0.002,0.400,0.024,0.003,19.2,0,86,1.8,160,19,16.7,1000.8,1016.8,0,,21.2
2016-09-29 10:00:00,1.06,16,7,0.002,0.400,0.023,0.003,18.8,,83,1.6,90,17.9,15.8,1001.5,1017.5,0,,21
2016-09-29 11:00:00,2.388,13,5,0.002,0.300,0.023,0.003,18.7,,84,2.2,160,18.1,15.9,1001.6,1017.7,0,,21.4
2016-09-29 12:00:00,6.152,15,8,0.002,0.300,0.025,0.003,18.4,,85,2,180,17.9,15.8,1001.4,1017.5,0,,21.6
2016-09-29 13:00:00,4.244,22,10,0.002,0.300,0.025,0.003,18.6,,83,1.7,160,17.7,15.6,1001.4,1017.5,0,,21.6
2016-09-29 14:00:00,3.936,14,8,0.002,0.300,0.025,0.003,18.4,,81,1.5,180,17,15,1001.2,1017.3,0,,21.4
2016-09-29 15:00:00,3.584,16,7,0.002,0.300,0.025,0.003,18.3,,81,1.7,160,16.9,14.9,1001.5,1017.6,0,,21.1
2016-09-29 16:00:00,3.072,19,13,0.002,0.300,0.025,0.004,18.3,,78,1.5,160,16.3,14.3,1001.5,1017.6,0,,21
2016-09-29 17:00:00,1.644,25,11,0.002,0.300,0.025,0.003,18.1,,78,1.2,180,16.1,14.1,1001.5,1017.6,0,,20.2
2016-09-29 18:00:00,0.248,23,9,0.002,0.300,0.025,0.003,17.6,,81,1.7,180,16.2,14.2,1001.4,1017.5,0,,19.7
2016-09-29 19:00:00,0,23,13,0.002,0.300,0.024,0.004,17.3,,85,.5,200,16.7,14.7,1001.7,1017.9,0,,19.4
2016-09-29 20:00:00,0,25,18,0.002,0.300,0.023,0.004,17.1,,87,.6,140,16.9,14.9,1002.2,1018.4,,,19.1
2016-09-29 21:00:00,0,27,16,0.002,0.300,0.023,0.004,17.2,,90,.3,0,17.6,15.5,1002.6,1018.8,,,19.1
2016-09-29 22:00:00,0,31,14,0.002,0.300,0.023,0.003,17.2,,91,.1,0,17.8,15.7,1002.2,1018.4,,,19
2016-09-29 23:00:00,0,29,17,0.002,0.300,0.022,0.004,17.1,,91,.3,0,17.7,15.6,1002.4,1018.6,,,18.9
2016-09-30 00:00:00,0,30,14,0.002,0.300,0.021,0.003,17,,92,0,0,17.7,15.6,1002.1,1018.3,,,18.8
2016-09-30 01:00:00,0,30,12,0.002,0.300,0.018,0.004,16.7,,93,.9,270,17.6,15.5,1001.8,1018,,,18.5
2016-09-30 02:00:00,0,32,10,0.002,0.300,0.019,0.003,16.7,,92,.6,320,17.4,15.3,1001.4,1017.6,,,18.5
2016-09-30 03:00:00,0,25,9,0.002,0.300,0.016,0.003,16.6,,92,.3,0,17.3,15.2,1001,1017.2,,,18.3
2016-09-30 04:00:00,0,30,12,0.002,0.300,0.019,0.004,16.5,,93,.7,340,17.4,15.3,1000.6,1016.8,,,18.3
2016-09-30 05:00:00,0,18,10,0.002,0.300,0.022,0.003,16.3,1,93,.5,320,17.2,15.1,1000.5,1016.8,,,18.1
2016-09-30 06:00:00,0,21,13,0.002,0.300,0.019,0.003,16,5,94,.6,50,17,15,1000.5,1016.8,,,17.8
2016-09-30 07:00:00,0,10,10,0.002,0.300,0.021,0.003,15.9,2,94,.1,0,16.9,14.9,1000.5,1016.8,0,,17.8
2016-09-30 08:00:00,0.384,12,8,0.002,0.300,0.022,0.003,16,2,94,.5,180,17,15,1000.6,1016.9,0,,18.1
2016-09-30 09:00:00,0.812,14,10,0.002,0.300,0.025,0.004,16.3,1.5,93,.4,0,17.2,15.1,1000.8,1017.1,0,,19.4
2016-09-30 10:00:00,2.468,21,11,0.002,0.300,0.019,0.007,17,.5,92,.4,0,17.7,15.6,1000.8,1017,0,,20.7
2016-09-30 11:00:00,3.592,26,12,0.002,0.300,0.023,0.006,17.4,1,87,.6,320,17.3,15.2,1000.2,1016.3,0,,22.7
2016-09-30 12:00:00,1.084,19,10,0.002,0.300,0.023,0.007,17,3,92,.4,0,17.7,15.6,1000,1016.2,0,,20.7
2016-09-30 13:00:00,3.824,22,7,0.002,0.300,0.024,0.005,17.7,3,92,.3,0,18.5,16.3,998.9,1015,0,,22.3
2016-09-30 14:00:00,7.952,18,6,0.002,0.300,0.027,0.004,18,.5,91,1.4,110,18.8,16.5,998.8,1014.9,0,,22.9
2016-09-30 15:00:00,5.736,15,5,0.002,0.300,0.026,0.004,18.6,0,88,.2,0,18.8,16.5,998.5,1014.5,0,,23.4
2016-09-30 16:00:00,3.436,11,5,0.002,0.300,0.027,0.005,18.4,0,88,.4,0,18.5,16.3,998.1,1014.1,0,,22.4
2016-09-30 17:00:00,1.232,9,9,0.002,0.300,0.026,0.003,17.9,.5,89,1,340,18.2,16,998.6,1014.7,0,,21
2016-09-30 18:00:00,0.092,14,12,0.002,0.300,0.021,0.008,17.9,.5,92,.2,0,18.8,16.5,998.9,1015,0,,20.4
2016-09-30 19:00:00,0,18,10,0.002,0.400,0.012,0.013,17.4,1.5,94,.5,90,18.6,16.4,998.9,1015,0,,19.7
2016-09-30 20:00:00,0,20,12,0.002,0.400,0.012,0.010,17.3,1,94,.3,0,18.5,16.3,999.8,1016,,,19.3
2016-09-30 21:00:00,0,21,15,0.002,0.300,0.012,0.008,17.3,0,94,.3,0,18.5,16.3,1000.2,1016.4,,,19.2
2016-09-30 22:00:00,0,24,14,0.002,0.300,0.014,0.007,17.2,2,95,.1,0,18.5,16.3,1000.2,1016.4,,,19
2016-09-30 23:00:00,0,26,11,0.002,0.300,0.017,0.006,17,1.5,95,.1,0,18.3,16.1,1000.6,1016.8,,,18.8
2016-10-01 00:00:00,0,-1,-1,-1,-1,-1,-1,16.8,.5,95,.7,290,18.1,15.9,1001,1017.2,,,18.7
2016-10-01 01:00:00,0,28,9,0.002,0.300,0.021,0.003,16.5,.2,95,.8,250,17.7,15.6,1000.8,1017,,,18.4
2016-10-01 02:00:00,0,20,8,0.002,0.300,0.022,0.003,16.5,,95,.7,340,17.7,15.6,1000.9,1017.1,,,18.2
2016-10-01 03:00:00,0,28,8,0.002,0.300,0.020,0.003,16.4,,95,.3,0,17.6,15.5,1000.8,1017.1,,,18.1
2016-10-01 04:00:00,0,23,9,0.002,0.300,0.021,0.002,16.4,,95,.7,290,17.6,15.5,1001.1,1017.4,,,18.1
2016-10-01 05:00:00,0,29,8,0.002,0.300,0.018,0.003,16.5,,95,.9,230,17.7,15.6,1001.3,1017.6,,,18.1
2016-10-01 06:00:00,0,26,9,0.002,0.300,0.017,0.003,16.3,,95,.9,250,17.5,15.4,1001.1,1017.4,,,17.8
2016-10-01 07:00:00,0,24,14,0.002,0.300,0.014,0.003,16.5,,95,.4,0,17.7,15.6,1001.3,1017.6,0,,18.2
2016-10-01 08:00:00,0.584,29,12,0.002,0.300,0.013,0.005,17.4,,93,.5,320,18.4,16.2,1001.9,1018.1,0,,20.3
2016-10-01 09:00:00,2.932,21,13,0.002,0.300,0.013,0.006,17.9,,88,1.1,320,17.9,15.8,1002.6,1018.7,.1,,21.6
2016-10-01 10:00:00,7.476,25,15,0.002,0.300,0.019,0.005,19.4,,83,1,340,18.6,16.4,1002.8,1018.8,.1,,25.4
2016-10-01 11:00:00,7.668,26,12,0.002,0.300,0.020,0.004,20,,82,.1,0,19.1,16.8,1002.9,1019,.1,,24.3
2016-10-01 12:00:00,7.86,31,9,0.002,0.300,0.025,0.004,21.4,,76,.8,250,19.2,16.9,1002.5,1018.5,0,,27.7
2016-10-01 13:00:00,6.24,21,6,0.002,0.300,0.035,0.003,21.8,,77,1.1,90,20,17.5,1001.8,1017.7,0,,27.8
2016-10-01 14:00:00,5.916,23,10,0.002,0.300,0.035,0.003,22.7,,73,1.5,90,20.1,17.6,1001.3,1017.1,.1,,28.9
2016-10-01 15:00:00,3.244,20,11,0.002,0.300,0.034,0.003,22,,78,2.1,50,20.5,17.9,1000.8,1016.7,0,,25.6
2016-10-01 16:00:00,1.984,24,14,0.002,0.300,0.033,0.003,21.4,,80,1.1,50,20.2,17.7,1001.4,1017.4,0,,23.8
2016-10-01 17:00:00,0.704,26,14,0.002,0.300,0.027,0.008,20.6,.3,89,.9,180,21.6,18.7,1001.5,1017.5,0,,23.3
2016-10-01 18:00:00,0.072,25,15,0.002,0.300,0.021,0.008,20.2,0,90,.8,140,21.3,18.5,1001.3,1017.4,0,,22.2
2016-10-01 19:00:00,0,25,17,0.002,0.400,0.013,0.013,19.9,,92,.5,360,21.3,18.5,1001.4,1017.5,0,,21.6
2016-10-01 20:00:00,0,28,18,0.002,0.300,0.010,0.010,19.8,,92,.7,250,21.2,18.4,1002.7,1018.8,,,21.3
2016-10-01 21:00:00,0,32,19,0.002,0.300,0.010,0.007,19.7,0,92,1.2,110,21,18.3,1002.4,1018.5,,,20.9
2016-10-01 22:00:00,0,31,18,0.001,0.300,0.009,0.008,19.5,0,94,.8,340,21.3,18.5,1003,1019,,,20.7
2016-10-01 23:00:00,0,30,15,0.001,0.300,0.010,0.006,19.4,1.5,94,.7,250,21.2,18.4,1002.7,1018.7,,,20.5
2016-10-02 00:00:00,0,26,16,0.001,0.300,0.010,0.005,19.2,0,94,.5,320,20.9,18.2,1002.9,1018.9,,,20.4
2016-10-02 01:00:00,0,26,14,0.001,0.300,0.010,0.004,19.2,,94,.5,20,20.9,18.2,1002.8,1018.8,,,20.3
2016-10-02 02:00:00,0,25,14,0.001,0.300,0.008,0.004,19.2,.2,95,.5,110,21,18.3,1002.7,1018.7,,,20.3
2016-10-02 03:00:00,0,29,16,0.002,0.300,0.007,0.003,19.2,.1,95,.3,0,21,18.3,1002.1,1018.1,,,20.3
2016-10-02 04:00:00,0,25,12,0.002,0.300,0.007,0.003,19.1,.2,95,.7,90,20.9,18.2,1001.4,1017.4,,,20.3
2016-10-02 05:00:00,0,26,14,0.002,0.300,0.008,0.003,19.2,,94,.6,320,20.9,18.2,1001.3,1017.3,,,20.2
2016-10-02 06:00:00,0,31,17,0.002,0.300,0.011,0.004,19.1,,94,0,0,20.8,18.1,1001.2,1017.2,,,20.2
2016-10-02 07:00:00,0,29,14,0.002,0.300,0.009,0.005,19.1,,93,.2,0,20.5,17.9,1001.3,1017.3,0,,20.3
2016-10-02 08:00:00,0.684,32,16,0.002,0.300,0.010,0.005,19.5,,94,0,0,21.3,18.5,1001.5,1017.5,0,,21.3
2016-10-02 09:00:00,3.46,32,12,0.002,0.300,0.013,0.004,19.8,,92,.5,290,21.2,18.4,1001.8,1017.9,0,,22.6
2016-10-02 10:00:00,5.844,32,11,0.002,0.300,0.020,0.003,21.1,,89,.6,320,22.2,19.2,1001.7,1017.7,0,,24.7
2016-10-02 11:00:00,6.88,25,9,0.002,0.300,0.022,0.003,21.9,,82,1.6,50,21.4,18.6,1001,1016.9,0,,25.7
2016-10-02 12:00:00,7.596,30,10,0.002,0.300,0.026,0.003,22.9,,76,2.1,70,21.2,18.4,1000.3,1016.1,.2,,28.7
2016-10-02 13:00:00,9.284,33,17,0.002,0.300,0.030,0.003,23,,76,2.8,70,21.3,18.5,999.4,1015.2,.4,,29.4
2016-10-02 14:00:00,14.512,29,20,0.002,0.300,0.033,0.002,24.2,,72,.9,160,21.7,18.8,998.6,1014.3,.3,,29.6
2016-10-02 15:00:00,7.64,28,20,0.002,0.300,0.031,0.002,24.2,,71,2.2,70,21.4,18.6,998.1,1013.7,.3,,28.9
2016-10-02 16:00:00,4.62,18,,0.002,0.300,0.030,0.003,23.7,,77,3,50,22.5,19.4,998,1013.7,.2,,26.7
2016-10-02 17:00:00,3.888,31,22,0.002,0.300,0.030,0.003,23.6,,77,2.3,50,22.4,19.3,997.5,1013.2,.5,,25.5
2016-10-02 18:00:00,0.78,27,19,0.002,0.300,0.027,0.004,22.9,,81,1.6,50,22.5,19.4,997.7,1013.5,0,,23.9
2016-10-02 19:00:00,0,29,22,0.002,0.300,0.016,0.006,22.7,,83,.8,50,22.8,19.6,997.8,1013.6,0,,23.3
2016-10-02 20:00:00,0,36,16,0.002,0.300,0.013,0.008,22.5,,83,1.3,90,22.5,19.4,997.7,1013.5,,,22.8
2016-10-02 21:00:00,0,39,31,0.002,0.400,0.009,0.011,22.4,,84,1.4,70,22.7,19.5,997.1,1012.9,,,22.5
2016-10-02 22:00:00,0,36,19,0.002,0.400,0.010,0.009,22.2,,86,1.6,20,22.9,19.7,996.2,1012,,,22.1
2016-10-02 23:00:00,0,24,,0.002,0.400,0.007,0.008,22.2,,86,1.9,340,22.9,19.7,995.8,1011.6,,,21.6
2016-10-03 00:00:00,0,38,21,0.002,0.300,0.009,0.006,22.9,,84,2,70,23.4,20,995.2,1010.9,,,22
2016-10-03 01:00:00,0,46,23,0.002,0.400,0.007,0.009,22.4,,88,1.3,50,23.8,20.3,994.7,1010.5,,,22
2016-10-03 02:00:00,0,46,27,0.002,0.300,0.007,0.007,22.6,0,88,.7,270,24.1,20.5,994.7,1010.4,,,21.9
2016-10-03 03:00:00,0,35,25,0.002,0.300,0.006,0.007,22.7,,86,1.2,90,23.7,20.2,994.2,1009.9,,,21.4
2016-10-03 04:00:00,0,47,28,0.002,0.300,0.007,0.005,21.9,,90,.9,270,23.5,20.1,993.6,1009.4,,,21.4
2016-10-03 05:00:00,0,49,22,0.002,0.300,0.005,0.005,21.2,.1,92,1.1,250,23.1,19.8,993.6,1009.4,,,21.5
2016-10-03 06:00:00,0,50,23,0.002,0.300,0.005,0.006,20.5,0,93,.7,200,22.4,19.3,994.1,1010,,,20.7
2016-10-03 07:00:00,0,44,24,0.002,0.400,0.005,0.006,20.4,,94,.6,200,22.4,19.3,994,1009.9,0,,21
2016-10-03 08:00:00,0.868,46,24,0.002,0.400,0.006,0.006,21.7,,90,.7,340,23.2,19.9,993.4,1009.2,0,,23
2016-10-03 09:00:00,5.54,46,26,0.002,0.400,0.008,0.004,23.5,,84,.7,250,24.3,20.6,993.4,1009,.6,,26
2016-10-03 10:00:00,6.884,38,22,0.002,0.300,0.011,0.004,24.2,,81,.6,340,24.4,20.7,993.4,1009,0,,25.9
2016-10-03 11:00:00,7.728,35,18,0.002,0.200,0.014,0.003,24.6,,81,.7,290,25,21.1,993.9,1009.4,0,,26.5
2016-10-03 12:00:00,16.384,28,12,0.002,0.200,0.016,0.003,26,,73,.6,340,24.4,20.7,993.6,1009.2,0,,28.7
2016-10-03 13:00:00,14.16,30,17,0.002,0.200,0.017,0.003,25.3,.1,80,1.2,290,25.6,21.5,993.5,1009.1,0,,27.3
2016-10-03 14:00:00,8.592,26,13,0.002,0.200,0.017,0.004,25.6,0,78,1.3,320,25.5,21.4,993.4,1009,0,,28.2
2016-10-03 15:00:00,4.992,26,11,0.002,0.200,0.014,0.003,25.4,,78,1.4,360,25.2,21.2,993.2,1008.8,0,,27.3
2016-10-03 16:00:00,4.1,26,13,0.001,0.200,0.014,0.004,25.5,,76,.7,360,24.7,20.9,993.3,1008.9,.1,,27
2016-10-03 17:00:00,2.144,23,9,0.001,0.200,0.013,0.005,25.3,,77,.8,200,24.7,20.9,993.6,1009.2,.4,,26.8
2016-10-03 18:00:00,1.928,21,7,0.001,0.200,0.009,0.007,24,,85,.3,0,25.3,21.3,994,1009.6,0,,25
2016-10-03 19:00:00,0,26,7,0.002,0.300,0.003,0.010,22.9,,90,.4,0,25,21.1,994.7,1010.4,0,,23.4
2016-10-03 20:00:00,0,28,7,0.002,0.300,0.002,0.009,22.5,,91,1.1,160,24.7,20.9,995.3,1011.1,,,22.7
2016-10-03 21:00:00,0,30,7,0.002,0.300,0.002,0.007,21.4,,93,.6,290,23.7,20.2,996.5,1012.4,,,21.6
2016-10-03 22:00:00,0,30,5,0.002,0.300,0.003,0.005,20.9,,93,.2,0,22.9,19.7,997.1,1013,,,20.9
2016-10-03 23:00:00,0,27,4,0.002,0.200,0.005,0.003,20.3,,94,1.3,250,22.2,19.2,997.4,1013.4,,,20.3
2016-10-04 00:00:00,0,26,4,0.002,0.200,0.006,0.003,20,,94,.7,230,21.8,18.9,997.6,1013.6,,,19.7
2016-10-04 01:00:00,0,26,4,0.002,0.200,0.006,0.002,19.8,,95,.5,250,21.8,18.9,997.9,1013.9,,,20.7
2016-10-04 02:00:00,0,27,6,0.002,0.200,0.007,0.002,19.5,,95,1.1,320,21.4,18.6,998.2,1014.1,,,20.8
2016-10-04 03:00:00,0,29,8,0.002,0.200,0.009,0.002,19.3,,95,.8,360,21.2,18.4,998.5,1014.4,,,20.7
2016-10-04 04:00:00,0,27,9,0.002,0.200,0.011,0.002,19.2,,95,.9,320,21,18.3,998.6,1014.6,,,20.5
2016-10-04 05:00:00,0,22,9,0.002,0.200,0.012,0.002,18.7,,92,1.7,340,19.7,17.3,998.9,1014.9,,,20.1
2016-10-04 06:00:00,0,34,8,0.002,0.200,0.011,0.003,18.2,,91,.8,290,19,16.7,999.4,1015.5,,,19.9
2016-10-04 07:00:00,0,35,12,0.002,0.300,0.009,0.004,17.9,,89,1.2,320,18.2,16,1000,1016.1,0,,19.9
2016-10-04 08:00:00,0.912,32,10,0.002,0.300,0.013,0.004,18.3,,87,.7,140,18.2,16,1000.6,1016.7,0,,21
2016-10-04 09:00:00,5.028,33,13,0.002,0.300,0.013,0.005,19,,80,1.1,360,17.5,15.4,1000.8,1016.8,.5,,24.6
2016-10-04 10:00:00,13.364,41,18,0.002,0.300,0.021,0.009,21.1,,73,.7,320,18.2,16,1000.3,1016.3,1,,28.7
2016-10-04 11:00:00,21.196,42,17,0.002,0.300,0.041,0.003,24.6,,61,.7,290,18.8,16.5,999.4,1015,1,,33
2016-10-04 12:00:00,26.7,32,15,0.002,0.300,0.044,0.004,26.6,,52,2.8,70,18.1,15.9,998.6,1014.2,1,,35
2016-10-04 13:00:00,29.78,43,18,0.002,0.300,0.048,0.004,27.3,,53,3.4,50,19.1,16.8,998.7,1014.3,1,,35.2
2016-10-04 14:00:00,20.468,42,24,0.002,0.300,0.054,0.004,26.3,,56,2.7,90,19.1,16.8,998.2,1013.8,.5,,30.8
2016-10-04 15:00:00,13.728,36,18,0.002,0.300,0.058,0.005,26.5,,56,2.1,70,19.4,17,997.8,1013.4,.8,,30.1
2016-10-04 16:00:00,9.272,39,23,0.002,0.300,0.064,0.005,25.5,,58,2.8,70,18.9,16.6,998.2,1013.9,0,,27.2
2016-10-04 17:00:00,4.06,39,21,0.002,0.300,0.058,0.004,24,,61,1.6,110,18.2,16,998.9,1014.6,0,,25.3
2016-10-04 18:00:00,0.836,40,18,0.002,0.400,0.051,0.004,22.1,,71,.7,90,18.8,16.5,999.1,1014.9,0,,23.5
2016-10-04 19:00:00,0,59,25,0.002,0.400,0.046,0.004,21.1,,74,1.4,160,18.4,16.2,999.7,1015.7,0,,22.2
2016-10-04 20:00:00,0,50,24,0.002,0.400,0.043,0.004,21.2,,69,1.5,160,17.3,15.2,1000.3,1016.3,,,21.6
2016-10-04 21:00:00,0,41,26,0.002,0.300,0.040,0.004,19.6,,83,.2,0,18.9,16.6,1000,1015.9,,,21
2016-10-04 22:00:00,0,60,25,0.002,0.300,0.039,0.003,19.4,,82,.2,0,18.4,16.2,999.4,1015.4,,,20.8
2016-10-04 23:00:00,0,43,19,0.002,0.300,0.038,0.003,19,.1,86,.6,50,18.8,16.5,999.4,1015.4,,,20.6
2016-10-05 00:00:00,0,42,23,0.002,0.300,0.039,0.003,18.3,.4,91,.4,0,19,16.7,998.5,1014.5,,,20.4
2016-10-05 01:00:00,0,37,14,0.002,0.300,0.038,0.002,17.9,4,93,1.2,340,19,16.7,997.4,1013.5,,,19.9
2016-10-05 02:00:00,0,29,18,0.002,0.300,0.038,0.002,17.8,4,94,.6,360,19.1,16.8,996.5,1012.6,,,19.7
2016-10-05 03:00:00,0,31,23,0.002,0.300,0.037,0.002,17.5,7,94,.8,50,18.8,16.5,995.4,1011.5,,,19.2
2016-10-05 04:00:00,0,23,15,0.002,0.300,0.035,0.002,17.4,8,95,1.1,270,18.8,16.5,992.7,1008.7,,,19.1
2016-10-05 05:00:00,0,15,15,0.002,0.300,0.033,0.002,17.6,13.5,95,1.5,290,19,16.7,992.1,1008.1,,,18.8
2016-10-05 06:00:00,0,13,10,0.002,0.300,0.031,0.002,17.6,6,95,1.7,320,19,16.7,990,1006,,,19
2016-10-05 07:00:00,0,10,5,0.002,0.300,0.030,0.002,18.4,5.5,92,2.1,320,19.4,17,986.8,1002.6,0,,18.9
2016-10-05 08:00:00,0,9,3,0.002,0.300,0.031,0.002,18.8,7.5,87,3.3,340,18.8,16.5,984,999.8,0,,18.8
2016-10-05 09:00:00,0.496,8,3,0.002,0.300,0.032,0.002,18.3,12.5,87,5.7,290,18.2,16,983.3,999.1,0,,18.5
2016-10-05 10:00:00,2.528,12,4,0.002,0.300,0.030,0.002,18.9,3.5,83,7.9,270,18.1,15.9,984.7,1000.5,0,,18.8
2016-10-05 11:00:00,4.4,14,4,0.002,0.200,0.027,0.002,19.7,2.5,82,5.4,290,18.8,16.5,987.1,1003,0,,21.1
2016-10-05 12:00:00,6.772,15,4,0.002,0.200,0.025,0.002,20.1,2,85,3.7,320,19.9,17.4,988.7,1004.6,0,,22.8
2016-10-05 13:00:00,27.04,17,4,0.002,0.200,0.025,0.002,22.2,.5,81,3.2,340,21.6,18.7,989.5,1005.2,.5,,29
2016-10-05 14:00:00,24.192,14,4,0.002,0.200,0.025,0.002,24.8,,63,3.6,320,19.6,17.2,990.6,1006.2,.6,,30.2
2016-10-05 15:00:00,24.104,15,4,0.002,0.200,0.024,0.003,25.1,,59,4.2,290,18.8,16.5,992,1007.6,1,,29.8
2016-10-05 16:00:00,18.86,22,4,0.002,0.200,0.024,0.003,24.9,,57,5.5,270,17.8,15.7,993.3,1009,1,,26.7
2016-10-05 17:00:00,17.432,17,4,0.002,0.200,0.025,0.003,24.4,,56,3.6,290,17,15,994.3,1009.9,1,,23.8
2016-10-05 18:00:00,5.452,14,4,0.002,0.200,0.026,0.004,22,,64,1.5,320,16.8,14.8,995.4,1011.2,.6,,21.1
2016-10-05 19:00:00,0,14,7,0.002,0.300,0.023,0.007,21.3,,68,2.6,340,17.2,15.1,996.7,1012.6,0,,19.8
2016-10-05 20:00:00,0,31,,0.002,0.300,0.018,0.009,19.3,,82,1.9,360,18.3,16.1,997.6,1013.5,,,19
2016-10-05 21:00:00,0,24,,0.002,0.300,0.013,0.006,18.5,,86,.5,70,18.3,16.1,998.6,1014.6,,,18.5
2016-10-05 22:00:00,0,25,,0.002,0.300,0.010,0.006,17.2,,90,.5,250,17.6,15.5,999.4,1015.6,,,17.8
2016-10-05 23:00:00,0,27,,0.002,0.300,0.017,0.005,16.8,,89,.9,270,16.9,14.9,1000.1,1016.3,,,17.2
2016-10-06 00:00:00,0,30,,0.002,0.300,0.021,0.004,16.3,,91,.9,230,16.8,14.8,1000.3,1016.6,,,16.8
2016-10-06 01:00:00,0,38,,0.002,0.300,0.014,0.003,16.1,,92,1,270,16.7,14.7,1000.4,1016.7,,,16.3
2016-10-06 02:00:00,0,41,,0.002,0.300,0.020,0.003,15.5,,92,1.1,230,16.1,14.1,1000.8,1017.1,,,15.9
2016-10-06 03:00:00,0,41,,0.002,0.300,0.026,0.003,15.1,,93,.1,0,15.9,13.9,1001.3,1017.7,,,15.3
2016-10-06 04:00:00,0,40,,0.002,0.300,0.017,0.002,14.6,,94,.3,0,15.6,13.6,1001.5,1017.8,,,14.9
2016-10-06 05:00:00,0,38,,0.002,0.300,0.016,0.002,14.3,,94,.6,200,15.3,13.3,1002.1,1018.5,,,14.5
2016-10-06 06:00:00,0,44,,0.002,0.300,0.015,0.002,14.4,,93,.9,200,15.2,13.2,1002.4,1018.8,,,14.2
2016-10-06 07:00:00,0,35,,0.002,0.300,0.012,0.003,14.4,,91,1.3,230,14.9,12.9,1003.2,1019.6,0,,14.2
2016-10-06 08:00:00,1.136,35,,0.002,0.300,0.010,0.005,15.8,,89,.5,230,15.9,13.9,1003.9,1020.3,.7,,16.4
2016-10-06 09:00:00,5.272,40,,0.002,0.400,0.025,0.005,17.9,,78,1.5,320,16,14,1004.3,1020.5,1,,21.2
2016-10-06 10:00:00,13.576,44,,0.002,0.400,0.033,0.004,20.5,,64,.8,340,15.4,13.4,1004.3,1020.4,1,,26.3
2016-10-06 11:00:00,21.324,,,,,,,22.4,,49,1.9,340,13.2,11.1,1004.2,1020.1,1,,30.2
2016-10-06 12:00:00,26.496,,,,,,,24.1,,28,1.9,340,8.4,4.4,1003.6,1019.3,1,,33.1
2016-10-06 13:00:00,29.74,,,,,,,25,,29,1.7,360,9.2,5.7,1002.8,1018.6,1,,34.3
2016-10-06 14:00:00,30.332,,,,,,,26.3,,24,.7,340,8.2,4.1,1002.5,1018.2,1,,34.5
2016-10-06 15:00:00,28.66,,,,,,,26.2,,26,2.2,250,8.8,5.1,1002.4,1018.1,1,,32.6
2016-10-06 16:00:00,23.696,,,,,,,25.6,,33,1.3,200,10.8,8.1,1002.9,1018.7,1,,28.8
2016-10-06 17:00:00,15.044,,,,,,,23.8,,39,1.7,140,11.5,9,1003.5,1019.3,1,,23.9
2016-10-06 18:00:00,3.416,,,,,,,20.3,,55,1.1,180,13,10.9,1003.9,1020,.6,,21.1
2016-10-06 19:00:00,0,,,,,,,17.5,,72,.1,0,14.3,12.3,1004.8,1021,0,,19.4
2016-10-06 20:00:00,0,,,,,,,16.3,,77,.1,0,14.2,12.2,1005.3,1021.6,,,18.2
2016-10-06 21:00:00,0,,,,,,,15.2,,85,.1,0,14.6,12.6,1006,1022.5,,,17.3
2016-10-06 22:00:00,0,,,,,,,14.8,,89,.2,0,14.9,12.9,1006.4,1022.9,,,17
2016-10-06 23:00:00,0,,,,,,,14.5,,91,.2,0,15,13,1006.5,1022.9,,,16.8
2016-10-07 00:00:00,0,,,,,,,14.4,,91,0,0,14.9,12.9,1006.7,1023.1,,,16.6
2016-10-07 01:00:00,0,,,,,,,14.3,,91,.2,0,14.8,12.8,1006.7,1023.2,,,16.5
2016-10-07 02:00:00,0,,,,,,,14.4,,92,0,0,15.1,13.1,1006.3,1022.7,,,16.2
2016-10-07 03:00:00,0,,,,,,,14.7,,91,.4,0,15.2,13.2,1006.3,1022.8,,,16.7
2016-10-07 04:00:00,0,,,,,,,14.3,,92,.1,0,15,13,1006.4,1022.9,,,15.8
2016-10-07 05:00:00,0,,,,,,,14.4,,93,.2,0,15.2,13.2,1006.3,1022.7,,,15.8
2016-10-07 06:00:00,0,,,,,,,15,,92,0,0,15.7,13.7,1006.3,1022.8,,,16.4
2016-10-07 07:00:00,0,,,,,,,17.9,,83,1.6,110,16.9,14.9,1006.6,1022.8,0,,17
2016-10-07 08:00:00,0.872,,,,,,,19.2,,75,1.5,90,16.6,14.6,1006.9,1023,.2,,18.8
2016-10-07 09:00:00,4.004,,,,,,,19.6,,69,1,90,15.7,13.7,1007.3,1023.4,0,,20.4
2016-10-07 10:00:00,11.34,,,,,,,20,,64,2,90,14.9,12.9,1006.7,1022.9,.1,,21.9
2016-10-07 11:00:00,9.508,,,,,,,20.3,,62,2.1,90,14.7,12.7,1006.4,1022.5,.1,,22.7
2016-10-07 12:00:00,9.148,,,,,,,20.9,,61,1.4,110,15,13,1005.6,1021.7,0,,23.7
2016-10-07 13:00:00,6.156,,,,,,,20.2,0,64,.9,140,15.1,13.1,1004.7,1020.8,0,,22.2
2016-10-07 14:00:00,5.2,,,,,,,20.6,0,66,.9,50,16,14,1003.8,1019.9,0,,24.1
2016-10-07 15:00:00,6.644,,,,,,,19.9,.1,72,.7,110,16.6,14.6,1003.3,1019.4,0,,23.1
2016-10-07 16:00:00,3.752,,,,,,,17.9,.3,87,.9,110,17.7,15.6,1003,1019.1,0,,21.6
2016-10-07 17:00:00,1.512,,,,,,,17.8,.1,91,.9,200,18.5,16.3,1002.7,1018.9,0,,20.9
2016-10-07 18:00:00,0.136,,,,,,,17.4,0,91,1.7,180,18.1,15.9,1002.7,1018.9,0,,19.9
2016-10-07 19:00:00,0,,,,,,,17.2,,92,.2,0,17.9,15.8,1002.6,1018.8,0,,19.5
2016-10-07 20:00:00,0,,,0.002,0.400,0.024,0.009,16.8,2.5,93,1.1,160,17.7,15.6,1002.4,1018.6,,,19
2016-10-07 21:00:00,0,98,20,0.002,0.400,0.020,0.009,16.8,0,93,.7,70,17.7,15.6,1001.6,1017.8,,,18.7
2016-10-07 22:00:00,0,48,18,0.002,0.400,0.020,0.008,17.3,0,87,1.2,360,17.2,15.1,1001.7,1017.9,,,18.5
2016-10-07 23:00:00,0,36,20,0.002,0.400,0.018,0.007,16.8,.5,93,.1,0,17.7,15.6,1001.4,1017.6,,,18.5
2016-10-08 00:00:00,0,41,24,0.002,0.400,0.016,0.006,16.6,0,93,.4,0,17.5,15.4,1000.2,1016.4,,,18.4
2016-10-08 01:00:00,0,40,11,0.002,0.300,0.018,0.005,16.6,.5,93,.5,320,17.5,15.4,998.9,1015.1,,,18.3
2016-10-08 02:00:00,0,26,16,0.002,0.300,0.020,0.004,16.3,11,95,1.1,340,17.5,15.4,999.2,1015.4,,,17.7
2016-10-08 03:00:00,0,31,15,0.002,0.300,0.022,0.004,16.1,15.5,95,.8,70,17.3,15.2,998.1,1014.3,,,17.3
2016-10-08 04:00:00,0,21,13,0.002,0.300,0.021,0.004,16.1,8.5,95,.4,0,17.3,15.2,997,1013.2,,,17.4
2016-10-08 05:00:00,0,34,19,0.002,0.300,0.023,0.003,15.9,4.5,95,.6,230,17,15,996.1,1012.3,,,17.5
2016-10-08 06:00:00,0,28,11,0.002,0.300,0.025,0.004,16,1,95,.7,290,17.2,15.1,996.2,1012.4,,,17.6
2016-10-08 07:00:00,0,26,11,0.002,0.300,0.024,0.003,16,2.5,95,.7,360,17.2,15.1,996.1,1012.3,0,,17.6
2016-10-08 08:00:00,0.032,16,8,0.002,0.300,0.023,0.005,16.3,.5,95,.8,320,17.5,15.4,996.2,1012.4,0,,18
2016-10-08 09:00:00,2.556,21,8,0.002,0.300,0.022,0.007,16.5,.5,95,.7,320,17.7,15.6,996.6,1012.8,0,,18.4
2016-10-08 10:00:00,5.5,21,12,0.002,0.300,0.025,0.005,16.9,1.5,95,1.5,290,18.2,16,995.7,1011.8,0,,19.6
2016-10-08 11:00:00,6.892,18,12,0.002,0.300,0.025,0.004,17.8,0,93,1.8,320,18.9,16.6,995,1011,0,,20.6
2016-10-08 12:00:00,5.008,14,13,0.002,0.300,0.024,0.005,19.5,0,89,1.7,340,20.1,17.6,994.6,1010.5,0,,21.7
2016-10-08 13:00:00,2.6,12,,0.002,0.300,0.023,0.006,19.6,.5,88,2.8,20,20,17.5,994.1,1009.9,0,,21.8
2016-10-08 14:00:00,2.892,24,9,0.002,0.300,0.026,0.006,19.5,.5,86,3.2,340,19.4,17,994,1009.9,0,,22.1
2016-10-08 15:00:00,2.896,16,8,0.002,0.300,0.030,0.006,19.3,0,76,1.6,320,16.9,14.9,994.2,1010.1,0,,21.7
2016-10-08 16:00:00,2.992,14,9,0.002,0.300,0.037,0.005,19.7,,69,1.6,290,15.8,13.8,993.7,1009.7,.1,,21.5
2016-10-08 17:00:00,0.636,22,8,0.002,0.300,0.038,0.006,19.9,,61,4,270,14.1,12.1,994,1010,0,,19.8
2016-10-08 18:00:00,0.232,26,11,0.002,0.300,0.037,0.007,19.8,,58,4,290,13.3,11.2,993.8,1009.8,.1,,18.3
2016-10-08 19:00:00,0,31,19,0.002,0.400,0.032,0.008,19.1,,59,4.3,290,12.9,10.8,994,1009.9,0,,17.1
2016-10-08 20:00:00,0,39,17,0.002,0.400,0.038,0.006,18.3,,55,4,290,11.5,9,995,1011,,,15.9
2016-10-08 21:00:00,0,33,15,0.002,0.300,0.036,0.006,16.9,,59,4.5,290,11.3,8.8,996,1012.1,,,14.7
2016-10-08 22:00:00,0,29,19,0.002,0.300,0.040,0.004,16.6,,55,4.8,290,10.4,7.5,996.6,1012.8,,,14.1
2016-10-08 23:00:00,0,39,14,0.002,0.300,0.030,0.004,15.7,,54,4.7,290,9.6,6.4,996.9,1013.2,,,13.5
2016-10-09 00:00:00,0,28,15,0.002,0.400,0.028,0.005,15.4,,51,3.8,290,8.9,5.3,997.1,1013.4,,,13.1
2016-10-09 01:00:00,0,35,18,0.002,0.400,0.038,0.003,14.9,,55,4.4,290,9.3,5.9,997.2,1013.5,,,13
2016-10-09 02:00:00,0,35,2,0.002,0.400,0.028,0.003,14.7,,57,4.9,290,9.5,6.2,997.3,1013.7,,,12.5
2016-10-09 03:00:00,0,34,17,0.002,0.400,0.022,0.003,14.7,,56,4.7,290,9.3,6,997.9,1014.3,,,12.7
2016-10-09 04:00:00,0,37,1,0.002,0.400,0.020,0.003,14.3,,54,4,290,8.8,5.1,998.7,1015,,,12.4
2016-10-09 05:00:00,0,32,1,0.002,0.400,0.020,0.003,13.5,,50,3.8,320,7.7,3.2,999.2,1015.6,,,11.5
2016-10-09 06:00:00,0,34,1,0.002,0.400,0.020,0.004,12.5,,53,3.3,320,7.6,3.1,999.9,1016.4,,,10.7
2016-10-09 07:00:00,0,26,1,0.002,0.400,0.018,0.004,11.2,,59,4,340,7.8,3.4,1000.6,1017.2,0,,10.1
2016-10-09 08:00:00,0.676,26,1,0.002,0.400,0.017,0.005,11.4,,55,2.9,20,7.4,2.6,1001.5,1018.1,.7,,11.8
2016-10-09 09:00:00,5.072,31,1,0.002,0.300,0.026,0.004,12.5,,48,3.8,340,6.9,1.7,1002.5,1019,1,,15.7
2016-10-09 10:00:00,14.384,35,1,0.002,0.300,0.027,0.005,13.8,,43,3.2,340,6.8,1.4,1002.9,1019.3,1,,20.4
2016-10-09 11:00:00,22.448,36,1,0.002,0.300,0.030,0.005,15.6,,33,2.8,360,5.8,-.6,1002,1018.3,1,,25.1
2016-10-09 12:00:00,28.148,42,1,0.002,0.300,0.033,0.007,16.9,,27,2.4,320,5.2,-2.2,1001.5,1017.7,1,,28
2016-10-09 13:00:00,32.268,33,1,0.002,0.300,0.040,0.003,18,,23,1.3,320,4.8,-3.4,1000.8,1016.9,1,,30
2016-10-09 14:00:00,33.92,26,12,0.002,0.300,0.042,0.003,19.3,,24,1.5,270,5.4,-1.8,1000.6,1016.6,1,,30.4
2016-10-09 15:00:00,32.112,25,7,0.002,0.300,0.042,0.003,19.6,,21,2.8,270,4.8,-3.3,999.8,1015.7,1,,28.3
2016-10-09 16:00:00,27.2,21,6,0.002,0.300,0.043,0.003,20,,22,1.5,230,5.2,-2.3,1000.2,1016.3,1,,24.4
2016-10-09 17:00:00,18.06,22,9,0.002,0.300,0.042,0.003,17.8,,35,1.2,110,7.1,2.1,1000.6,1016.7,1,,19.8
2016-10-09 18:00:00,5.364,16,9,0.002,0.300,0.037,0.007,14.1,,49,1.4,200,7.8,3.5,1001.3,1017.7,.6,,16.3
2016-10-09 19:00:00,0,21,10,0.002,0.300,0.026,0.010,12,,70,.7,50,9.7,6.6,1001.8,1018.4,0,,14.8
2016-10-09 20:00:00,0,23,10,0.002,0.300,0.024,0.009,10.8,,75,.7,20,9.7,6.5,1002.7,1019.4,,,13.6
2016-10-09 21:00:00,0,46,14,0.002,0.300,0.026,0.007,10.1,,80,.1,0,9.8,6.7,1003.6,1020.3,,,12.9
2016-10-09 22:00:00,0,27,13,0.002,0.300,0.024,0.006,9.6,,85,.5,230,10.1,7.1,1003.9,1020.6,,,12.1
2016-10-09 23:00:00,0,33,14,0.002,0.300,0.025,0.006,9.1,,88,.2,0,10.2,7.2,1003.9,1020.7,,,12.1
2016-10-10 00:00:00,0,27,15,0.002,0.300,0.023,0.005,8.8,,91,0,0,10.3,7.4,1003.9,1020.7,,,11.3
2016-10-10 01:00:00,0,38,12,0.002,0.300,0.023,0.005,8.9,,91,.5,270,10.4,7.5,1004.3,1021.1,,,11.6
2016-10-10 02:00:00,0,28,12,0.002,0.300,0.021,0.004,9.1,,90,1.1,340,10.4,7.5,1004.1,1020.9,,,11.8
2016-10-10 03:00:00,0,24,13,0.002,0.300,0.021,0.004,9,,91,.8,230,10.4,7.6,1004,1020.8,,,11.8
2016-10-10 04:00:00,0,20,16,0.002,0.300,0.019,0.004,9.3,,89,.7,270,10.4,7.5,1003.8,1020.5,,,11.9
2016-10-10 05:00:00,0,27,11,0.002,0.300,0.018,0.004,9.3,,90,.9,290,10.5,7.7,1004.2,1020.9,,,11.8
2016-10-10 06:00:00,0,25,10,0.002,0.300,0.015,0.005,8.8,,91,.7,230,10.3,7.4,1004.3,1021.1,,,11.1
2016-10-10 07:00:00,0,23,13,0.002,0.300,0.013,0.006,8.4,,93,.5,250,10.2,7.3,1004.6,1021.4,0,,10.7
2016-10-10 08:00:00,1.26,26,13,0.002,0.300,0.010,0.009,9.2,,91,.8,320,10.6,7.8,1005.1,1021.9,.1,,11.8
2016-10-10 09:00:00,4.76,26,8,0.002,0.300,0.012,0.008,11.3,,81,1.2,270,10.8,8.1,1005.3,1022,.4,,16.6
2016-10-10 10:00:00,13.964,29,15,0.002,0.300,0.020,0.007,13.7,,59,1.2,360,9.2,5.8,1005.2,1021.7,1,,21.2
2016-10-10 11:00:00,21.72,33,15,0.002,0.300,0.034,0.005,16.4,,45,.9,270,8.4,4.4,1004.3,1020.6,1,,26.5
2016-10-10 12:00:00,27.776,36,13,0.002,0.300,0.043,0.004,18.6,,45,1,70,9.6,6.4,1003.6,1019.7,1,,29.9
2016-10-10 13:00:00,18.564,32,12,0.002,0.300,0.045,0.003,19,,44,1.7,70,9.6,6.4,1002.5,1018.5,.9,,26.9
2016-10-10 14:00:00,18.604,35,9,0.002,0.300,0.046,0.003,19.2,,50,1.1,140,11.1,8.5,1002.1,1018.1,.5,,26.5
2016-10-10 15:00:00,9.3,23,10,0.002,0.300,0.045,0.004,18.4,,49,2.2,90,10.3,7.4,1002.9,1019,.1,,23.1
2016-10-10 16:00:00,5.24,29,1,0.002,0.300,0.044,0.005,17.6,,55,1.3,110,11,8.4,1003.3,1019.5,0,,19.4
2016-10-10 17:00:00,1.476,28,1,0.002,0.300,0.042,0.007,16.8,,61,1,140,11.6,9.2,1002.9,1019.1,0,,18.6
2016-10-10 18:00:00,0.044,34,11,0.002,0.300,0.032,0.012,15.4,,74,.5,20,12.9,10.7,1002.8,1019.2,0,,16.1
2016-10-10 19:00:00,0,29,11,0.002,0.400,0.020,0.018,14.3,,78,.4,0,12.7,10.5,1003.3,1019.7,0,,15.2
2016-10-10 20:00:00,0,57,9,0.002,0.400,0.021,0.012,13.8,,82,0,0,12.9,10.7,1004,1020.5,,,14.5
2016-10-10 21:00:00,0,63,18,0.002,0.400,0.021,0.009,13.1,,85,.5,20,12.8,10.6,1004.2,1020.7,,,13.7
2016-10-10 22:00:00,0,33,16,0.002,0.300,0.021,0.007,12.5,,90,.1,0,12.9,10.8,1004.1,1020.7,,,13.1
2016-10-10 23:00:00,0,29,14,0.002,0.400,0.019,0.006,12,,91,.1,0,12.7,10.5,1004.1,1020.7,,,12.8
2016-10-11 00:00:00,0,26,14,0.002,0.300,0.017,0.005,11.9,,92,.4,0,12.8,10.6,1004.3,1020.9,,,12.6
2016-10-11 01:00:00,0,31,19,0.002,0.300,0.014,0.005,11.4,,93,.3,0,12.5,10.3,1004.2,1020.8,,,12.2
2016-10-11 02:00:00,0,30,5,0.002,0.300,0.015,0.004,11.3,,93,.3,0,12.4,10.2,1003.8,1020.5,,,12.1
2016-10-11 03:00:00,0,26,7,0.002,0.300,0.014,0.004,11,,94,.2,0,12.3,10,1003.6,1020.3,,,11.7
2016-10-11 04:00:00,0,26,15,0.002,0.300,0.015,0.004,10.9,,94,.9,270,12.2,9.9,1003.8,1020.5,,,11.7
2016-10-11 05:00:00,0,28,19,0.002,0.300,0.013,0.004,10.9,,94,.4,0,12.2,9.9,1003.9,1020.6,,,11.8
2016-10-11 06:00:00,0,31,13,0.002,0.300,0.011,0.005,10.9,,94,.7,70,12.2,9.9,1004.2,1020.9,,,11.6
2016-10-11 07:00:00,0,26,12,0.002,0.300,0.012,0.005,10.9,,94,.6,340,12.2,9.9,1004.8,1021.5,0,,11.8
2016-10-11 08:00:00,0.524,32,15,0.002,0.300,0.011,0.007,11.3,,92,1.3,290,12.3,10,1005.3,1022,0,,13.1
2016-10-11 09:00:00,3.344,32,16,0.002,0.300,0.011,0.008,12.2,,88,.9,340,12.4,10.2,1005.3,1021.9,0,,15.8
2016-10-11 10:00:00,4.236,33,12,0.002,0.300,0.013,0.008,13.6,,82,1.5,320,12.7,10.5,1005,1021.5,0,,18.8
2016-10-11 11:00:00,6.512,27,10,0.002,0.300,0.015,0.010,15,,75,1,340,12.7,10.5,1004.9,1021.4,0,,20.7
2016-10-11 12:00:00,9.18,31,19,0.002,0.300,0.023,0.007,16.5,,67,1.3,320,12.5,10.3,1004.1,1020.4,.1,,24.8
2016-10-11 13:00:00,10.668,34,18,0.002,0.300,0.029,0.005,18.1,,60,.8,270,12.4,10.2,1002.4,1018.5,.2,,23.9
2016-10-11 14:00:00,10.032,30,14,0.002,0.300,0.030,0.005,18.1,,59,1,360,12.2,9.9,1001.9,1018,0,,23
2016-10-11 15:00:00,7.06,30,9,0.002,0.300,0.032,0.006,19.9,,48,.7,360,11.1,8.5,1001.4,1017.5,.1,,29
2016-10-11 16:00:00,8.896,28,8,0.002,0.300,0.032,0.007,19.9,,41,1.4,270,9.5,6.2,1001.9,1018,.5,,24.6
2016-10-11 17:00:00,6.192,32,13,0.002,0.300,0.031,0.007,17.5,,62,1,160,12.4,10.1,1002.1,1018.3,.4,,19.6
2016-10-11 18:00:00,0.768,26,2,0.002,0.400,0.021,0.012,15.2,,74,.7,110,12.7,10.5,1002.2,1018.6,0,,16.5
2016-10-11 19:00:00,0,41,1,0.002,0.500,0.010,0.017,13.5,,83,.2,0,12.8,10.6,1003.1,1019.6,,,14.5
2016-10-11 20:00:00,0,53,1,0.002,0.400,0.015,0.010,12.7,,87,.3,0,12.7,10.5,1003.9,1020.4,,,13.7
2016-10-11 21:00:00,0,41,16,0.002,0.300,0.017,0.006,12.2,,90,.2,0,12.8,10.6,1004.3,1020.9,,,13
2016-10-11 22:00:00,0,30,12,0.002,0.300,0.018,0.005,11.7,,92,.5,230,12.6,10.4,1004.7,1021.3,,,12.1
2016-10-11 23:00:00,0,30,17,0.002,0.300,0.018,0.005,10.8,,92,.5,230,11.9,9.5,1004.8,1021.5,,,11.5
2016-10-12 00:00:00,0,33,12,0.002,0.300,0.018,0.004,10.9,,92,.7,250,11.9,9.6,1004.6,1021.3,,,11.7
2016-10-12 01:00:00,0,28,12,0.002,0.300,0.019,0.004,10.8,,93,1,250,12,9.7,1004.5,1021.2,,,11.5
2016-10-12 02:00:00,0,27,15,0.002,0.300,0.018,0.004,10.8,,91,1.6,230,11.7,9.3,1004.3,1021,,,11.2
2016-10-12 03:00:00,0,27,13,0.002,0.300,0.016,0.004,10.6,,92,.8,290,11.7,9.3,1004.6,1021.3,,,10.8
2016-10-12 04:00:00,0,29,17,0.002,0.300,0.019,0.004,10.3,,92,1.5,270,11.5,9,1004.4,1021.1,,,10.5
2016-10-12 05:00:00,0,29,20,0.002,0.300,0.020,0.004,10.1,,91,.7,270,11.2,8.6,1004.6,1021.4,,,10.2
2016-10-12 06:00:00,0,27,13,0.002,0.300,0.014,0.004,10,,91,.7,360,11.1,8.5,1005.4,1022.2,,,10
2016-10-12 07:00:00,0,29,16,0.002,0.300,0.011,0.004,10.4,,89,.8,290,11.2,8.6,1005.6,1022.4,0,,10.6
2016-10-12 08:00:00,1.416,30,15,0.002,0.300,0.009,0.007,12.3,,83,1.3,270,11.8,9.4,1006.2,1022.8,.5,,14.7
2016-10-12 09:00:00,5.06,33,18,0.002,0.400,0.013,0.012,14.7,,70,.7,270,11.6,9.2,1006.6,1023.1,.7,,19.6
2016-10-12 10:00:00,9.736,42,17,0.002,0.400,0.020,0.013,16.7,,62,.6,230,11.7,9.3,1006.4,1022.7,.7,,26.1
2016-10-12 11:00:00,17.572,,,,,,,19.4,,55,1.2,290,12.4,10.1,1005.7,1021.8,1,,32.1
2016-10-12 12:00:00,24.844,,,,,,,20.4,,39,1.7,360,9.3,5.9,1004.7,1020.8,1,,34.4
2016-10-12 13:00:00,29.136,53,,0.004,0.400,0.060,0.006,21.4,,32,2.3,360,8.1,4,1004.2,1020.2,1,,35
2016-10-12 14:00:00,29.912,81,45,0.003,0.400,0.064,0.005,22.1,,34,1.1,50,9,5.4,1003.6,1019.5,.9,,33
2016-10-12 15:00:00,25.76,72,41,0.003,0.400,0.065,0.006,23,,34,.9,110,9.5,6.2,1002.9,1018.7,1,,32.4
2016-10-12 16:00:00,17.308,60,34,0.003,0.400,0.066,0.008,21.9,,41,1.5,200,10.7,8,1003,1018.9,1,,27.3
2016-10-12 17:00:00,5.528,72,42,0.003,0.500,0.064,0.010,20.2,,49,1.7,110,11.6,9.1,1003.4,1019.5,.9,,21.7
2016-10-12 18:00:00,1.436,76,39,0.004,0.500,0.058,0.014,16.9,,67,.6,200,12.9,10.7,1003.8,1020.1,.4,,17.1
2016-10-12 19:00:00,0,81,42,0.003,0.500,0.044,0.019,15.5,,77,.6,70,13.5,11.4,1004.7,1021.1,,,16.3
2016-10-12 20:00:00,0,87,43,0.003,0.500,0.040,0.013,14.3,,81,.3,0,13.1,11,1005.3,1021.7,,,15.1
2016-10-12 21:00:00,0,61,39,0.002,0.500,0.037,0.008,13.8,,87,.4,0,13.7,11.6,1005.9,1022.4,,,14.8
2016-10-12 22:00:00,0,53,27,0.002,0.400,0.036,0.007,13.1,,88,.7,360,13.2,11.1,1006.2,1022.7,,,13.7
2016-10-12 23:00:00,0,48,27,0.002,0.400,0.033,0.006,12.2,,90,.9,340,12.8,10.6,1006.2,1022.8,,,13.4
2016-10-13 00:00:00,0,49,28,0.002,0.400,0.032,0.005,12,,91,.9,340,12.7,10.5,1006.1,1022.7,,,13.4
2016-10-13 01:00:00,0,44,24,0.002,0.400,0.031,0.005,11.9,,90,.7,270,12.5,10.3,1005.9,1022.5,,,13.3
2016-10-13 02:00:00,0,47,29,0.002,0.400,0.029,0.005,11.9,,89,.6,320,12.4,10.1,1005.8,1022.4,,,13.1
2016-10-13 03:00:00,0,46,23,0.002,0.400,0.027,0.005,11.7,,90,.9,360,12.4,10.1,1005.9,1022.6,,,12.8
2016-10-13 04:00:00,0,47,35,0.002,0.400,0.026,0.005,11.4,,92,.2,0,12.4,10.1,1006.1,1022.8,,,12.6
2016-10-13 05:00:00,0,37,27,0.002,0.400,0.025,0.005,11.3,,91,.8,360,12.1,9.8,1006.3,1023,,,12.4
2016-10-13 06:00:00,0,43,24,0.002,0.400,0.021,0.006,11.1,,92,.6,360,12.1,9.8,1006.3,1023,,,12.3
2016-10-13 07:00:00,0,38,32,0.002,0.400,0.018,0.007,11.2,,93,.7,320,12.4,10.1,1006.8,1023.5,0,,12.3
2016-10-13 08:00:00,0.668,48,31,0.002,0.400,0.015,0.011,11.8,,90,.5,250,12.4,10.2,1007.2,1023.9,0,,14.4
2016-10-13 09:00:00,4.324,48,31,0.002,0.400,0.016,0.012,13.4,,83,.6,340,12.7,10.5,1007.5,1024,.2,,19.3
2016-10-13 10:00:00,7.396,56,32,0.002,0.400,0.023,0.011,15.2,,71,1.1,270,12.2,9.9,1007.7,1024.2,.5,,21.7
2016-10-13 11:00:00,8.32,64,32,0.002,0.500,0.032,0.011,16.2,,60,1.1,340,11,8.4,1007.3,1023.7,0,,23.1
2016-10-13 12:00:00,15.32,64,31,0.003,0.400,0.038,0.011,18,,54,.3,0,11.1,8.5,1006.8,1023,.1,,27
2016-10-13 13:00:00,12.46,71,33,0.003,0.400,0.051,0.008,19,,55,.7,50,12,9.7,1006.3,1022.4,0,,26
2016-10-13 14:00:00,9.404,70,36,0.003,0.400,0.056,0.007,18.9,,53,.7,110,11.6,9.1,1005.6,1021.7,0,,23.9
2016-10-13 15:00:00,5.016,60,33,0.003,0.400,0.054,0.006,18.5,,59,.3,0,12.5,10.3,1005.5,1021.6,0,,21.4
2016-10-13 16:00:00,4.132,61,35,0.003,0.400,0.048,0.007,17.9,,69,.2,0,14.1,12.1,1005.5,1021.7,0,,20.4
2016-10-13 17:00:00,2.656,57,29,0.003,0.400,0.047,0.006,17.1,,74,0,0,14.4,12.4,1005.6,1021.9,0,,18.8
2016-10-13 18:00:00,0.4,55,22,0.002,0.400,0.034,0.008,15.7,,83,.4,0,14.8,12.8,1005.7,1022.1,0,,16.6
2016-10-13 19:00:00,0,59,31,0.002,0.500,0.023,0.016,14.6,,86,.4,0,14.2,12.2,1006.4,1022.8,,,15.4
2016-10-13 20:00:00,0,74,33,0.002,0.500,0.024,0.012,13.7,,87,0,0,13.6,11.5,1007.1,1023.6,,,14.6
2016-10-13 21:00:00,0,59,31,0.002,0.500,0.024,0.008,12.9,,88,1,230,13,10.9,1007.6,1024.2,,,13.3
2016-10-13 22:00:00,0,62,35,0.002,0.400,0.021,0.008,12.3,,92,0,0,13.1,11,1007.9,1024.5,,,12.8
2016-10-13 23:00:00,0,54,34,0.002,0.400,0.019,0.007,11.7,,92,.5,270,12.6,10.4,1008.2,1024.9,,,12.2
2016-10-14 00:00:00,0,54,34,0.002,0.400,0.022,0.005,11.3,,93,0,0,12.4,10.2,1008.1,1024.8,,,12.1
2016-10-14 01:00:00,0,45,30,0.002,0.400,0.021,0.004,10.6,,93,.6,290,11.9,9.5,1007.9,1024.7,,,11.1
2016-10-14 02:00:00,0,43,36,0.002,0.400,0.021,0.003,10.1,,93,.5,250,11.5,9,1008,1024.8,,,10.7
2016-10-14 03:00:00,0,45,30,0.002,0.400,0.022,0.003,9.5,,94,.8,230,11.1,8.5,1008,1024.8,,,9.9
2016-10-14 04:00:00,0,36,25,0.002,0.400,0.021,0.003,9.1,,95,1.2,250,10.9,8.3,1007.9,1024.7,,,10.1
2016-10-14 05:00:00,0,39,28,0.002,0.300,0.019,0.003,8.8,,95,1.5,250,10.7,8,1008.2,1025.1,,,10.5
2016-10-14 06:00:00,0,31,21,0.002,0.300,0.017,0.004,8.5,,95,1.5,250,10.5,7.7,1008.9,1025.8,,,10.7
2016-10-14 07:00:00,0,35,22,0.002,0.300,0.016,0.005,8.3,,95,1.4,270,10.4,7.5,1009.1,1026,0,,10.9
2016-10-14 08:00:00,0.66,33,22,0.002,0.300,0.013,0.008,8.4,,95,1.4,270,10.4,7.6,1009.6,1026.5,0,,12.4
2016-10-14 09:00:00,5.076,33,25,0.002,0.300,0.016,0.010,10,,93,.7,320,11.4,8.9,1010.1,1027,.2,,17.7
2016-10-14 10:00:00,13.296,41,17,0.002,0.300,0.022,0.009,13.5,,72,1.1,270,11.1,8.5,1010,1026.6,1,,25.1
2016-10-14 11:00:00,20.076,39,27,0.002,0.300,0.031,0.009,16.5,,46,.6,250,8.6,4.8,1009.5,1025.9,1,,30.5
2016-10-14 12:00:00,24.96,44,17,0.003,0.400,0.050,0.013,19.2,,38,.9,90,8.4,4.5,1008.8,1024.9,1,,33.3
2016-10-14 13:00:00,27.52,78,40,0.004,0.500,0.074,0.007,22,,38,.7,250,10,7,1007.8,1023.8,1,,34.9
2016-10-14 14:00:00,28.228,99,61,0.005,0.500,0.078,0.007,22.7,,36,1.7,250,9.9,6.8,1007.1,1023,1,,33.7
2016-10-14 15:00:00,25.32,105,71,0.005,0.500,0.079,0.007,22.9,,32,1.6,110,8.9,5.3,1006.7,1022.6,1,,32
2016-10-14 16:00:00,19.496,94,63,0.005,0.500,0.080,0.007,22.4,,39,1.6,110,10.5,7.7,1006.9,1022.8,1,,26.9
2016-10-14 17:00:00,10.212,87,57,0.005,0.500,0.078,0.008,20.4,,46,1.2,160,10.9,8.3,1007,1023.1,1,,20.7
2016-10-14 18:00:00,1.676,87,49,0.004,0.600,0.056,0.020,17.3,,63,.3,0,12.4,10.1,1007.6,1023.9,.3,,16.9
2016-10-14 19:00:00,0,100,58,0.003,0.700,0.035,0.027,15.1,,76,0,0,12.9,10.8,1008.4,1024.9,,,15.3
2016-10-14 20:00:00,0,116,57,0.003,0.600,0.035,0.019,13.6,,82,.2,0,12.7,10.5,1009.2,1025.8,,,13.9
2016-10-14 21:00:00,0,101,67,0.002,0.600,0.037,0.014,13.1,,86,0,0,12.9,10.8,1009.8,1026.4,,,13.1
2016-10-14 22:00:00,0,92,59,0.002,0.600,0.034,0.011,11.9,,89,.2,0,12.4,10.1,1010.1,1026.8,,,12.3
2016-10-14 23:00:00,0,88,57,0.002,0.500,0.033,0.009,11.3,,92,.1,0,12.3,10,1010.6,1027.4,,,11.6
2016-10-15 00:00:00,0,86,56,0.002,0.500,0.033,0.007,10.7,,93,.5,250,11.9,9.6,1010.4,1027.2,,,10.9
2016-10-15 01:00:00,0,79,47,0.002,0.500,0.033,0.006,10.4,,94,.6,90,11.8,9.4,1010.3,1027.1,,,10.5
2016-10-15 02:00:00,0,78,52,0.002,0.500,0.030,0.005,10,,94,.2,0,11.5,9,1010.6,1027.5,,,10.4
2016-10-15 03:00:00,0,69,48,0.002,0.500,0.029,0.004,9.7,,95,.4,0,11.4,8.9,1010.9,1027.8,,,11.7
2016-10-15 04:00:00,0,72,57,0.002,0.500,0.028,0.004,9.6,,96,.5,360,11.4,8.9,1010.6,1027.4,,,11.9
2016-10-15 05:00:00,0,66,44,0.002,0.500,0.025,0.004,9.5,,96,.9,270,11.3,8.8,1010.7,1027.5,,,11.9
2016-10-15 06:00:00,0,60,42,0.002,0.400,0.023,0.005,9.2,,96,.9,290,11.1,8.5,1010.9,1027.8,,,11.8
2016-10-15 07:00:00,0,58,42,0.002,0.400,0.021,0.005,9.2,,96,1.4,290,11.1,8.5,1011,1027.9,0,,11.8
2016-10-15 08:00:00,1.328,56,36,0.002,0.500,0.021,0.009,9.7,,96,1.1,290,11.5,9,1011.3,1028.2,0,,12.8
2016-10-15 09:00:00,5.156,57,39,0.002,0.500,0.023,0.010,10,,96,1,290,11.7,9.3,1011.7,1028.6,0,,15.1
2016-10-15 10:00:00,11.232,62,40,0.002,0.500,0.031,0.012,11.7,,96,.7,290,13.1,11,1011,1027.7,.2,,21.1
2016-10-15 11:00:00,16.66,69,39,0.003,0.500,0.043,0.013,16.3,,72,.8,340,13.3,11.2,1010.5,1026.9,1,,29
2016-10-15 12:00:00,23.192,75,51,0.003,0.500,0.061,0.006,19.6,,54,.7,340,12.3,10,1009.4,1025.5,1,,32.4
2016-10-15 13:00:00,24.152,81,45,0.003,0.500,0.068,0.006,22.5,,44,1,110,11.9,9.6,1008.3,1024.3,1,,34.5
2016-10-15 14:00:00,22.544,88,48,0.003,0.500,0.070,0.005,23.2,,38,2.3,110,10.7,8,1007.8,1023.7,1,,32.6
2016-10-15 15:00:00,18.376,77,46,0.003,0.500,0.075,0.005,22.8,,42,1.4,70,11.6,9.2,1007.3,1023.2,1,,28.9
2016-10-15 16:00:00,18.676,84,48,0.004,0.500,0.077,0.005,22.6,,45,1.7,70,12.3,10,1007.3,1023.2,.8,,28.4
2016-10-15 17:00:00,3.8,83,43,0.004,0.500,0.073,0.008,20.3,,57,.8,110,13.5,11.4,1007.2,1023.3,.3,,20.7
2016-10-15 18:00:00,1.036,97,49,0.003,0.500,0.064,0.010,17.9,,71,.6,230,14.5,12.5,1007.3,1023.5,0,,17.9
2016-10-15 19:00:00,0,89,54,0.003,0.600,0.038,0.020,16.5,,79,.3,0,14.8,12.8,1007.6,1024,,,17
2016-10-15 20:00:00,0,120,57,0.003,0.600,0.033,0.020,15.6,,85,.1,0,15,13,1008,1024.4,,,16
2016-10-15 21:00:00,0,113,65,0.002,0.600,0.027,0.015,15.1,,86,.1,0,14.7,12.7,1008.1,1024.6,,,15.5
2016-10-15 22:00:00,0,108,58,0.002,0.600,0.026,0.016,14.3,,89,.3,0,14.5,12.5,1008.2,1024.7,,,14.6
2016-10-15 23:00:00,0,101,61,0.003,0.500,0.035,0.011,13.9,,91,.6,230,14.4,12.4,1008.3,1024.8,,,14.1
2016-10-16 00:00:00,0,78,56,0.003,0.400,0.038,0.009,14.1,,91,.3,0,14.6,12.6,1008.1,1024.6,,,13.9
2016-10-16 01:00:00,0,63,36,0.003,0.400,0.035,0.007,13.3,,93,.8,90,14.1,12.1,1007.8,1024.4,,,13.4
2016-10-16 02:00:00,0,63,34,0.002,0.400,0.032,0.006,13.1,,93,.1,0,13.9,11.9,1007.2,1023.8,,,13.3
2016-10-16 03:00:00,0,53,34,0.002,0.400,0.028,0.005,13.2,,92,0,0,13.9,11.9,1007,1023.5,,,13.5
2016-10-16 04:00:00,0,51,33,0.002,0.400,0.029,0.005,13.1,,93,.4,0,13.9,11.9,1006.7,1023.3,,,13.8
2016-10-16 05:00:00,0,47,29,0.002,0.400,0.025,0.005,13.2,,92,.3,0,13.9,11.9,1006.4,1022.9,,,14
2016-10-16 06:00:00,0,50,35,0.002,0.400,0.024,0.005,13,,92,.5,320,13.7,11.7,1006.6,1023.2,,,14
2016-10-16 07:00:00,0,50,25,0.002,0.400,0.024,0.005,13.4,,91,0,0,13.9,11.9,1006.8,1023.3,0,,14.2
2016-10-16 08:00:00,0.02,45,27,0.002,0.400,0.020,0.010,13.5,2,94,0,0,14.5,12.5,1006.3,1022.8,0,,14.5
2016-10-16 09:00:00,1.144,39,27,0.002,0.400,0.022,0.008,14,.5,93,.6,270,14.8,12.8,1006.4,1022.9,0,,16.3
2016-10-16 10:00:00,1.768,36,24,0.002,0.400,0.023,0.008,14.4,2,93,.7,250,15.2,13.2,1006.2,1022.6,0,,16.8
2016-10-16 11:00:00,2.68,41,30,0.002,0.300,0.024,0.007,14.7,1.5,93,.5,230,15.5,13.5,1005.7,1022.2,0,,17.2
2016-10-16 12:00:00,1.732,37,24,0.002,0.300,0.025,0.008,15,2,93,.9,110,15.8,13.8,1004.7,1021.2,0,,18.1
2016-10-16 13:00:00,2.304,30,16,0.002,0.300,0.028,0.007,15.3,2.5,94,.2,0,16.3,14.3,1003.7,1020.1,0,,18.1
2016-10-16 14:00:00,1.924,26,18,0.002,0.300,0.030,0.008,15.7,1.5,93,.2,0,16.5,14.5,1002.5,1018.8,0,,18.5
2016-10-16 15:00:00,1.84,28,19,0.002,0.300,0.033,0.008,15.7,1.5,94,1.4,290,16.7,14.7,1002.2,1018.5,0,,17.6
2016-10-16 16:00:00,0.28,27,21,0.002,0.300,0.034,0.009,15.7,6,95,.3,0,16.8,14.8,1001.6,1017.9,0,,17.1
2016-10-16 17:00:00,0.192,20,15,0.002,0.400,0.033,0.008,15.6,6.5,95,1,290,16.7,14.7,1001.7,1018,0,,16.7
2016-10-16 18:00:00,0,21,16,0.002,0.300,0.035,0.006,15.4,3.5,95,.6,340,16.5,14.5,1001.5,1017.9,0,,16.4
2016-10-16 19:00:00,0,19,10,0.002,0.400,0.033,0.006,15.4,6,95,.8,290,16.5,14.5,1001,1017.4,,,16.1
2016-10-16 20:00:00,0,21,7,0.002,0.300,0.034,0.004,15.3,6,95,.6,70,16.4,14.4,1001.3,1017.7,,,16
2016-10-16 21:00:00,0,20,7,0.002,0.400,0.032,0.007,15.2,9,95,.3,0,16.3,14.3,1001.3,1017.7,,,16
2016-10-16 22:00:00,0,12,6,0.002,0.400,0.030,0.006,15.2,3,96,.2,0,16.5,14.5,1001.1,1017.5,,,16
2016-10-16 23:00:00,0,23,5,0.002,0.400,0.028,0.006,15.1,0,96,.7,230,16.4,14.4,1000.9,1017.3,,,15.9
2016-10-17 00:00:00,0,21,8,0.002,0.400,0.027,0.005,15.1,,96,.3,0,16.4,14.4,1000.8,1017.2,,,15.8
2016-10-17 01:00:00,0,10,7,0.002,0.400,0.024,0.004,15.1,,96,.7,230,16.4,14.4,1000.5,1016.9,,,15.6
2016-10-17 02:00:00,0,14,5,0.002,0.400,0.023,0.003,14.7,,96,1.7,270,16,14,1000.4,1016.8,,,15.6
2016-10-17 03:00:00,0,17,10,0.002,0.300,0.016,0.003,14.7,,96,.1,0,16,14,1000.2,1016.6,,,15.7
2016-10-17 04:00:00,0,17,8,0.002,0.300,0.015,0.003,14.5,,96,.3,0,15.8,13.8,999.9,1016.2,,,15.6
2016-10-17 05:00:00,0,18,10,0.002,0.300,0.017,0.003,14.6,,96,.6,50,15.9,13.9,999.7,1016,,,15.4
2016-10-17 06:00:00,0,18,9,0.002,0.300,0.017,0.003,14.5,,96,.7,230,15.8,13.8,999.8,1016.1,,,15
2016-10-17 07:00:00,0,17,7,0.002,0.400,0.014,0.004,14.9,,96,.3,0,16.2,14.2,1000.1,1016.5,0,,15.7
2016-10-17 08:00:00,1.464,17,8,0.002,0.400,0.013,0.005,15.3,,96,.2,0,16.6,14.6,1000.7,1017.1,0,,17.1
2016-10-17 09:00:00,4.472,22,13,0.002,0.400,0.012,0.008,16.6,,93,.8,70,17.5,15.4,1001.2,1017.4,0,,19.3
2016-10-17 10:00:00,8.356,25,9,0.005,0.600,0.018,0.009,17.1,,90,1,110,17.5,15.4,1001.5,1017.7,0,,20.8
2016-10-17 11:00:00,15.588,42,24,0.005,0.600,0.022,0.009,20.3,,80,.9,160,19,16.7,1000.9,1016.9,.2,,30.2
2016-10-17 12:00:00,26.808,31,20,0.004,0.500,0.028,0.007,22.4,,64,.9,230,17.3,15.2,1000.2,1016,1,,35.1
2016-10-17 13:00:00,29.356,27,17,0.003,0.500,0.033,0.005,23.7,,59,1.3,140,17.3,15.2,999.6,1015.3,1,,36.5
2016-10-17 14:00:00,29.664,26,20,0.002,0.400,0.037,0.005,24.4,,54,1.2,250,16.4,14.4,998.9,1014.5,1,,36.6
2016-10-17 15:00:00,25.888,27,14,0.002,0.400,0.040,0.005,23.9,,58,.9,270,17.2,15.1,998.7,1014.4,.7,,28
2016-10-17 16:00:00,11.904,26,12,0.005,0.500,0.035,0.012,23.1,,61,2.1,340,17.2,15.1,999.2,1015,.3,,25.8
2016-10-17 17:00:00,1.492,18,11,0.013,0.900,0.019,0.025,22.5,,62,3,340,16.8,14.8,999.3,1015.1,.7,,22.8
2016-10-17 18:00:00,1.7,23,13,0.005,0.700,0.024,0.019,20.6,,69,2.8,360,16.7,14.7,999.9,1015.9,.3,,19.2
2016-10-17 19:00:00,0,39,11,0.002,0.400,0.023,0.012,19.4,,74,1.4,340,16.6,14.6,1000.7,1016.7,,,17.9
2016-10-17 20:00:00,0,23,13,0.002,0.400,0.025,0.010,16.8,,87,1.1,250,16.6,14.6,1001.2,1017.4,,,16.8
2016-10-17 21:00:00,0,27,15,0.002,0.400,0.027,0.008,16,,90,.2,0,16.3,14.3,1001.7,1018,,,15.9
2016-10-17 22:00:00,0,25,9,0.002,0.400,0.030,0.007,15.1,,92,.3,0,15.8,13.8,1002,1018.4,,,15.1
2016-10-17 23:00:00,0,42,11,0.002,0.400,0.027,0.005,14.1,,94,.5,250,15.1,13.1,1002.4,1018.8,,,14.2
2016-10-18 00:00:00,0,33,15,0.002,0.400,0.024,0.005,13.8,,94,.1,0,14.8,12.8,1002.8,1019.2,,,13.6
2016-10-18 01:00:00,0,40,19,0.002,0.400,0.023,0.005,13.2,,95,0,0,14.4,12.4,1003.5,1020,,,13.1
2016-10-18 02:00:00,0,52,29,0.002,0.400,0.017,0.004,12.8,,96,.4,0,14.1,12.1,1003.2,1019.7,,,14.3
2016-10-18 03:00:00,0,51,30,0.002,0.400,0.013,0.004,12.3,,96,.7,360,13.7,11.6,1003.1,1019.7,,,14.3
2016-10-18 04:00:00,0,29,17,0.002,0.400,0.017,0.003,12,,96,.8,290,13.4,11.3,1003.1,1019.7,,,14.2
2016-10-18 05:00:00,0,42,22,0.002,0.400,0.019,0.004,12.1,,96,1.7,270,13.5,11.4,1003.8,1020.4,,,14.2
2016-10-18 06:00:00,0,38,23,0.002,0.400,0.012,0.003,12,,96,.9,270,13.4,11.3,1004.1,1020.7,,,14.1
2016-10-18 07:00:00,0,33,21,0.002,0.400,0.009,0.005,11.7,,96,1.2,290,13.1,11,1004.3,1020.9,0,,14.2
2016-10-18 08:00:00,2.308,27,11,0.002,0.400,0.009,0.006,11.8,,96,1.6,290,13.2,11.1,1005,1021.6,0,,15.9
2016-10-18 09:00:00,6.512,41,17,0.002,0.400,0.014,0.006,12.2,,96,1.5,290,13.6,11.5,1005.3,1021.9,0,,16.2
2016-10-18 10:00:00,9.452,43,28,0.002,0.400,0.023,0.005,13.9,,96,1.5,320,15.2,13.2,1005.2,1021.7,.3,,21.2
2016-10-18 11:00:00,16.872,43,25,0.002,0.400,0.031,0.005,16.3,,74,.7,270,13.7,11.6,1004.8,1021.1,.9,,29.2
2016-10-18 12:00:00,17.208,44,21,0.002,0.400,0.043,0.004,18.6,,63,.8,290,13.5,11.4,1003.7,1019.8,.6,,29.4
2016-10-18 13:00:00,15.384,61,25,0.002,0.400,0.048,0.004,20.6,,55,.7,250,13.3,11.2,1002.7,1018.7,.9,,28.9
2016-10-18 14:00:00,18.192,50,32,0.002,0.400,0.050,0.004,21.6,,56,1.2,110,14.4,12.4,1002.1,1018,1,,31.7
2016-10-18 15:00:00,21.052,51,35,0.002,0.400,0.051,0.005,21.3,,59,.8,140,14.9,12.9,1002.3,1018.3,.4,,25.2
2016-10-18 16:00:00,7.464,52,30,0.002,0.400,0.049,0.004,20.7,,59,1.4,70,14.3,12.3,1002.2,1018.2,0,,23.1
2016-10-18 17:00:00,3.236,57,24,0.002,0.400,0.047,0.005,19.5,,63,.8,140,14.2,12.2,1002.2,1018.2,0,,20.5
2016-10-18 18:00:00,0.42,74,27,0.002,0.400,0.041,0.006,17.2,,77,.4,0,15.1,13.1,1002.4,1018.6,0,,18.2
2016-10-18 19:00:00,0,68,31,0.002,0.500,0.028,0.012,16,,84,.3,0,15.2,13.2,1003,1019.3,,,16.5
2016-10-18 20:00:00,0,80,30,0.002,0.400,0.023,0.011,15,,87,0,0,14.8,12.8,1003.5,1019.9,,,15.9
2016-10-18 21:00:00,0,99,35,0.002,0.500,0.019,0.011,14.1,,91,.7,230,14.6,12.6,1003.6,1020,,,15
2016-10-18 22:00:00,0,86,34,0.002,0.400,0.019,0.010,14,,92,.3,0,14.7,12.7,1003.9,1020.3,,,15
2016-10-18 23:00:00,0,51,22,0.002,0.400,0.017,0.010,13.8,,92,.2,0,14.5,12.5,1004.2,1020.7,,,14.8
2016-10-19 00:00:00,0,60,29,0.002,0.400,0.019,0.006,13.3,,94,.2,0,14.3,12.3,1004.1,1020.6,,,13.9
2016-10-19 01:00:00,0,52,25,0.002,0.400,0.019,0.005,13,,95,.3,0,14.2,12.2,1004,1020.5,,,13.9
2016-10-19 02:00:00,0,50,32,0.002,0.400,0.018,0.004,12.6,,95,.3,0,13.8,11.8,1003.6,1020.1,,,14.3
2016-10-19 03:00:00,0,41,20,0.002,0.400,0.016,0.004,12.3,,96,.4,0,13.7,11.6,1003.6,1020.2,,,14.4
2016-10-19 04:00:00,0,46,25,0.002,0.400,0.017,0.003,12,,96,.4,0,13.4,11.3,1003.5,1020.1,,,14.3
2016-10-19 05:00:00,0,43,22,0.002,0.400,0.017,0.003,12.1,,96,.9,250,13.5,11.4,1003.6,1020.2,,,14.2
2016-10-19 06:00:00,0,36,27,0.002,0.400,0.015,0.004,12,,96,1.1,290,13.4,11.3,1002.9,1019.5,,,14.1
2016-10-19 07:00:00,0,44,24,0.002,0.400,0.010,0.005,11.9,,96,.5,340,13.3,11.2,1003.5,1020.1,0,,13.8
2016-10-19 08:00:00,1.1,38,23,0.002,0.400,0.010,0.008,12.3,,96,1.4,270,13.7,11.6,1003.5,1020.1,0,,15.1
2016-10-19 09:00:00,4.468,47,26,0.002,0.400,0.012,0.010,14,,96,.6,340,15.3,13.3,1003.6,1020,.3,,19.2
2016-10-19 10:00:00,9.06,55,32,0.002,0.400,0.019,0.008,14.7,,92,1.5,290,15.4,13.4,1003.4,1019.9,.3,,20.5
2016-10-19 11:00:00,15.828,50,30,0.002,0.400,0.032,0.007,17.5,,73,1.1,290,14.5,12.5,1002.9,1019.1,.8,,27.1
2016-10-19 12:00:00,20.076,52,31,0.002,0.400,0.045,0.006,19.9,,64,.7,250,14.8,12.8,1002.3,1018.4,1,,32.3
2016-10-19 13:00:00,16.972,60,33,0.002,0.400,0.051,0.005,21.8,,55,1.3,320,14.3,12.3,1000.7,1016.6,1,,35.8
2016-10-19 14:00:00,25.648,59,22,0.002,0.400,0.051,0.006,23,,49,1.9,360,13.7,11.7,999.9,1015.7,1,,33.2
2016-10-19 15:00:00,20.816,48,23,0.002,0.400,0.054,0.007,23.5,,51,1.7,340,14.7,12.7,999.5,1015.2,1,,30.6
2016-10-19 16:00:00,11.104,47,35,0.004,0.400,0.055,0.011,22.6,,51,2.1,340,13.9,11.9,999.5,1015.3,.9,,26.1
2016-10-19 17:00:00,3.628,54,29,0.012,1.100,0.042,0.024,21.1,,63,.7,70,15.7,13.7,999.7,1015.7,.3,,22.5
2016-10-19 18:00:00,0.436,67,34,0.009,0.900,0.044,0.024,18.7,,75,.4,0,16.1,14.1,1000.2,1016.2,0,,19.2
2016-10-19 19:00:00,0,74,29,0.007,0.800,0.040,0.023,17,,84,.1,0,16.2,14.2,1000.7,1016.9,,,17.4
2016-10-19 20:00:00,0,82,40,0.003,0.600,0.026,0.016,15.4,,89,.4,0,15.5,13.5,1001.3,1017.7,,,16.1
2016-10-19 21:00:00,0,53,35,0.002,0.500,0.028,0.009,14.4,,92,.3,0,15.1,13.1,1001.4,1017.8,,,15
2016-10-19 22:00:00,0,48,29,0.002,0.400,0.026,0.007,13.9,,93,.2,0,14.7,12.7,1001.8,1018.2,,,14.3
2016-10-19 23:00:00,0,43,31,0.002,0.400,0.026,0.005,13.5,,94,.1,0,14.5,12.5,1002.2,1018.6,,,13.6
2016-10-20 00:00:00,0,36,25,0.002,0.400,0.027,0.004,12.7,,94,.3,0,13.7,11.7,1002.4,1018.9,,,12.8
2016-10-20 01:00:00,0,40,13,0.002,0.400,0.027,0.004,12,,95,0,0,13.3,11.2,1002.3,1018.9,,,12.4
2016-10-20 02:00:00,0,38,18,0.002,0.400,0.025,0.003,11.5,,96,.5,270,12.9,10.8,1002.3,1018.9,,,13.5
2016-10-20 03:00:00,0,32,25,0.002,0.400,0.025,0.003,11.1,,96,1,270,12.6,10.4,1002.4,1019,,,13.5
2016-10-20 04:00:00,0,39,22,0.002,0.400,0.025,0.003,10.3,,96,.8,320,11.9,9.6,1002.5,1019.2,,,11.6
2016-10-20 05:00:00,0,39,21,0.002,0.400,0.024,0.003,10.4,,96,.8,320,12,9.7,1002.4,1019.1,,,12.6
2016-10-20 06:00:00,0,37,24,0.002,0.400,0.015,0.004,9.5,,96,.8,250,11.3,8.8,1002.7,1019.4,,,11.1
2016-10-20 07:00:00,0,30,22,0.002,0.400,0.015,0.005,9.8,,97,1.7,270,11.7,9.3,1003,1019.8,0,,11.5
2016-10-20 08:00:00,1.456,34,19,0.002,0.400,0.018,0.007,10.2,,96,.6,230,11.9,9.5,1003.4,1020.1,0,,13.2
2016-10-20 09:00:00,5.108,37,17,0.002,0.400,0.018,0.008,11.9,,95,1.6,270,13.2,11.1,1003.6,1020.2,.6,,16.8
2016-10-20 10:00:00,12.312,39,19,0.002,0.400,0.023,0.007,14.2,,77,1.9,270,12.4,10.2,1003.3,1019.7,.9,,20.1
2016-10-20 11:00:00,13,37,21,0.002,0.300,0.031,0.006,17.4,,62,1.1,250,12.3,10,1002.6,1018.8,1,,25.2
2016-10-20 12:00:00,20.636,39,21,0.002,0.300,0.036,0.006,19.1,,54,1,200,11.9,9.5,1002.3,1018.3,1,,27.2
2016-10-20 13:00:00,15.128,45,18,0.002,0.300,0.046,0.005,21.3,,47,.6,140,11.9,9.5,1002,1018,.7,,28.3
2016-10-20 14:00:00,9.112,52,27,0.003,0.400,0.054,0.005,22.1,,45,.7,200,11.9,9.6,1001.7,1017.6,0,,26.5
2016-10-20 15:00:00,7.436,53,27,0.003,0.400,0.058,0.006,21.7,,45,1.7,70,11.6,9.2,1001.7,1017.6,0,,24.1
2016-10-20 16:00:00,5.024,57,32,0.003,0.400,0.055,0.008,21,,51,1.7,70,12.6,10.4,1001.8,1017.8,0,,21.8
2016-10-20 17:00:00,2.82,56,27,0.003,0.400,0.048,0.010,19.6,,63,1.2,200,14.3,12.3,1002.4,1018.4,0,,19.8
2016-10-20 18:00:00,0.368,65,32,0.003,0.500,0.041,0.013,18.1,,69,1,140,14.3,12.3,1003,1019.1,0,,17.7
2016-10-20 19:00:00,0,65,32,0.002,0.500,0.026,0.022,16.4,,82,.2,0,15.3,13.3,1003.6,1019.9,,,16.7
2016-10-20 20:00:00,0,99,38,0.002,0.600,0.017,0.027,16.1,,83,.1,0,15.2,13.2,1004.2,1020.5,,,16.3
2016-10-20 21:00:00,0,115,41,0.003,0.600,0.038,0.016,15.6,,86,.1,0,15.2,13.2,1004.7,1021.1,,,15.9
2016-10-20 22:00:00,0,99,43,0.003,0.500,0.050,0.007,15.4,,88,.1,0,15.4,13.4,1004.4,1020.8,,,15.6
2016-10-20 23:00:00,0,96,41,0.002,0.500,0.047,0.005,14.9,,91,0,0,15.4,13.4,1004.6,1021.1,,,15.4
2016-10-21 00:00:00,0,83,43,0.002,0.500,0.047,0.004,15,,90,.4,0,15.3,13.3,1004.6,1021.1,,,15.7
2016-10-21 01:00:00,0,75,45,0.002,0.400,0.046,0.004,15.2,,90,.3,0,15.5,13.5,1004.5,1020.9,,,15.8
2016-10-21 02:00:00,0,67,39,0.002,0.400,0.046,0.003,15.5,,89,.6,70,15.6,13.6,1004.2,1020.6,,,15.9
2016-10-21 03:00:00,0,63,33,0.002,0.400,0.045,0.003,15.5,,90,.1,0,15.8,13.8,1004.7,1021.1,,,16
2016-10-21 04:00:00,0,66,31,0.002,0.400,0.044,0.003,15.5,,90,.2,0,15.8,13.8,1005,1021.4,,,15.9
2016-10-21 05:00:00,0,59,24,0.002,0.400,0.044,0.003,15.4,,89,.1,0,15.5,13.5,1005,1021.4,,,15.6
2016-10-21 06:00:00,0,57,30,0.002,0.300,0.044,0.003,14.9,,90,.4,0,15.2,13.2,1005.1,1021.6,,,15.3
2016-10-21 07:00:00,0,53,28,0.002,0.300,0.044,0.003,14.8,,87,.5,180,14.6,12.6,1005.4,1021.9,0,,15.1
2016-10-21 08:00:00,0.248,46,29,0.002,0.300,0.043,0.003,15.4,,87,.7,70,15.2,13.2,1005.8,1022.2,0,,16.1
2016-10-21 09:00:00,2.772,50,25,0.002,0.400,0.044,0.003,16.5,,77,.4,0,14.4,12.4,1005.4,1021.7,0,,19.2
2016-10-21 10:00:00,5.612,53,22,0.002,0.400,0.044,0.003,17.4,,64,1.6,140,12.7,10.5,1005.3,1021.5,0,,20.7
2016-10-21 11:00:00,8.912,59,26,0.002,0.400,0.045,0.004,17.9,,62,1.2,110,12.7,10.5,1005.5,1021.7,0,,23
2016-10-21 12:00:00,7.368,54,22,0.002,0.400,0.044,0.004,17.9,,63,1.7,90,12.9,10.7,1004.7,1020.9,0,,22.4
2016-10-21 13:00:00,6.236,55,24,0.002,0.300,0.043,0.004,17.4,,66,.8,110,13,10.9,1004.7,1020.9,0,,20.4
2016-10-21 14:00:00,7.54,53,22,0.002,0.300,0.043,0.004,17.1,0,69,1.1,90,13.4,11.3,1003.6,1019.8,0,,20.2
2016-10-21 15:00:00,5.744,56,20,0.002,0.300,0.042,0.004,16.9,0,69,1.8,90,13.2,11.1,1003.4,1019.6,0,,18.9
2016-10-21 16:00:00,2.712,,,,,,,16.7,,71,.6,110,13.5,11.4,1003.5,1019.8,0,,18.3
2016-10-21 17:00:00,1.52,,,,,,,16.4,,73,.7,90,13.6,11.5,1003.8,1020.1,0,,17.2
2016-10-21 18:00:00,0.016,42,19,0.001,0.300,0.035,0.006,16.1,,73,1.4,180,13.3,11.2,1003.6,1019.9,0,,16.4
2016-10-21 19:00:00,0,53,20,0.002,0.300,0.035,0.009,15.8,,75,.7,160,13.4,11.3,1003.1,1019.4,,,16
2016-10-21 20:00:00,0,57,26,0.002,0.300,0.033,0.008,15.6,,76,1.2,160,13.4,11.3,1003.5,1019.9,,,15.7
2016-10-21 21:00:00,0,51,19,0.002,0.300,0.035,0.005,15.3,,77,1,360,13.3,11.2,1002.5,1018.9,,,15.3
2016-10-21 22:00:00,0,51,27,0.002,0.300,0.035,0.005,14.7,,77,1.5,90,12.9,10.7,1003.1,1019.6,,,14.7
2016-10-21 23:00:00,0,48,27,0.002,0.300,0.036,0.004,14.2,,83,.3,0,13.4,11.3,1003,1019.4,,,14.7
2016-10-22 00:00:00,0,44,18,0.002,0.300,0.036,0.004,13.8,,86,.3,0,13.5,11.4,1002.5,1018.9,,,14.5
2016-10-22 01:00:00,0,41,19,0.002,0.300,0.035,0.004,13.7,,87,.6,110,13.6,11.5,1002,1018.4,,,14.5
2016-10-22 02:00:00,0,36,19,0.002,0.300,0.035,0.004,13.6,,89,0,0,13.8,11.8,1001.8,1018.2,,,14.5
2016-10-22 03:00:00,0,36,15,0.002,0.300,0.031,0.004,13.4,0,92,.5,110,14.1,12.1,1001.4,1017.8,,,14.3
2016-10-22 04:00:00,0,31,14,0.002,0.300,0.032,0.003,13.2,.1,92,.1,0,13.9,11.9,1000.6,1017,,,14.2
2016-10-22 05:00:00,0,26,22,0.002,0.300,0.023,0.007,13,0,93,.3,0,13.8,11.8,999.6,1016,,,14
2016-10-22 06:00:00,0,31,12,0.002,0.300,0.021,0.006,13.1,,94,1.3,270,14.1,12.1,1000.1,1016.5,,,13.9
2016-10-22 07:00:00,0,33,14,0.002,0.300,0.018,0.008,13,,93,.5,140,13.8,11.8,999.9,1016.3,0,,14
2016-10-22 08:00:00,0.044,34,23,0.002,0.300,0.016,0.011,13.4,,91,.6,250,13.9,11.9,1000,1016.4,0,,15.2
2016-10-22 09:00:00,1.46,31,20,0.001,0.300,0.014,0.014,14.4,,88,.5,250,14.4,12.4,999.4,1015.7,0,,17.7
2016-10-22 10:00:00,7.124,39,17,0.002,0.300,0.024,0.008,15.7,,69,.5,290,12.3,10,998.2,1014.5,.2,,21.2
2016-10-22 11:00:00,12.664,38,16,0.002,0.300,0.036,0.003,17.4,,64,1.5,320,12.7,10.5,998.1,1014.2,.4,,26.3
2016-10-22 12:00:00,21.184,28,17,0.002,0.300,0.040,0.003,19.8,,56,1.1,290,12.9,10.7,997.4,1013.4,.9,,32.2
2016-10-22 13:00:00,17.396,33,20,0.002,0.300,0.041,0.003,19.6,,54,.7,320,12.3,10,996.4,1012.3,.7,,27.6
2016-10-22 14:00:00,17.94,41,18,0.002,0.300,0.042,0.003,20.2,,53,1.4,290,12.5,10.3,995.7,1011.7,.5,,26.1
2016-10-22 15:00:00,13.84,36,17,0.002,0.300,0.042,0.003,20.9,,52,1.1,70,12.8,10.6,995.1,1011,.4,,28.2
2016-10-22 16:00:00,7.952,28,12,0.002,0.300,0.040,0.003,21.2,,52,.8,70,13,10.9,995.5,1011.4,1,,26.7
2016-10-22 17:00:00,3.612,31,13,0.001,0.300,0.038,0.004,19.3,,67,1.6,140,15,13,995.8,1011.7,.5,,21.1
2016-10-22 18:00:00,0.304,45,14,0.001,0.300,0.032,0.005,17.6,,76,.5,140,15.3,13.3,996.3,1012.4,0,,18.7
2016-10-22 19:00:00,0,70,13,0.001,0.300,0.030,0.006,17.2,,77,.5,200,15.1,13.1,996,1012.1,,,17.7
2016-10-22 20:00:00,0,94,23,0.001,0.300,0.024,0.009,16.2,,86,0,0,15.8,13.8,996.8,1013,,,16.9
2016-10-22 21:00:00,0,53,16,0.001,0.400,0.021,0.010,15.8,,87,.2,0,15.6,13.6,997.6,1013.9,,,16.7
2016-10-22 22:00:00,0,46,16,0.001,0.400,0.020,0.010,15.6,,88,.4,0,15.6,13.6,998.1,1014.4,,,16.4
2016-10-22 23:00:00,0,82,16,0.002,0.400,0.022,0.009,15.4,,89,.7,90,15.5,13.5,997.9,1014.2,,,16.2
2016-10-23 00:00:00,0,63,20,0.002,0.300,0.026,0.008,15.4,,89,0,0,15.5,13.5,997.9,1014.2,,,16
2016-10-23 01:00:00,0,39,13,0.002,0.300,0.031,0.006,15.4,,89,.8,250,15.5,13.5,997.7,1014,,,15.8
2016-10-23 02:00:00,0,42,22,0.002,0.300,0.033,0.005,15.2,,90,0,0,15.5,13.5,998,1014.3,,,15.8
2016-10-23 03:00:00,0,38,16,0.002,0.300,0.036,0.004,15,,88,.1,0,15,13,997.1,1013.4,,,15.5
2016-10-23 04:00:00,0,40,18,0.002,0.300,0.038,0.003,15.2,,84,.1,0,14.5,12.5,996.8,1013.1,,,15.5
2016-10-23 05:00:00,0,39,16,0.002,0.300,0.039,0.003,14.7,,87,.9,360,14.5,12.5,996.9,1013.3,,,15.4
2016-10-23 06:00:00,0,33,15,0.002,0.300,0.039,0.003,14.6,,89,.5,90,14.8,12.8,997.4,1013.7,,,15.2
2016-10-23 07:00:00,0,34,11,0.002,0.300,0.040,0.003,14.9,,86,.3,0,14.5,12.5,998.3,1014.7,0,,15.4
2016-10-23 08:00:00,0.452,37,14,0.001,0.300,0.039,0.004,15.1,,87,.2,0,14.9,12.9,998.8,1015.1,0,,15.8
2016-10-23 09:00:00,1.192,30,18,0.001,0.300,0.037,0.006,15.9,0,80,1.4,140,14.4,12.4,999.6,1015.9,0,,15.9
2016-10-23 10:00:00,2.104,31,17,0.001,0.300,0.036,0.003,15.7,0,80,1.3,50,14.2,12.2,1000.1,1016.4,0,,16.2
2016-10-23 11:00:00,3.56,27,10,0.001,0.300,0.034,0.003,15.2,.1,83,1.5,140,14.3,12.3,1000.5,1016.9,0,,16.5
2016-10-23 12:00:00,3.896,20,5,0.001,0.300,0.034,0.004,15.9,,66,2.8,70,11.9,9.5,999.7,1016,0,,19.6
2016-10-23 13:00:00,9.916,26,8,0.001,0.300,0.036,0.003,15.1,,66,1.9,20,11.2,8.7,999.5,1015.9,0,,17
2016-10-23 14:00:00,8.54,33,9,0.001,0.300,0.036,0.003,15.4,,65,1.3,50,11.3,8.8,998.8,1015.1,0,,17.5
2016-10-23 15:00:00,22.296,39,10,0.001,0.300,0.035,0.003,15.4,,62,.9,90,10.8,8.1,998.8,1015.1,0,,17.3
2016-10-23 16:00:00,17.892,35,10,0.001,0.300,0.036,0.003,15.1,,66,1.1,20,11.2,8.7,999.6,1016,0,,16.2
2016-10-23 17:00:00,2.52,28,15,0.001,0.300,0.035,0.003,14.6,,67,1.2,50,11.1,8.5,1000.1,1016.4,0,,15.3
2016-10-23 18:00:00,0,26,16,0.001,0.300,0.033,0.004,14.5,,62,1.3,50,10.2,7.2,1000.6,1016.9,0,,14.5
2016-10-23 19:00:00,0,30,13,0.001,0.300,0.033,0.003,13.8,,73,.7,250,11.5,9,1001.4,1017.8,,,14.3
2016-10-23 20:00:00,0,34,15,0.001,0.300,0.033,0.003,13.9,,66,1,360,10.4,7.6,1002,1018.4,,,14
2016-10-23 21:00:00,0,33,14,0.001,0.300,0.033,0.003,13.7,,63,1.2,70,9.8,6.7,1002.1,1018.5,,,13.7
2016-10-23 22:00:00,0,30,13,0.001,0.300,0.033,0.003,12.6,,75,1.6,270,10.9,8.2,1002.7,1019.2,,,13.3
2016-10-23 23:00:00,0,35,14,0.001,0.300,0.034,0.003,11.9,,82,2.2,270,11.4,8.9,1002.6,1019.2,,,12.8
2016-10-24 00:00:00,0,30,13,0.001,0.300,0.033,0.003,12.1,,81,.9,290,11.4,8.9,1002.4,1019,,,13
2016-10-24 01:00:00,0,30,13,0.001,0.300,0.033,0.003,11.9,,83,.3,0,11.5,9,1002.3,1018.9,,,12.9
2016-10-24 02:00:00,0,25,10,0.001,0.300,0.033,0.003,11.7,,86,.3,0,11.8,9.4,1002.6,1019.2,,,12.9
2016-10-24 03:00:00,0,25,10,0.001,0.300,0.034,0.003,11.6,,87,.7,250,11.9,9.5,1002.2,1018.8,,,12.8
2016-10-24 04:00:00,0,27,10,0.001,0.300,0.035,0.003,11.6,,87,1,340,11.9,9.5,1002.6,1019.2,,,12.6
2016-10-24 05:00:00,0,24,9,0.001,0.300,0.034,0.003,11.5,,88,.9,290,11.9,9.5,1002.7,1019.3,,,12.5
2016-10-24 06:00:00,0,26,10,0.002,0.300,0.033,0.003,11.4,,89,.7,360,11.9,9.6,1003,1019.6,,,12.4
2016-10-24 07:00:00,0,25,10,0.002,0.300,0.033,0.003,11.3,,89,.8,290,11.9,9.5,1003.4,1020,0,,12.2
2016-10-24 08:00:00,1.2,24,14,0.001,0.300,0.033,0.004,11.8,,87,.6,340,11.9,9.6,1004,1020.6,0,,13.6
2016-10-24 09:00:00,4.316,33,12,0.001,0.300,0.032,0.004,13.7,,71,.8,270,11.1,8.5,1004.2,1020.7,.6,,19.9
2016-10-24 10:00:00,12.316,29,13,0.001,0.300,0.034,0.004,15.4,,57,.8,290,9.9,6.9,1003.8,1020.2,1,,23.3
2016-10-24 11:00:00,19.516,32,15,0.001,0.300,0.035,0.003,16.9,,50,1.3,360,9.5,6.3,1003.4,1019.6,1,,29.5
2016-10-24 12:00:00,24.64,29,16,0.001,0.300,0.037,0.003,18.1,,50,2.5,70,10.4,7.5,1002.6,1018.7,1,,30.8
2016-10-24 13:00:00,30.1,43,12,0.001,0.300,0.039,0.003,18.5,,49,2.7,70,10.4,7.5,1001.7,1017.8,1,,31.7
2016-10-24 14:00:00,26.872,29,8,0.001,0.300,0.040,0.003,18.7,,47,1.9,50,10.1,7.1,1000.9,1016.9,1,,29.1
2016-10-24 15:00:00,22.196,33,12,0.001,0.300,0.043,0.003,18.1,,50,1.7,90,10.4,7.5,1000.9,1017,.2,,23.9
2016-10-24 16:00:00,17.608,29,12,0.001,0.300,0.044,0.004,17.8,,54,1,90,10.9,8.3,1000.9,1017,.1,,21.4
2016-10-24 17:00:00,3.06,28,11,0.001,0.300,0.041,0.006,17,,57,1.1,20,11,8.4,1000.8,1017,.2,,18.5
2016-10-24 18:00:00,1.272,32,17,0.001,0.300,0.036,0.008,15.1,,67,.2,0,11.5,9,1000.4,1016.8,0,,15.4
2016-10-24 19:00:00,0,34,16,0.001,0.300,0.026,0.014,13.9,,76,.5,50,12,9.7,1000.8,1017.2,,,15
2016-10-24 20:00:00,0,49,17,0.001,0.300,0.022,0.012,14.3,,71,1,70,11.6,9.1,1001.1,1017.5,,,14.9
2016-10-24 21:00:00,0,52,26,0.001,0.300,0.021,0.011,13.9,,76,.8,290,12,9.7,1001.3,1017.7,,,14.8
2016-10-24 22:00:00,0,56,25,0.001,0.300,0.019,0.010,14.8,,67,1.4,50,11.2,8.7,1001.2,1017.6,,,14.4
2016-10-24 23:00:00,0,50,25,0.002,0.300,0.021,0.010,14.6,,67,2.5,50,11.1,8.5,1000.8,1017.1,,,13.9
2016-10-25 00:00:00,0,43,14,0.002,0.300,0.023,0.010,14,,70,.7,90,11.2,8.6,999.9,1016.3,,,13.8
2016-10-25 01:00:00,0,35,19,0.002,0.300,0.023,0.008,14.4,,65,2,70,10.6,7.8,999.4,1015.7,,,13.7
2016-10-25 02:00:00,0,31,15,0.002,0.300,0.022,0.006,14.4,,66,3.4,50,10.8,8.1,998.3,1014.6,,,13.5
2016-10-25 03:00:00,0,28,11,0.002,0.300,0.022,0.006,14.9,,64,1.8,50,10.8,8.1,997.6,1013.9,,,13.5
2016-10-25 04:00:00,0,24,11,0.002,0.200,0.021,0.006,15,,66,4,70,11.2,8.6,996.7,1013,,,13.5
2016-10-25 05:00:00,0,20,9,0.002,0.200,0.022,0.005,14.6,,71,.7,290,11.7,9.3,996.4,1012.7,,,12.9
2016-10-25 06:00:00,0,20,10,0.002,0.200,0.021,0.005,15.1,,69,2,340,11.8,9.4,995.8,1012.1,,,13.3
2016-10-25 07:00:00,0,25,13,0.001,0.200,0.017,0.006,15.6,,70,2.8,50,12.4,10.1,995.1,1011.3,0,,14.1
2016-10-25 08:00:00,1.372,27,11,0.001,0.300,0.012,0.011,15.7,,70,2,320,12.4,10.2,995,1011.2,0,,15.6
2016-10-25 09:00:00,5.06,32,12,0.002,0.300,0.014,0.012,15.8,,69,1.8,270,12.4,10.1,994.2,1010.4,.3,,18.1
2016-10-25 10:00:00,2.488,,,0.004,0.400,0.015,0.015,14.6,.5,88,1,200,14.6,12.6,993.7,1009.9,0,,18.1
2016-10-25 11:00:00,3.288,,,0.006,0.700,0.012,0.021,15.6,1,91,.9,250,16.1,14.1,994.4,1010.6,0,,17.2
2016-10-25 12:00:00,3.088,23,1,0.004,0.500,0.020,0.019,15,.5,93,.8,290,15.8,13.8,993.6,1009.9,0,,18.8
2016-10-25 13:00:00,3.512,29,4,0.002,0.300,0.027,0.013,16,.5,93,.6,290,16.8,14.8,993.3,1009.5,0,,19.6
2016-10-25 14:00:00,4.884,22,5,0.002,0.300,0.032,0.008,17.5,0,88,.5,320,17.5,15.4,993.3,1009.3,0,,22.1
2016-10-25 15:00:00,5.956,11,8,0.002,0.300,0.032,0.006,18.5,,79,2.7,340,16.7,14.7,994.2,1010.2,0,,18.7
2016-10-25 16:00:00,9.572,8,,0.001,0.400,0.029,0.008,19.4,,65,3.9,270,14.6,12.6,994.3,1010.2,.1,,18.9
2016-10-25 17:00:00,11.732,12,,0.001,0.400,0.035,0.006,19,,60,4,290,13.1,11,995.2,1011.1,1,,17.2
2016-10-25 18:00:00,2.264,20,15,0.001,0.400,0.036,0.007,16.9,,69,2.2,340,13.2,11.1,995.9,1012,0,,14.7
2016-10-25 19:00:00,0,17,13,0.001,0.400,0.033,0.010,15.6,,73,1.2,340,12.9,10.7,997.3,1013.6,,,13.5
2016-10-25 20:00:00,0,22,14,0.001,0.400,0.035,0.007,14.1,,82,2,250,13.1,11,998.6,1014.9,,,12.7
2016-10-25 21:00:00,0,19,12,0.001,0.300,0.038,0.006,13,,88,.2,0,13.1,11,999.7,1016.1,,,11.8
2016-10-25 22:00:00,0,33,15,0.001,0.400,0.033,0.006,11.9,,92,.3,0,12.8,10.6,1000.2,1016.7,,,11.1
2016-10-25 23:00:00,0,26,15,0.001,0.400,0.030,0.005,11.3,,93,.4,0,12.4,10.2,1000.4,1017,,,10.5
2016-10-26 00:00:00,0,31,23,0.001,0.300,0.025,0.004,10.7,,94,.2,0,12,9.7,1000.3,1016.9,,,10
2016-10-26 01:00:00,0,25,17,0.001,0.300,0.021,0.004,10.3,,95,.7,340,11.9,9.5,1000.2,1016.9,,,10
2016-10-26 02:00:00,0,27,14,0.001,0.300,0.018,0.003,10.2,,96,.6,270,11.9,9.5,1001.1,1017.8,,,11.1
2016-10-26 03:00:00,0,33,7,0.001,0.300,0.020,0.003,10,,96,.9,230,11.7,9.3,1001.4,1018.1,,,11.6
2016-10-26 04:00:00,0,29,9,0.001,0.300,0.020,0.003,10,,96,1.1,320,11.7,9.3,1001.4,1018.1,,,11.7
2016-10-26 05:00:00,0,27,21,0.001,0.300,0.018,0.003,10.1,,96,1.2,270,11.8,9.4,1002.4,1019.1,,,11.8
2016-10-26 06:00:00,0,25,14,0.002,0.300,0.019,0.004,10.4,,96,.8,270,12,9.7,1002,1018.7,,,12
2016-10-26 07:00:00,0,23,14,0.002,0.300,0.017,0.005,10.2,,96,.7,320,11.9,9.5,1002.5,1019.2,0,,12.1
2016-10-26 08:00:00,0.596,27,17,0.002,0.300,0.017,0.006,10.5,,96,1,290,12.1,9.8,1003.1,1019.8,0,,12.9
2016-10-26 09:00:00,4.552,31,13,0.001,0.300,0.019,0.007,11.4,,90,.9,20,12.1,9.8,1002.9,1019.5,.1,,15.2
2016-10-26 10:00:00,9.828,37,13,0.001,0.400,0.025,0.006,11.8,,85,1.4,340,11.7,9.3,1002.3,1018.9,0,,18.1
2016-10-26 11:00:00,16.856,35,18,0.001,0.400,0.028,0.006,14.7,,76,1.2,340,12.7,10.5,1002.6,1019,.7,,27
2016-10-26 12:00:00,20.328,29,17,0.001,0.300,0.031,0.007,16.5,,62,1.3,340,11.6,9.1,1002,1018.3,1,,30.9
2016-10-26 13:00:00,14.488,34,11,0.001,0.300,0.036,0.005,18.7,,57,1.5,360,12.2,9.9,1000.9,1016.9,.7,,27.7
2016-10-26 14:00:00,7.992,27,12,0.001,0.400,0.034,0.008,18.7,,54,1.3,340,11.6,9.1,1001,1017,.1,,23.5
2016-10-26 15:00:00,5.452,30,16,0.001,0.400,0.035,0.007,18.5,,54,.6,340,11.5,9,1001.3,1017.4,0,,21.1
2016-10-26 16:00:00,1.684,27,16,0.001,0.400,0.032,0.007,17.7,,65,.8,340,13.1,11,1002,1018.2,0,,19.2
2016-10-26 17:00:00,0.384,32,12,0.001,0.400,0.022,0.013,16.5,,72,.6,50,13.5,11.4,1002.8,1019.1,0,,17.4
2016-10-26 18:00:00,0,36,23,0.002,0.400,0.019,0.016,15.9,,65,1.4,320,11.7,9.3,1003.4,1019.7,0,,15.9
2016-10-26 19:00:00,0,40,23,0.002,0.400,0.020,0.014,15.1,,64,1.6,340,10.9,8.3,1004,1020.4,,,14.8
2016-10-26 20:00:00,0,52,18,0.002,0.400,0.018,0.013,13.7,,68,0,0,10.6,7.8,1003.7,1020.2,,,13.8
2016-10-26 21:00:00,0,46,27,0.002,0.400,0.016,0.013,13.1,,78,.6,320,11.7,9.3,1003.8,1020.3,,,13.8
2016-10-26 22:00:00,0,43,31,0.001,0.400,0.014,0.011,12.7,,79,.9,320,11.6,9.1,1005.1,1021.7,,,13.2
2016-10-26 23:00:00,0,47,24,0.001,0.400,0.013,0.008,11.2,,84,.7,250,11.1,8.5,1006,1022.7,,,11.6
2016-10-27 00:00:00,0,56,22,0.001,0.400,0.015,0.007,10.2,,89,.4,0,11,8.4,1005.8,1022.6,,,10.4
2016-10-27 01:00:00,0,33,23,0.001,0.300,0.015,0.007,9.7,,91,.1,0,10.9,8.2,1006.3,1023.1,,,9.8
2016-10-27 02:00:00,0,43,17,0.001,0.300,0.015,0.005,9,,93,.1,0,10.6,7.9,1006.6,1023.4,,,9.2
2016-10-27 03:00:00,0,35,25,0.001,0.300,0.014,0.005,8.4,,94,.1,0,10.3,7.4,1006.8,1023.7,,,8.6
2016-10-27 04:00:00,0,32,17,0.001,0.300,0.015,0.004,7.6,,94,.5,230,9.7,6.6,1006.5,1023.4,,,8.1
2016-10-27 05:00:00,0,34,17,0.001,0.300,0.014,0.004,7.5,,95,.5,340,9.8,6.7,1007.1,1024,,,7.9
2016-10-27 06:00:00,0,29,22,0.001,0.300,0.014,0.004,7.2,,95,.9,250,9.6,6.4,1007.3,1024.3,,,8.7
2016-10-27 07:00:00,0,32,13,0.001,0.300,0.012,0.006,7.4,,96,1.2,320,9.8,6.7,1007.8,1024.8,0,,8.9
2016-10-27 08:00:00,0.252,26,15,0.001,0.300,0.011,0.010,8.5,,94,.5,320,10.4,7.5,1008.9,1025.8,0,,11
2016-10-27 09:00:00,2.304,39,17,0.001,0.300,0.009,0.012,9.7,,87,.8,360,10.4,7.6,1009.7,1026.6,0,,13.6
2016-10-27 10:00:00,5.44,37,23,0.002,0.400,0.010,0.017,11.5,,77,1.1,290,10.4,7.6,1009.5,1026.2,.3,,18.2
2016-10-27 11:00:00,7.928,54,26,0.002,0.300,0.022,0.014,13,,70,.9,340,10.4,7.6,1008.8,1025.4,.1,,18.7
2016-10-27 12:00:00,6.352,52,28,0.002,0.300,0.036,0.006,14.5,,68,1,250,11.2,8.6,1008.2,1024.7,.1,,18
2016-10-27 13:00:00,7.748,48,27,0.002,0.300,0.039,0.004,16.8,,62,.6,360,11.8,9.4,1007.4,1023.7,.1,,23.8
2016-10-27 14:00:00,8.444,50,25,0.002,0.300,0.039,0.005,18.5,,62,.3,0,13.1,11,1006.3,1022.4,0,,23.2
2016-10-27 15:00:00,5.188,55,29,0.002,0.300,0.040,0.006,18.3,,63,1,160,13.2,11.1,1005.9,1022.1,0,,20.5
2016-10-27 16:00:00,3.02,55,24,0.002,0.300,0.039,0.005,17.9,,63,.7,160,12.9,10.7,1005.7,1021.9,0,,19
2016-10-27 17:00:00,0.864,48,21,0.002,0.300,0.037,0.005,17.3,,67,1.1,90,13.2,11.1,1004.9,1021.1,0,,17.2
2016-10-27 18:00:00,0.012,51,27,0.002,0.300,0.034,0.007,16.9,,69,1.1,70,13.2,11.1,1005.5,1021.8,0,,16
2016-10-27 19:00:00,0,59,26,0.002,0.300,0.032,0.007,16.2,,74,1.4,50,13.6,11.5,1005.8,1022.2,,,15.5
2016-10-27 20:00:00,0,69,24,0.002,0.300,0.033,0.007,16.3,,68,1.7,90,12.5,10.3,1006.3,1022.7,,,15.2
2016-10-27 21:00:00,0,58,23,0.002,0.300,0.032,0.008,15.7,,69,.9,70,12.3,10,1006.3,1022.7,,,14.7
2016-10-27 22:00:00,0,65,22,0.002,0.300,0.034,0.006,15.6,,69,1.1,140,12.2,9.9,1005.3,1021.7,,,14.4
2016-10-27 23:00:00,0,54,26,0.002,0.300,0.036,0.005,14.7,,74,1.1,50,12.4,10.1,1004.1,1020.6,,,14.1
2016-10-28 00:00:00,0,42,26,0.002,0.300,0.036,0.004,15.2,,68,.8,160,11.7,9.3,1003.6,1020,,,14
2016-10-28 01:00:00,0,43,18,0.002,0.300,0.036,0.004,14.1,,79,.3,0,12.7,10.5,1003.3,1019.7,,,14
2016-10-28 02:00:00,0,48,19,0.002,0.300,0.037,0.003,14.5,,71,.7,250,11.6,9.2,1002.5,1018.9,,,13.9
2016-10-28 03:00:00,0,39,23,0.002,0.300,0.036,0.004,13.5,0,84,0,0,12.9,10.8,1001.5,1017.9,,,13.9
2016-10-28 04:00:00,0,40,17,0.002,0.300,0.034,0.003,13,0,87,.4,0,12.9,10.8,1001.3,1017.8,,,13.7
2016-10-28 05:00:00,0,47,19,0.002,0.300,0.031,0.004,12.7,.1,90,.4,0,13.1,11,1000.5,1017,,,13.4
2016-10-28 06:00:00,0,25,17,0.002,0.300,0.032,0.004,12.5,.2,92,.7,340,13.3,11.2,1000.1,1016.6,,,13.4
2016-10-28 07:00:00,0,19,12,0.002,0.300,0.027,0.006,12.3,.6,94,.7,340,13.4,11.3,999.6,1016.1,0,,13.3
2016-10-28 08:00:00,0,18,10,0.001,0.300,0.028,0.007,12.4,,95,.7,50,13.7,11.6,999.3,1015.8,0,,13.7
2016-10-28 09:00:00,0.528,18,15,0.001,0.300,0.027,0.011,12.5,.5,95,.6,360,13.7,11.7,999.1,1015.6,0,,14.4
2016-10-28 10:00:00,1.248,19,11,0.001,0.300,0.028,0.010,12.6,.5,94,.9,20,13.7,11.6,998.8,1015.3,0,,15.1
2016-10-28 11:00:00,1.664,17,10,0.001,0.300,0.029,0.008,12.9,.5,94,.5,20,13.9,11.9,998.2,1014.6,0,,15.9
2016-10-28 12:00:00,2.076,13,11,0.001,0.300,0.025,0.010,13.3,.5,94,1.6,340,14.3,12.3,997.7,1014.1,0,,16
2016-10-28 13:00:00,2.848,14,11,0.001,0.300,0.028,0.007,13.7,0,93,1.4,320,14.5,12.5,997.2,1013.5,0,,16.4
2016-10-28 14:00:00,2.424,16,9,0.001,0.300,0.028,0.007,14.3,1,93,1,340,15.1,13.1,996.7,1013,0,,17.4
2016-10-28 15:00:00,2.044,11,5,0.001,0.300,0.027,0.007,14.8,.5,89,1.5,360,14.9,12.9,996.4,1012.7,0,,18.1
2016-10-28 16:00:00,1.672,9,8,0.001,0.300,0.021,0.009,15.5,,87,2.3,340,15.3,13.3,996.2,1012.5,0,,17.8
2016-10-28 17:00:00,0.812,6,,0.001,0.300,0.022,0.008,15.8,,83,3,340,14.9,12.9,997.1,1013.4,.1,,16.2
2016-10-28 18:00:00,0.208,5,,0.001,0.300,0.016,0.012,15.5,,79,3.2,320,13.8,11.8,998,1014.3,0,,15
2016-10-28 19:00:00,0,9,5,0.001,0.400,0.016,0.013,15.3,,68,3.2,320,11.8,9.4,999.3,1015.6,,,14.3
2016-10-28 20:00:00,0,9,5,0.001,0.300,0.018,0.011,15.6,,61,3.6,290,10.7,8,1000.2,1016.5,,,13.7
2016-10-28 21:00:00,0,13,13,0.001,0.400,0.020,0.012,15.5,,60,3.5,290,10.5,7.7,1001.1,1017.4,,,13.4
2016-10-28 22:00:00,0,33,21,0.001,0.300,0.028,0.008,15.3,,60,4.2,320,10.4,7.5,1001.6,1018,,,13.1
2016-10-28 23:00:00,0,23,1,0.001,0.300,0.018,0.008,15,,57,4.3,320,9.7,6.5,1002.2,1018.6,,,12.8
2016-10-29 00:00:00,0,28,1,0.001,0.300,0.017,0.007,14.4,,61,3,290,9.9,6.9,1002.5,1018.9,,,12.5
2016-10-29 01:00:00,0,35,2,0.002,0.300,0.028,0.006,14,,62,2.7,290,9.9,6.8,1003.1,1019.5,,,12.2
2016-10-29 02:00:00,0,46,27,0.002,0.300,0.032,0.005,13.9,,62,2.4,320,9.8,6.7,1003.5,1019.9,,,11.8
2016-10-29 03:00:00,0,55,30,0.002,0.300,0.027,0.006,13.7,,60,3.1,290,9.3,6,1004.1,1020.6,,,11.4
2016-10-29 04:00:00,0,48,23,0.001,0.300,0.020,0.005,12.3,,70,1.8,360,9.9,6.9,1004.2,1020.8,,,10.8
2016-10-29 05:00:00,0,42,22,0.001,0.300,0.020,0.004,11.8,,72,1.5,340,9.9,6.9,1004.1,1020.7,,,10.4
2016-10-29 06:00:00,0,42,22,0.002,0.400,0.019,0.005,11,,75,1.4,320,9.8,6.7,1005,1021.7,,,9.8
2016-10-29 07:00:00,0,40,22,0.002,0.400,0.020,0.007,10.1,,83,1.1,230,10.2,7.3,1006.1,1022.9,0,,9.9
2016-10-29 08:00:00,0.436,42,25,0.002,0.400,0.027,0.008,11.5,,74,.9,270,10,7,1006.9,1023.6,.1,,12.3
2016-10-29 09:00:00,5.996,41,26,0.002,0.400,0.029,0.006,13.1,,65,2.1,320,9.7,6.6,1007.8,1024.4,.5,,17.7
2016-10-29 10:00:00,9.12,35,13,0.002,0.300,0.030,0.006,13.5,,59,1.6,340,9.1,5.6,1008,1024.5,.7,,18.5
2016-10-29 11:00:00,11.64,39,22,0.002,0.300,0.029,0.006,14.1,,57,1,340,9.1,5.6,1007.4,1023.9,0,,21.2
2016-10-29 12:00:00,14.696,37,13,0.002,0.400,0.030,0.006,15.1,,55,1.5,360,9.4,6.1,1007.2,1023.7,0,,21.5
2016-10-29 13:00:00,16.452,36,16,0.002,0.400,0.029,0.006,16.1,,54,1.1,290,9.8,6.7,1006.1,1022.5,.6,,24.2
2016-10-29 14:00:00,10.08,38,19,0.002,0.400,0.030,0.006,15.8,,54,1.5,320,9.6,6.4,1006.2,1022.6,0,,22.4
2016-10-29 15:00:00,7.112,37,18,0.002,0.400,0.030,0.007,15,,58,1.9,340,9.8,6.7,1006.8,1023.3,0,,17.6
2016-10-29 16:00:00,3.536,36,22,0.002,0.400,0.029,0.008,14.2,,57,2.3,360,9.2,5.7,1006.9,1023.4,0,,16.9
2016-10-29 17:00:00,2.096,46,27,0.002,0.400,0.028,0.010,13.6,,57,2.2,50,8.8,5.2,1007.3,1023.8,0,,14.2
2016-10-29 18:00:00,0.1,41,22,0.002,0.400,0.028,0.011,12.7,,58,.9,20,8.5,4.6,1007.8,1024.4,0,,12.4
2016-10-29 19:00:00,0,43,22,0.002,0.400,0.027,0.010,11.8,,58,.6,360,8,3.7,1008.7,1025.4,,,11.2
2016-10-29 20:00:00,0,41,19,0.002,0.400,0.027,0.008,10.7,,65,1.4,270,8.3,4.3,1009.2,1026,,,10.4
2016-10-29 21:00:00,0,42,21,0.002,0.400,0.027,0.008,9.7,,72,.9,230,8.6,4.8,1009.5,1026.4,,,8.7
2016-10-29 22:00:00,0,42,21,0.002,0.300,0.027,0.008,8.6,,77,.7,200,8.5,4.7,1010,1026.9,,,8.1
2016-10-29 23:00:00,0,46,33,0.002,0.300,0.027,0.008,7.8,,80,1.8,230,8.4,4.5,1010.5,1027.5,,,7.5
2016-10-30 00:00:00,0,45,27,0.002,0.300,0.026,0.007,7,,84,1.3,250,8.4,4.4,1010.5,1027.5,,,7
2016-10-30 01:00:00,0,50,33,0.002,0.300,0.024,0.007,6.7,,85,1.3,270,8.3,4.3,1010.2,1027.3,,,6.7
2016-10-30 02:00:00,0,54,36,0.002,0.300,0.022,0.007,6.4,,84,.6,250,8,3.8,1010.6,1027.7,,,6.3
2016-10-30 03:00:00,0,51,35,0.002,0.300,0.021,0.007,5.9,,88,.9,250,8.1,4,1010.7,1027.8,,,6.2
2016-10-30 04:00:00,0,47,33,0.002,0.300,0.022,0.006,6.1,,85,1.6,290,8,3.7,1011.1,1028.2,,,5.6
2016-10-30 05:00:00,0,52,30,0.002,0.300,0.024,0.006,6.1,,83,1.5,230,7.8,3.4,1011.3,1028.4,,,5.5
2016-10-30 06:00:00,0,44,29,0.002,0.300,0.020,0.006,6,,79,1.3,250,7.4,2.6,1011.4,1028.5,,,5.5
2016-10-30 07:00:00,0,42,32,0.002,0.300,0.022,0.006,5.6,,78,1.9,270,7.1,2,1012.1,1029.3,0,,4.8
2016-10-30 08:00:00,0.612,42,23,0.002,0.300,0.023,0.007,5.6,,72,1.6,290,6.5,.9,1013,1030.2,.1,,4.7
2016-10-30 09:00:00,3.34,42,29,0.002,0.300,0.023,0.007,8.3,,42,3.1,340,4.6,-3.8,1013.8,1030.8,1,,10.4
2016-10-30 10:00:00,6.412,41,24,0.002,0.300,0.024,0.006,10.1,,30,2.7,340,3.7,-6.7,1013.4,1030.3,1,,12.3
2016-10-30 11:00:00,19.376,48,27,0.002,0.300,0.025,0.005,11.6,,25,2.8,320,3.4,-7.8,1012.9,1029.7,1,,21.6
2016-10-30 12:00:00,25.656,34,24,0.002,0.300,0.026,0.005,13.7,,19,1.9,340,3,-9.5,1012,1028.6,1,,26
2016-10-30 13:00:00,29.508,52,28,0.002,0.300,0.030,0.005,15.3,,19,1.6,320,3.3,-8.2,1011,1027.5,1,,26.9
2016-10-30 14:00:00,27.448,46,28,0.002,0.300,0.036,0.004,16.7,,20,1.2,180,3.8,-6.4,1010.1,1026.5,1,,27.7
2016-10-30 15:00:00,26.656,40,27,0.002,0.300,0.039,0.004,17.5,,21,1.2,270,4.2,-5.1,1010.1,1026.4,1,,25.5
2016-10-30 16:00:00,20.84,34,16,0.002,0.300,0.040,0.004,15.9,,26,1.7,110,4.7,-3.6,1010.4,1026.9,1,,20.8
2016-10-30 17:00:00,9.272,31,11,0.002,0.300,0.033,0.009,13.5,,36,1.3,90,5.6,-1.3,1010.2,1026.8,.7,,13
2016-10-30 18:00:00,0.564,36,19,0.001,0.400,0.023,0.015,10.6,,48,.2,0,6.1,0,1010.7,1027.5,0,,9.6
2016-10-30 19:00:00,0,49,23,0.001,0.400,0.016,0.018,8.9,,65,.1,0,7.4,2.6,1010.8,1027.7,,,8.6
2016-10-30 20:00:00,0,79,20,0.001,0.400,0.015,0.015,7.3,,73,.2,0,7.4,2.7,1011.5,1028.5,,,7.5
2016-10-30 21:00:00,0,47,31,0.001,0.400,0.016,0.011,6.1,,82,.4,0,7.7,3.2,1011.3,1028.4,,,6.5
2016-10-30 22:00:00,0,40,25,0.001,0.400,0.015,0.010,5.2,,85,.3,0,7.5,2.8,1011.7,1028.9,,,5.7
2016-10-30 23:00:00,0,31,20,0.001,0.300,0.016,0.007,4.6,,86,0,0,7.3,2.4,1011.7,1028.9,,,5.4
2016-10-31 00:00:00,0,30,18,0.001,0.300,0.017,0.006,4.4,,89,.7,320,7.4,2.7,1011.7,1028.9,,,5.5
2016-10-31 01:00:00,0,34,17,0.001,0.300,0.018,0.004,4.6,,89,.3,0,7.5,2.9,1011.2,1028.4,,,6.2
2016-10-31 02:00:00,0,28,11,0.001,0.300,0.018,0.003,4.6,,89,1.1,320,7.5,2.9,1011.3,1028.5,,,6.1
2016-10-31 03:00:00,0,28,11,0.001,0.300,0.021,0.003,4.9,,87,.2,0,7.5,2.9,1010.4,1027.6,,,6.3
2016-10-31 04:00:00,0,22,13,0.001,0.300,0.018,0.003,4.9,,87,.7,290,7.5,2.9,1010.1,1027.3,,,6.2
2016-10-31 05:00:00,0,25,13,0.001,0.300,0.019,0.003,5.2,,86,.8,360,7.6,3,1010.2,1027.4,,,6.1
2016-10-31 06:00:00,0,17,,0.002,0.300,0.018,0.004,5.4,,85,.7,320,7.6,3,1010.8,1028,,,6.3
2016-10-31 07:00:00,0,23,10,0.002,0.300,0.018,0.005,5.5,,86,1,290,7.7,3.3,1010.6,1027.8,0,,6.4
2016-10-31 08:00:00,0.172,29,13,0.001,0.300,0.014,0.009,6,,83,.9,340,7.7,3.3,1011.1,1028.2,0,,7.2
2016-10-31 09:00:00,2.084,23,13,0.002,0.300,0.013,0.010,7,,78,.8,360,7.8,3.4,1010.4,1027.4,0,,9.4
2016-10-31 10:00:00,3.296,29,23,0.002,0.300,0.013,0.012,8,,70,.3,0,7.5,2.8,1010.1,1027,0,,10.5
2016-10-31 11:00:00,3.244,33,22,0.003,0.400,0.017,0.011,8.7,0,76,1.2,290,8.5,4.6,1009.7,1026.6,0,,11.1
2016-10-31 12:00:00,2.464,32,12,0.003,0.400,0.023,0.012,9,.1,77,.8,250,8.8,5.1,1009.6,1026.5,0,,11.6
2016-10-31 13:00:00,3.048,35,23,0.002,0.300,0.028,0.009,9.4,0,76,.4,0,8.9,5.3,1008.8,1025.6,0,,11.5
2016-10-31 14:00:00,1.204,30,14,0.002,0.300,0.028,0.009,10.1,,74,.6,250,9.1,5.6,1008,1024.8,0,,11.9
2016-10-31 15:00:00,1.432,19,15,0.002,0.300,0.021,0.011,11.8,,69,1.2,250,9.5,6.2,1007.3,1024,0,,15.6
2016-10-31 16:00:00,1.612,29,25,0.002,0.300,0.019,0.012,12.4,,57,1.7,270,8.2,4.1,1006.9,1023.5,.2,,14
2016-10-31 17:00:00,1.86,29,17,0.002,0.300,0.018,0.012,11.1,,67,.9,200,8.8,5.1,1006.9,1023.6,0,,11.6
2016-10-31 18:00:00,0.112,33,22,0.002,0.400,0.013,0.017,9.9,,75,0,0,9.1,5.6,1007.2,1024,0,,9.9
2016-10-31 19:00:00,0,40,20,0.002,0.400,0.013,0.016,9.7,,75,.2,0,9,5.4,1007.8,1024.6,,,9.4
2016-10-31 20:00:00,0,40,17,0.001,0.400,0.009,0.014,10.3,,69,2,320,8.6,4.8,1008.2,1025,,,8.9
2016-10-31 21:00:00,0,40,15,0.001,0.400,0.007,0.014,10.4,,66,1.9,320,8.3,4.3,1008.5,1025.3,,,9.2
2016-10-31 22:00:00,0,37,23,0.002,0.400,0.012,0.014,10.5,,60,3.2,340,7.6,3,1008.9,1025.7,,,8.9
2016-10-31 23:00:00,0,48,33,0.002,0.400,0.015,0.018,10.1,,58,3.2,360,7.1,2.1,1009.1,1025.9,,,8.6
2016-11-01 00:00:00,0,52,37,0.002,0.400,0.018,0.018,9.5,,55,3.9,270,6.5,.8,1009.3,1026.1,,,7.6
2016-11-01 01:00:00,0,53,42,0.002,0.400,0.025,0.012,8.7,,57,3.8,290,6.4,.6,1009.7,1026.6,,,7.4
2016-11-01 02:00:00,0,44,34,0.002,0.300,0.033,0.005,8.4,,54,4.8,290,6,-.3,1009.4,1026.3,,,6.4
2016-11-01 03:00:00,0,37,17,0.002,0.300,0.033,0.004,7.5,,50,5.1,290,5.2,-2.2,1009.8,1026.8,,,5.3
2016-11-01 04:00:00,0,31,19,0.002,0.300,0.035,0.003,6.4,,50,3.7,290,4.8,-3.2,1009.7,1026.8,,,4.1
2016-11-01 05:00:00,0,28,16,0.002,0.200,0.035,0.002,5.6,,51,3.7,320,4.6,-3.7,1010,1027.1,,,3.3
2016-11-01 06:00:00,0,21,13,0.002,0.200,0.033,0.002,4.2,,53,2.9,360,4.4,-4.5,1011,1028.2,,,2.3
2016-11-01 07:00:00,0,19,10,0.002,0.200,0.033,0.003,3.8,,54,2.6,340,4.3,-4.6,1011.6,1028.9,0,,1.8
2016-11-01 08:00:00,0.324,21,11,0.002,0.300,0.023,0.010,4.1,,51,2.9,360,4.2,-5.1,1012.6,1029.8,.2,,2.5
2016-11-01 09:00:00,4.3,28,20,0.002,0.300,0.024,0.005,5,,43,4.2,340,3.8,-6.5,1013,1030.2,1,,8.4
2016-11-01 10:00:00,13.412,29,18,0.002,0.200,0.029,0.003,6.5,,32,3.7,340,3.1,-9,1013.3,1030.4,1,,9.7
2016-11-01 11:00:00,21.644,27,15,0.002,0.200,0.032,0.004,7.7,,26,3.7,290,2.7,-10.6,1012.7,1029.7,1,,18.2
2016-11-01 12:00:00,27.252,34,17,0.002,0.200,0.033,0.004,9.4,,23,2.7,340,2.7,-10.7,1011.9,1028.8,1,,22.5
2016-11-01 13:00:00,30.468,34,17,0.002,0.200,0.035,0.003,10.6,,23,3.5,290,2.9,-9.7,1010.9,1027.7,1,,22.4
2016-11-01 14:00:00,30.864,32,14,0.002,0.300,0.036,0.003,10.6,,18,3.2,340,2.3,-12.7,1010.2,1027,1,,21.4
2016-11-01 15:00:00,29.008,32,15,0.002,0.300,0.037,0.004,11.3,,17,3.6,320,2.3,-12.9,1010,1026.8,1,,18.7
2016-11-01 16:00:00,22.8,32,14,0.002,0.300,0.037,0.005,11.1,,14,3.4,290,1.8,-15.4,1010.2,1027,1,,14.8
2016-11-01 17:00:00,12.932,28,14,0.002,0.300,0.035,0.008,9.2,,26,2.4,320,3,-9.3,1010.6,1027.5,.7,,7.8
2016-11-01 18:00:00,1.26,31,14,0.002,0.300,0.029,0.014,7.3,,39,1.1,340,4,-5.7,1010.8,1027.8,0,,5.5
2016-11-01 19:00:00,0,38,,0.002,0.400,0.026,0.015,5.8,,47,1.7,340,4.3,-4.6,1011.2,1028.3,,,4.1
2016-11-01 20:00:00,0,35,,0.002,0.300,0.029,0.011,5.5,,44,1.9,360,4,-5.8,1012,1029.2,,,3.3
2016-11-01 21:00:00,0,34,,0.002,0.300,0.027,0.009,4.1,,52,.5,200,4.3,-4.8,1012.3,1029.5,,,2.5
2016-11-01 22:00:00,0,31,,0.002,0.300,0.024,0.009,3.1,,59,1.7,230,4.5,-4.1,1012.3,1029.6,,,1.7
2016-11-01 23:00:00,0,49,,0.002,0.300,0.024,0.008,2.3,,65,1.6,270,4.7,-3.6,1012.6,1030,,,1.3
2016-11-02 00:00:00,0,37,,0.002,0.300,0.022,0.007,2.2,,66,2.1,230,4.7,-3.5,1012.3,1029.7,,,1.2
2016-11-02 01:00:00,0,32,,0.002,0.300,0.024,0.007,1.4,,72,1.1,250,4.9,-3.1,1012,1029.4,,,.4
2016-11-02 02:00:00,0,33,,0.002,0.300,0.019,0.006,2.3,,65,1.5,250,4.7,-3.6,1012.1,1029.5,,,.1
2016-11-02 03:00:00,0,32,,0.002,0.300,0.020,0.005,1.2,,71,1.8,250,4.8,-3.4,1011.5,1029,,,-.4
2016-11-02 04:00:00,0,30,,0.002,0.300,0.018,0.004,2.6,,44,2.8,340,3.2,-8.4,1011.4,1028.7,,,-.3
2016-11-02 05:00:00,0,25,,0.002,0.300,0.021,0.004,1.5,,55,2.4,340,3.8,-6.5,1011.5,1028.9,,,-.6
2016-11-02 06:00:00,0,18,,0.002,0.300,0.016,0.004,1.7,,54,2.2,320,3.7,-6.6,1011.3,1028.7,,,-.7
2016-11-02 07:00:00,0,23,,0.002,0.300,0.013,0.005,1.6,,50,3.3,340,3.4,-7.7,1011.5,1028.9,0,,-.7
2016-11-02 08:00:00,0.384,26,,0.002,0.300,0.010,0.008,3.2,,42,2,320,3.2,-8.5,1011.6,1028.9,.2,,.1
2016-11-02 09:00:00,4.556,26,,0.002,0.300,0.014,0.011,5.5,,35,3.5,340,3.2,-8.7,1011.9,1029.1,1,,6.3
2016-11-02 10:00:00,13.368,34,,0.003,0.300,0.024,0.008,8.4,,25,4.5,290,2.8,-10.5,1011.3,1028.2,1,,11.4
2016-11-02 11:00:00,21.66,38,,0.003,0.200,0.034,0.005,10.5,,26,2.9,320,3.3,-8.2,1010.5,1027.3,1,,20
2016-11-02 12:00:00,27.22,,,,,,,11,,27,6.1,270,3.5,-7.3,1009.8,1026.6,1,,19.9
2016-11-02 13:00:00,30.232,,,,,,,12.1,,27,4.4,290,3.8,-6.3,1008.6,1025.3,1,,22
2016-11-02 14:00:00,30.036,32,,0.002,0.300,0.037,0.003,12.4,,28,5.1,290,4,-5.6,1007.8,1024.4,1,,21.1
2016-11-02 15:00:00,27.5,30,8,0.002,0.300,0.037,0.005,12.6,,28,3.8,340,4.1,-5.4,1007.2,1023.8,1,,18.4
2016-11-02 16:00:00,20.844,31,24,0.002,0.300,0.039,0.006,12.2,,30,4.9,290,4.3,-4.8,1007.1,1023.7,1,,14.5
2016-11-02 17:00:00,11.048,48,15,0.002,0.300,0.038,0.007,10.6,,34,4.3,270,4.3,-4.6,1007.4,1024.2,.7,,9.2
2016-11-02 18:00:00,0.884,43,19,0.002,0.400,0.031,0.014,9.4,,39,3.2,290,4.6,-3.8,1007.7,1024.5,0,,7.1
2016-11-02 19:00:00,0,46,25,0.002,0.400,0.023,0.020,8.7,,39,3.2,290,4.4,-4.5,1008.4,1025.3,,,6
2016-11-02 20:00:00,0,43,26,0.002,0.400,0.027,0.013,6.9,,49,1.7,360,4.9,-3,1008.5,1025.5,,,5.4
2016-11-02 21:00:00,0,41,26,0.003,0.400,0.025,0.013,7.7,,48,1,270,5,-2.6,1008.6,1025.5,,,6
2016-11-02 22:00:00,0,45,22,0.002,0.400,0.020,0.017,7.9,,53,1.9,340,5.6,-1.1,1008.8,1025.7,,,4.6
2016-11-02 23:00:00,0,45,27,0.002,0.400,0.024,0.009,7.2,,60,1.6,20,6.1,0,1008.8,1025.8,,,4.5
2016-11-03 00:00:00,0,39,26,0.002,0.400,0.019,0.009,6.9,,64,1,50,6.3,.5,1008.7,1025.7,,,4.1
2016-11-03 01:00:00,0,43,31,0.002,0.400,0.017,0.008,6.5,,68,1.2,20,6.6,1,1008.2,1025.2,,,4.1
2016-11-03 02:00:00,0,41,27,0.002,0.400,0.015,0.006,6.6,,69,.8,70,6.7,1.3,1007.6,1024.6,,,3.7
2016-11-03 03:00:00,0,38,27,0.002,0.400,0.014,0.005,5.1,,73,1.2,110,6.4,.6,1007.5,1024.6,,,3.2
2016-11-03 04:00:00,0,40,32,0.002,0.400,0.017,0.003,4.8,,73,.6,140,6.2,.3,1007.4,1024.6,,,3.9
2016-11-03 05:00:00,0,39,30,0.002,0.400,0.014,0.004,4.6,,80,1,140,6.8,1.4,1007.4,1024.5,,,4.9
2016-11-03 06:00:00,0,42,31,0.002,0.400,0.015,0.004,5,0,79,1.1,140,6.9,1.6,1007.3,1024.4,,,5.3
2016-11-03 07:00:00,0,34,32,0.002,0.400,0.015,0.003,4.3,,83,.8,230,6.9,1.6,1007.4,1024.5,0,,4.2
2016-11-03 08:00:00,0.38,37,25,0.002,0.400,0.011,0.008,5.1,,82,.1,0,7.2,2.2,1008,1025.1,0,,5.8
2016-11-03 09:00:00,4.2,42,24,0.002,0.400,0.011,0.013,7,,70,.7,230,7,1.8,1008.1,1025.1,.6,,8.5
2016-11-03 10:00:00,11.516,52,41,0.002,0.400,0.022,0.009,10.5,,58,.6,90,7.3,2.5,1007.7,1024.5,1,,13.1
2016-11-03 11:00:00,18.9,56,36,0.002,0.400,0.024,0.009,13,,47,1.3,180,7,1.9,1007.1,1023.7,1,,18.5
2016-11-03 12:00:00,24.604,59,36,0.003,0.400,0.034,0.009,14.3,,41,1.6,290,6.7,1.2,1006.3,1022.7,.7,,18.8
2016-11-03 13:00:00,28.212,71,36,0.005,0.400,0.047,0.006,14,,39,4.2,290,6.2,.2,1005.3,1021.8,.5,,16.5
2016-11-03 14:00:00,28.132,84,45,0.004,0.400,0.049,0.005,14,,44,3.5,290,7,1.9,1004.6,1021,.2,,16.9
2016-11-03 15:00:00,24.22,84,45,0.004,0.400,0.047,0.006,14.4,,43,2,320,7,1.9,1003.9,1020.3,.7,,17.1
2016-11-03 16:00:00,16.324,70,45,0.003,0.400,0.046,0.007,14,,45,3,290,7.2,2.2,1003.7,1020.1,1,,15.3
2016-11-03 17:00:00,5.924,70,58,0.003,0.400,0.044,0.010,13,,49,2.1,290,7.3,2.5,1003.7,1020.2,.6,,11.9
2016-11-03 18:00:00,0.252,70,50,0.003,0.500,0.036,0.016,11.3,,58,.7,160,7.7,3.3,1004,1020.7,0,,9.3
2016-11-03 19:00:00,0,85,52,0.003,0.500,0.032,0.016,9.3,,68,.5,90,7.9,3.6,1004,1020.7,,,7.6
2016-11-03 20:00:00,0,85,56,0.003,0.600,0.028,0.015,8.7,,69,.6,290,7.7,3.3,1004.4,1021.2,,,6.6
2016-11-03 21:00:00,0,90,62,0.002,0.600,0.028,0.011,7.4,,78,.5,250,8,3.8,1005,1021.9,,,5.7
2016-11-03 22:00:00,0,74,51,0.002,0.500,0.024,0.010,6.4,,83,.2,0,8,3.7,1005.3,1022.3,,,4.9
2016-11-03 23:00:00,0,76,59,0.002,0.500,0.021,0.012,4.6,,90,.2,0,7.6,3,1005.5,1022.6,,,4.1
2016-11-04 00:00:00,0,73,51,0.002,0.500,0.027,0.006,3.9,,92,.7,270,7.4,2.7,1005.4,1022.5,,,3.6
2016-11-04 01:00:00,0,66,48,0.002,0.500,0.025,0.005,3.6,,93,0,0,7.3,2.5,1005.3,1022.5,,,3
2016-11-04 02:00:00,0,62,43,0.002,0.500,0.025,0.004,2.5,,93,.1,0,6.8,1.4,1005.1,1022.3,,,2.6
2016-11-04 03:00:00,0,59,50,0.002,0.500,0.023,0.004,2.5,,94,.1,0,6.9,1.6,1004.8,1022,,,2.1
2016-11-04 04:00:00,0,55,45,0.002,0.400,0.024,0.004,2.1,,95,.6,250,6.7,1.3,1004.6,1021.9,,,3.9
2016-11-04 05:00:00,0,44,43,0.002,0.400,0.027,0.003,2,,95,.5,360,6.7,1.2,1004.4,1021.7,,,4.4
2016-11-04 06:00:00,0,43,30,0.002,0.400,0.026,0.004,1.6,,96,1.1,270,6.6,1,1004.3,1021.6,,,4.4
2016-11-04 07:00:00,0,42,36,0.002,0.400,0.024,0.005,1.2,,96,1.4,290,6.4,.6,1004.7,1022,0,,4.2
2016-11-04 08:00:00,0.444,49,34,0.002,0.400,0.018,0.008,1.3,,96,.9,270,6.4,.7,1005.1,1022.4,0,,5
2016-11-04 09:00:00,4.2,58,36,0.002,0.400,0.016,0.010,2.2,,96,.8,290,6.9,1.6,1005.1,1022.4,0,,7
2016-11-04 10:00:00,12.252,57,38,0.002,0.400,0.024,0.008,4.9,,96,.4,0,8.3,4.3,1004.3,1021.4,.8,,11.9
2016-11-04 11:00:00,19.912,60,38,0.002,0.400,0.029,0.008,9.4,,59,.7,320,6.9,1.7,1003.5,1020.2,1,,17.2
2016-11-04 12:00:00,25.36,64,35,0.008,0.700,0.030,0.013,13.8,,51,1,200,8,3.8,1002,1018.4,1,,22.6
2016-11-04 13:00:00,28.312,83,44,0.012,0.900,0.034,0.017,15.3,,38,.7,340,6.6,1,1000.7,1017.1,1,,25.9
2016-11-04 14:00:00,27.7,82,48,0.022,1.500,0.032,0.031,16.6,,37,1.6,90,7,1.8,999.5,1015.7,1,,25.4
2016-11-04 15:00:00,25.052,112,69,0.010,0.600,0.047,0.017,16.5,,39,1.9,70,7.3,2.4,998.8,1015,1,,22.7
2016-11-04 16:00:00,17.964,82,40,0.003,0.400,0.051,0.008,16.3,,43,1.5,110,7.9,3.6,998.5,1014.7,1,,19
2016-11-04 17:00:00,6.72,63,31,0.003,0.400,0.048,0.013,13.3,,55,1.2,200,8.4,4.4,998.6,1015,.6,,13.4
2016-11-04 18:00:00,0.244,71,43,0.003,0.500,0.043,0.020,11.3,,67,.5,20,8.9,5.3,998.8,1015.4,0,,10.6
2016-11-04 19:00:00,0,74,50,0.003,0.500,0.044,0.015,9.8,,76,0,0,9.2,5.7,999.2,1015.9,,,9
2016-11-04 20:00:00,0,79,53,0.003,0.500,0.035,0.017,8.3,,83,.1,0,9,5.5,999.3,1016,,,7.8
2016-11-04 21:00:00,0,82,66,0.002,0.600,0.026,0.016,6.9,,89,.3,0,8.8,5.2,999.3,1016.2,,,6.9
2016-11-04 22:00:00,0,76,57,0.002,0.500,0.023,0.012,6.7,,91,.2,0,8.9,5.3,999.5,1016.4,,,6.1
2016-11-04 23:00:00,0,64,55,0.002,0.500,0.023,0.010,5.5,,93,.3,0,8.4,4.4,999.6,1016.6,,,5.4
2016-11-05 00:00:00,0,55,50,0.002,0.500,0.018,0.009,5,,93,.5,290,8.1,3.9,999.4,1016.4,,,4.8
2016-11-05 01:00:00,0,52,45,0.002,0.500,0.016,0.009,5.1,,94,0,0,8.2,4.2,999.3,1016.3,,,4.3
2016-11-05 02:00:00,0,64,49,0.002,0.500,0.011,0.008,4,,95,.3,0,7.7,3.2,999.4,1016.4,,,5.5
2016-11-05 03:00:00,0,64,50,0.002,0.500,0.010,0.007,3.8,,96,.5,360,7.7,3.2,999.3,1016.3,,,6
2016-11-05 04:00:00,0,53,49,0.002,0.500,0.011,0.004,3.9,,96,.2,0,7.7,3.3,998.9,1015.9,,,6.1
2016-11-05 05:00:00,0,47,36,0.002,0.500,0.011,0.004,3.2,,96,.2,0,7.4,2.6,998.9,1016,,,6
2016-11-05 06:00:00,0,41,31,0.002,0.500,0.009,0.005,2.9,,96,.8,360,7.2,2.3,999,1016.1,,,5.8
2016-11-05 07:00:00,0,34,31,0.002,0.400,0.008,0.005,3,,96,.4,0,7.3,2.4,999,1016.1,0,,5.8
2016-11-05 08:00:00,0.32,40,28,0.002,0.500,0.005,0.009,3.5,,96,.3,0,7.5,2.9,999.3,1016.4,0,,6.9
2016-11-05 09:00:00,2.536,56,33,0.002,0.500,0.005,0.015,4.5,,96,.3,0,8.1,3.9,999.2,1016.2,0,,9.7
2016-11-05 10:00:00,7.392,72,52,0.002,0.500,0.006,0.022,7.8,,96,.3,0,10.1,7.1,998.4,1015.2,.8,,14.2
2016-11-05 11:00:00,18.568,83,51,0.003,0.500,0.016,0.023,13.7,,72,.9,50,11.2,8.7,998,1014.4,1,,19.4
2016-11-05 12:00:00,25.452,87,47,0.002,0.300,0.042,0.008,18.1,,51,.8,230,10.5,7.7,997,1013,1,,25
2016-11-05 13:00:00,29.472,67,37,0.002,0.300,0.048,0.005,19.3,,40,1.4,50,8.9,5.3,996.2,1012.1,1,,26.9
2016-11-05 14:00:00,28.628,63,29,0.002,0.300,0.044,0.010,19.5,,41,4,340,9.2,5.8,996,1011.9,1,,25.3
2016-11-05 15:00:00,22.308,49,24,0.002,0.300,0.047,0.005,20,,38,3.6,320,8.8,5.2,996.3,1012.3,1,,23.8
2016-11-05 16:00:00,17.788,59,20,0.002,0.300,0.048,0.006,20.3,,39,2,290,9.2,5.8,996.8,1012.8,1,,20.7
2016-11-05 17:00:00,8.86,58,30,0.002,0.300,0.044,0.011,18.6,,44,3.8,270,9.3,6,997,1013,.6,,15.2
2016-11-05 18:00:00,0.424,49,19,0.002,0.400,0.029,0.022,15.8,,58,.5,20,10.4,7.5,997.4,1013.7,0,,12.4
2016-11-05 19:00:00,0,64,31,0.002,0.400,0.014,0.031,13,,72,.7,250,10.7,8,998.4,1014.8,,,11
2016-11-05 20:00:00,0,73,42,0.002,0.500,0.014,0.028,12.2,,75,.2,0,10.6,7.8,999.2,1015.7,,,9.9
2016-11-05 21:00:00,0,73,39,0.002,0.400,0.020,0.019,11.3,,81,.8,250,10.8,8.1,999.9,1016.5,,,9
2016-11-05 22:00:00,0,59,44,0.002,0.400,0.020,0.014,10.8,,85,.5,250,10.9,8.3,1000.4,1017,,,8.4
2016-11-05 23:00:00,0,54,36,0.002,0.400,0.021,0.011,9.4,,90,0,0,10.6,7.8,1000.5,1017.2,,,7.5
2016-11-06 00:00:00,0,48,34,0.002,0.400,0.024,0.007,8.6,,92,.7,320,10.2,7.3,1001.1,1017.9,,,7.2
2016-11-06 01:00:00,0,42,33,0.002,0.300,0.022,0.005,8.3,,93,.1,0,10.2,7.2,1001.9,1018.7,,,6.5
2016-11-06 02:00:00,0,38,28,0.002,0.300,0.019,0.005,7.2,,94,.5,360,9.5,6.2,1002.8,1019.7,,,6.1
2016-11-06 03:00:00,0,31,29,0.002,0.300,0.022,0.004,6.9,,95,.6,250,9.4,6.1,1003.6,1020.5,,,5.7
2016-11-06 04:00:00,0,34,27,0.002,0.300,0.016,0.004,6.7,,95,.4,0,9.3,5.9,1003.9,1020.8,,,5.4
2016-11-06 05:00:00,0,35,28,0.002,0.300,0.019,0.004,5.8,,94,.5,320,8.7,4.9,1004.7,1021.7,,,5.2
2016-11-06 06:00:00,0,33,24,0.002,0.300,0.015,0.004,5.9,,96,.7,360,8.9,5.3,1005.7,1022.7,,,6.6
2016-11-06 07:00:00,0,35,27,0.002,0.300,0.010,0.005,6.6,,96,.4,0,9.3,6,1006.4,1023.4,0,,7.4
2016-11-06 08:00:00,0.488,39,27,0.002,0.300,0.007,0.008,7.4,,96,.1,0,9.8,6.7,1007.4,1024.4,0,,8.5
2016-11-06 09:00:00,4.412,42,26,0.002,0.400,0.005,0.015,8.3,,92,.1,0,10,7,1008,1024.9,0,,9.5
2016-11-06 10:00:00,8.54,59,39,0.002,0.400,0.033,0.007,9.6,,89,.4,0,10.6,7.8,1008.5,1025.3,0,,11.9
2016-11-06 11:00:00,5.508,65,36,0.002,0.300,0.037,0.004,11.7,,82,.3,0,11.2,8.7,1008.7,1025.4,0,,13.7
2016-11-06 12:00:00,6.808,42,20,0.002,0.300,0.036,0.004,14,,71,1.6,360,11.3,8.8,1008.4,1024.9,0,,14.7
2016-11-06 13:00:00,7.248,46,31,0.002,0.300,0.035,0.003,15,,62,1.3,320,10.5,7.7,1008,1024.5,0,,16.8
2016-11-06 14:00:00,8.852,44,22,0.002,0.300,0.035,0.004,15.2,,61,1.6,140,10.5,7.7,1007.8,1024.3,0,,17.4
2016-11-06 15:00:00,6.324,43,20,0.002,0.300,0.036,0.004,14.4,,64,1.3,140,10.4,7.6,1008.2,1024.7,0,,14.6
2016-11-06 16:00:00,3.932,24,20,0.002,0.300,0.036,0.004,14.1,,64,1.3,360,10.2,7.3,1008.5,1025,0,,13.9
2016-11-06 17:00:00,1.276,37,20,0.002,0.300,0.034,0.004,13.8,,65,1.5,90,10.2,7.3,1008.9,1025.4,0,,12.8
2016-11-06 18:00:00,0.036,38,24,0.002,0.300,0.033,0.005,13.3,,68,1,140,10.4,7.5,1009.4,1026,0,,12.1
2016-11-06 19:00:00,0,34,21,0.002,0.300,0.032,0.005,13.1,,68,.5,270,10.2,7.3,1009.9,1026.5,,,11.8
2016-11-06 20:00:00,0,46,23,0.002,0.300,0.031,0.005,12.7,,71,1.3,90,10.4,7.5,1010.1,1026.7,,,11.6
2016-11-06 21:00:00,0,44,29,0.002,0.300,0.031,0.005,12.2,,75,.7,110,10.6,7.8,1010.3,1027,,,11.4
2016-11-06 22:00:00,0,42,27,0.002,0.300,0.032,0.004,11.9,,77,.3,0,10.6,7.9,1010.7,1027.4,,,11.4
2016-11-06 23:00:00,0,45,31,0.002,0.300,0.033,0.004,11.8,,78,.2,0,10.7,8,1010.8,1027.5,,,11.2
2016-11-07 00:00:00,0,46,28,0.002,0.300,0.034,0.004,11.3,,85,.1,0,11.3,8.8,1011.2,1028,,,11.2
2016-11-07 01:00:00,0,42,32,0.002,0.300,0.035,0.004,10.9,,85,.1,0,11,8.4,1010.4,1027.2,,,10.1
2016-11-07 02:00:00,0,35,31,0.002,0.300,0.034,0.004,9.3,,91,.8,250,10.6,7.9,1009.8,1026.6,,,8.4
2016-11-07 03:00:00,0,35,27,0.002,0.400,0.028,0.005,8.2,,93,.2,0,10.1,7.1,1010.1,1027,,,7.4
2016-11-07 04:00:00,0,35,29,0.002,0.400,0.025,0.005,8.1,,94,.3,0,10.1,7.1,1010.2,1027.1,,,6.6
2016-11-07 05:00:00,0,41,23,0.002,0.400,0.020,0.006,6.8,,94,.3,0,9.2,5.8,1010.5,1027.6,,,6
2016-11-07 06:00:00,0,37,32,0.002,0.300,0.021,0.006,6.6,,95,.4,0,9.2,5.8,1010,1027.1,,,6.5
2016-11-07 07:00:00,0,40,21,0.002,0.400,0.017,0.009,6.7,,95,.5,50,9.3,5.9,1010.5,1027.6,0,,6.4
2016-11-07 08:00:00,0.452,41,25,0.002,0.400,0.009,0.017,7.5,,95,.3,0,9.8,6.7,1010.2,1027.2,0,,7.8
2016-11-07 09:00:00,4.528,48,30,0.002,0.400,0.009,0.020,10,,85,.2,0,10.4,7.5,1009.9,1026.8,.9,,12.3
2016-11-07 10:00:00,10.74,56,32,0.002,0.400,0.022,0.016,12.8,,73,.3,0,10.7,8,1009.4,1026,.8,,15.4
2016-11-07 11:00:00,16.632,60,34,0.002,0.300,0.040,0.005,15.9,,55,2.3,70,9.9,6.8,1008.7,1025.1,.7,,20.1
2016-11-07 12:00:00,21.764,60,28,0.002,0.300,0.043,0.004,17.2,,51,1.4,230,9.9,6.9,1007.7,1024,.9,,24.5
2016-11-07 13:00:00,21.464,44,27,0.002,0.300,0.044,0.004,17,,49,2.6,90,9.4,6.1,1006.9,1023.2,.9,,26.5
2016-11-07 14:00:00,22.452,45,33,0.002,0.300,0.046,0.005,18.2,,46,1,160,9.5,6.3,1005.9,1022.1,1,,26.4
2016-11-07 15:00:00,23.26,38,20,0.002,0.300,0.046,0.006,17.3,,49,1.8,90,9.6,6.4,1005.1,1021.3,1,,23.5
2016-11-07 16:00:00,13.136,44,29,0.002,0.300,0.045,0.008,16.5,,52,1.3,90,9.7,6.5,1004.9,1021.2,.9,,18.4
2016-11-07 17:00:00,3.512,56,28,0.005,0.400,0.038,0.015,15.3,,59,1.7,70,10.2,7.3,1004.7,1021.1,0,,14.9
2016-11-07 18:00:00,0.032,52,25,0.005,0.400,0.029,0.021,14.3,,64,1.6,50,10.4,7.5,1004.9,1021.3,0,,12.8
2016-11-07 19:00:00,0,57,33,0.003,0.400,0.024,0.021,14.1,,64,1.2,20,10.2,7.3,1005.2,1021.6,,,12.5
2016-11-07 20:00:00,0,65,44,0.002,0.400,0.022,0.016,13.8,,66,2.2,70,10.4,7.5,1004.5,1021,,,11.9
2016-11-07 21:00:00,0,65,45,0.002,0.400,0.018,0.016,13.7,,67,1,70,10.4,7.6,1004.8,1021.3,,,11.8
2016-11-07 22:00:00,0,71,45,0.002,0.500,0.017,0.016,12.5,,75,.5,50,10.8,8.1,1004.6,1021.2,,,11.6
2016-11-07 23:00:00,0,70,55,0.002,0.500,0.014,0.015,11.9,,80,.6,200,11.1,8.5,1003.9,1020.5,,,11.5
2016-11-08 00:00:00,0,60,47,0.002,0.500,0.016,0.013,11.8,,81,.5,180,11.2,8.6,1003.7,1020.3,,,11.5
2016-11-08 01:00:00,0,56,40,0.002,0.500,0.014,0.012,11.5,,84,.8,340,11.3,8.8,1003.4,1020,,,11.6
2016-11-08 02:00:00,0,68,47,0.002,0.400,0.019,0.010,11.6,,84,1.2,270,11.4,8.9,1003.2,1019.8,,,11.5
2016-11-08 03:00:00,0,61,41,0.002,0.400,0.033,0.006,12.9,0,75,5.5,270,11.1,8.5,1003,1019.5,,,11.4
2016-11-08 04:00:00,0,48,35,0.002,0.400,0.042,0.004,13.5,,60,5.6,290,9.2,5.8,1002.7,1019.2,,,11
2016-11-08 05:00:00,0,32,26,0.002,0.500,0.044,0.004,13.2,,61,4.4,270,9.2,5.8,1003.5,1020,,,10.9
2016-11-08 06:00:00,0,38,31,0.002,0.500,0.043,0.004,12.3,0,65,1.5,320,9.2,5.8,1003.7,1020.3,,,10.7
2016-11-08 07:00:00,0,30,20,0.002,0.500,0.039,0.005,11.8,,66,1.7,320,9.1,5.6,1004.1,1020.7,0,,10.6
2016-11-08 08:00:00,0,16,,0.002,0.500,0.034,0.006,11,,68,4.3,270,8.9,5.3,1005,1021.7,0,,10.3
2016-11-08 09:00:00,0.684,17,,0.002,0.500,0.028,0.007,11.2,,52,3.6,320,6.9,1.6,1005.1,1021.8,0,,11.1
2016-11-08 10:00:00,3.036,54,31,0.002,0.400,0.026,0.007,10.5,,55,3.2,340,7,1.8,1005.4,1022.1,0,,11.5
2016-11-08 11:00:00,9.544,60,44,0.002,0.400,0.028,0.007,10.4,,52,3.2,320,6.5,.9,1005.1,1021.8,0,,13.3
2016-11-08 12:00:00,12.248,55,42,0.002,0.400,0.030,0.007,11.6,,44,4.2,290,6,-.2,1004.5,1021.1,.6,,17.9
2016-11-08 13:00:00,20.32,66,44,0.002,0.400,0.032,0.007,13.1,,34,4.1,320,5.1,-2.4,1003.7,1020.2,.9,,21.1
2016-11-08 14:00:00,28.048,61,44,0.002,0.400,0.036,0.007,13.6,,31,5.5,290,4.8,-3.2,1003.3,1019.8,1,,20.2
2016-11-08 15:00:00,26.78,60,40,0.002,0.300,0.039,0.008,13.6,,28,4.8,290,4.3,-4.6,1003.7,1020.2,1,,18.5
2016-11-08 16:00:00,18.372,47,33,0.002,0.300,0.042,0.007,12.8,,30,4.5,290,4.4,-4.3,1004.3,1020.8,1,,14.3
2016-11-08 17:00:00,6.36,45,40,0.002,0.300,0.042,0.008,11.4,,34,4.4,290,4.6,-3.9,1005,1021.7,.5,,9.8
2016-11-08 18:00:00,0.208,49,29,0.002,0.400,0.038,0.011,10,,37,3.1,320,4.5,-4,1005.9,1022.7,0,,7.7
2016-11-08 19:00:00,0,52,28,0.002,0.400,0.037,0.011,9.1,,38,2.8,340,4.4,-4.4,1007.1,1023.9,,,6.4
2016-11-08 20:00:00,0,47,32,0.002,0.400,0.038,0.008,7.8,,42,2.5,340,4.4,-4.3,1008,1024.9,,,5.4
2016-11-08 21:00:00,0,54,42,0.002,0.300,0.036,0.008,6.9,,47,2.6,360,4.7,-3.6,1008.5,1025.5,,,4.5
2016-11-08 22:00:00,0,55,39,0.002,0.300,0.038,0.007,6,,51,3.1,360,4.8,-3.3,1009.1,1026.2,,,3.9
2016-11-08 23:00:00,0,52,32,0.002,0.300,0.038,0.006,5.2,,49,2.9,20,4.3,-4.6,1009.5,1026.7,,,3.1
2016-11-09 00:00:00,0,40,39,0.002,0.300,0.037,0.005,4.4,,46,3.9,360,3.8,-6.2,1009.9,1027.1,,,2.4
2016-11-09 01:00:00,0,31,25,0.002,0.300,0.036,0.004,3.5,,48,3,360,3.8,-6.5,1009.8,1027,,,1.5
2016-11-09 02:00:00,0,30,25,0.002,0.300,0.036,0.003,3.1,,46,2.2,360,3.5,-7.4,1010.3,1027.6,,,.9
2016-11-09 03:00:00,0,25,23,0.002,0.300,0.035,0.003,2.4,,48,2.4,360,3.5,-7.5,1010.5,1027.8,,,.4
2016-11-09 04:00:00,0,26,13,0.002,0.300,0.030,0.004,2.1,,45,1.9,340,3.2,-8.6,1010.3,1027.7,,,-.3
2016-11-09 05:00:00,0,30,27,0.002,0.300,0.024,0.004,1,,49,1.7,360,3.2,-8.5,1010.7,1028.2,,,-.4
2016-11-09 06:00:00,0,31,27,0.002,0.300,0.023,0.003,.5,,51,1.7,290,3.2,-8.4,1011.2,1028.7,,,-.7
2016-11-09 07:00:00,0,37,20,0.002,0.300,0.021,0.004,0,,53,2,320,3.2,-8.4,1011.6,1029.1,0,,-.9
2016-11-09 08:00:00,0.26,34,,0.002,0.300,0.019,0.009,.2,,53,1.8,320,3.3,-8.2,1012.3,1029.8,0,,-.6
2016-11-09 09:00:00,3.948,41,,0.002,0.300,0.025,0.009,2.8,,41,2.3,320,3.1,-9.1,1012.4,1029.7,1,,1.3
2016-11-09 10:00:00,13.256,47,,0.002,0.300,0.029,0.006,5.2,,33,1.6,340,2.9,-9.7,1012,1029.2,1,,7.2
2016-11-09 11:00:00,21.656,45,,0.002,0.300,0.030,0.007,7.8,,20,2,320,2.1,-13.8,1011.4,1028.4,1,,13.5
2016-11-09 12:00:00,27.088,47,,0.002,0.300,0.031,0.009,9.9,,19,1.4,230,2.3,-12.7,1010.5,1027.4,1,,19.5
2016-11-09 13:00:00,30.456,41,,0.002,0.300,0.038,0.005,11.2,,17,.9,180,2.3,-13,1009.8,1026.6,1,,22.4
2016-11-09 14:00:00,31.132,43,,0.002,0.300,0.044,0.003,11.3,,17,1.7,340,2.3,-12.9,1009.4,1026.1,1,,21.7
2016-11-09 15:00:00,26.452,34,,0.002,0.300,0.044,0.004,12.2,,19,1,250,2.7,-10.8,1009.1,1025.8,1,,20.2
2016-11-09 16:00:00,18.216,40,,0.002,0.300,0.045,0.004,11.2,,25,1.7,230,3.3,-8.1,1009,1025.7,1,,14.1
2016-11-09 17:00:00,7.28,37,,0.002,0.300,0.045,0.004,9.5,,35,1,140,4.2,-5.2,1008.9,1025.7,.5,,8.6
2016-11-09 18:00:00,0.148,31,,0.002,0.400,0.033,0.015,7.7,,43,.7,110,4.5,-4.1,1009.7,1026.7,0,,6.1
2016-11-09 19:00:00,0,41,,0.002,0.500,0.019,0.027,5.6,,58,0,0,5.3,-2,1010.1,1027.2,,,5.4
2016-11-09 20:00:00,0,69,,0.002,0.400,0.022,0.016,5,,61,.2,0,5.3,-1.9,1010.1,1027.3,,,4.7
2016-11-09 21:00:00,0,43,,0.002,0.400,0.022,0.013,4.2,,69,0,0,5.7,-.9,1010.1,1027.3,,,4.4
2016-11-09 22:00:00,0,41,,0.002,0.400,0.022,0.012,3.8,,72,.1,0,5.8,-.7,1010.5,1027.7,,,4.6
2016-11-09 23:00:00,0,42,,0.002,0.400,0.025,0.007,3.8,,75,.1,0,6,-.2,1010.3,1027.5,,,4.6
2016-11-10 00:00:00,0,37,,0.002,0.400,0.024,0.007,3.6,,76,.7,270,6,-.2,1010.5,1027.8,,,4.5
2016-11-10 01:00:00,0,35,,0.002,0.400,0.024,0.005,3.8,,76,.3,0,6.1,0,1010.5,1027.7,,,4.7
2016-11-10 02:00:00,0,35,,0.002,0.300,0.024,0.005,3.6,,78,.2,0,6.2,.1,1010.7,1028,,,4.6
2016-11-10 03:00:00,0,30,,0.002,0.300,0.023,0.005,3.5,,79,.5,50,6.2,.1,1009.9,1027.1,,,4.4
2016-11-10 04:00:00,0,34,,0.002,0.300,0.022,0.005,3.5,,77,.3,0,6.1,-.1,1009.1,1026.3,,,4.3
2016-11-10 05:00:00,0,37,,0.002,0.300,0.019,0.006,3.5,,80,.5,340,6.2,.3,1009,1026.2,,,4.4
2016-11-10 06:00:00,0,39,,0.002,0.300,0.020,0.005,3.3,,81,.1,0,6.2,.3,1008.6,1025.8,,,4.1
2016-11-10 07:00:00,0,36,,0.002,0.300,0.016,0.008,3.4,,82,.2,0,6.4,.6,1008.8,1026,0,,4.4
2016-11-10 08:00:00,0.42,33,,0.002,0.300,0.014,0.011,3.7,,80,.9,270,6.3,.5,1008.6,1025.8,0,,4.9
2016-11-10 09:00:00,1.86,43,,0.002,0.400,0.010,0.019,4.8,,72,.7,250,6.2,.1,1007.9,1025.1,0,,7.2
2016-11-10 10:00:00,6.396,44,,0.002,0.400,0.013,0.018,6.2,,61,.3,0,5.8,-.7,1006.9,1023.9,0,,10.6
2016-11-10 11:00:00,15.036,49,,0.002,0.200,0.034,0.005,8.7,,54,.8,230,6.1,-.1,1005.6,1022.4,.5,,15.2
2016-11-10 12:00:00,13.92,,,,,,,12,,50,.7,270,7,1.8,1004.2,1020.8,.5,,16.9
2016-11-10 13:00:00,23.284,33,12,0.002,0.300,0.039,0.004,14.2,,50,2,320,8.1,3.9,1002.8,1019.2,.7,,21.7
2016-11-10 14:00:00,12.176,36,13,0.002,0.300,0.039,0.004,13.9,,47,2,110,7.4,2.7,1001.3,1017.7,.4,,19.6
2016-11-10 15:00:00,17.292,26,16,0.002,0.300,0.039,0.005,13.6,,49,1.7,70,7.6,3,1000.7,1017.1,.1,,16
2016-11-10 16:00:00,6.636,30,22,0.002,0.300,0.038,0.007,13.3,,52,1.2,110,7.9,3.6,1000.7,1017.1,0,,13.5
2016-11-10 17:00:00,1.316,43,20,0.002,0.300,0.035,0.010,12.5,,55,1,110,7.9,3.6,1000.4,1016.9,0,,12
2016-11-10 18:00:00,0,37,18,0.002,0.300,0.032,0.011,11.3,,65,.6,70,8.7,4.9,1000.3,1016.9,0,,10.9
2016-11-10 19:00:00,0,33,24,0.002,0.300,0.029,0.011,10.9,,70,.2,0,9.1,5.6,1000.6,1017.2,,,10.5
2016-11-10 20:00:00,0,30,21,0.002,0.300,0.024,0.013,10.3,,78,1,360,9.7,6.6,1000.8,1017.5,,,10.3
2016-11-10 21:00:00,0,32,24,0.002,0.300,0.022,0.012,10.1,0,80,.5,250,9.8,6.7,1001,1017.7,,,9.9
2016-11-10 22:00:00,0,33,24,0.002,0.300,0.021,0.011,9.9,,81,1.2,360,9.8,6.7,1001.1,1017.8,,,9.8
2016-11-10 23:00:00,0,36,22,0.002,0.300,0.020,0.010,9.2,,84,1.1,360,9.7,6.6,1001.1,1017.8,,,9.4
2016-11-11 00:00:00,0,32,29,0.002,0.300,0.020,0.009,8.6,.1,89,1.4,360,9.9,6.8,1000.7,1017.4,,,9.2
2016-11-11 01:00:00,0,22,,0.002,0.300,0.021,0.008,7.8,,90,.3,0,9.5,6.2,1000.7,1017.5,,,7.5
2016-11-11 02:00:00,0,21,,0.002,0.300,0.023,0.006,7.1,,94,.8,320,9.4,6.1,1000.9,1017.8,,,5.9
2016-11-11 03:00:00,0,32,15,0.002,0.300,0.022,0.005,6.3,.1,93,1.1,290,8.8,5.2,1000.5,1017.4,,,5.2
2016-11-11 04:00:00,0,25,19,0.002,0.300,0.019,0.005,5.5,,92,.5,70,8.2,4.2,1000.5,1017.5,,,4.8
2016-11-11 05:00:00,0,26,16,0.002,0.300,0.017,0.007,5.2,,93,.3,0,8.2,4.1,1000.4,1017.4,,,5.1
2016-11-11 06:00:00,0,24,20,0.002,0.300,0.015,0.007,6,,93,.3,0,8.7,4.9,1000.4,1017.3,,,6.1
2016-11-11 07:00:00,0,23,18,0.002,0.300,0.014,0.007,6.3,,93,1.2,140,8.8,5.2,1001.3,1018.2,,,6.7
2016-11-11 08:00:00,0,23,18,0.002,0.300,0.009,0.016,7.1,,92,.4,0,9.2,5.8,1001.9,1018.8,0,,7.3
2016-11-11 09:00:00,3.188,31,14,0.002,0.300,0.015,0.011,8.6,.3,87,.3,0,9.7,6.5,1002.2,1019,.6,,10.4
2016-11-11 10:00:00,11.052,40,20,0.002,0.300,0.020,0.010,12.3,,55,3.9,320,7.8,3.5,1002.6,1019.1,.5,,11.3
2016-11-11 11:00:00,18.484,43,22,0.004,0.400,0.036,0.006,13,,45,4.3,290,6.7,1.3,1002.8,1019.3,.7,,13.8
2016-11-11 12:00:00,24.596,91,46,0.004,0.400,0.041,0.005,13.9,,38,4.1,290,6,-.2,1002.3,1018.7,1,,18.9
2016-11-11 13:00:00,27.932,118,43,0.004,0.400,0.044,0.005,14.4,,35,5,270,5.8,-.8,1001.6,1018,1,,20.4
2016-11-11 14:00:00,28.22,117,38,0.003,0.400,0.042,0.007,14.9,,34,4.9,250,5.8,-.8,1001.4,1017.8,1,,20.3
2016-11-11 15:00:00,23.816,97,40,0.002,0.400,0.042,0.007,15.4,,32,4,270,5.6,-1.2,1001.7,1018.1,1,,19.4
2016-11-11 16:00:00,17.744,103,38,0.002,0.400,0.044,0.006,14.9,,31,3.8,270,5.2,-2.1,1002.1,1018.5,1,,15.4
2016-11-11 17:00:00,8.884,91,28,0.002,0.300,0.044,0.007,13.4,,38,3.2,270,5.8,-.6,1002.9,1019.4,.5,,11.1
2016-11-11 18:00:00,0.188,72,29,0.002,0.400,0.038,0.013,11.8,,47,2.6,270,6.5,.8,1003.8,1020.4,0,,8.8
2016-11-11 19:00:00,0,75,30,0.003,0.500,0.032,0.019,9.8,,56,2,360,6.8,1.4,1004.8,1021.6,,,7.4
2016-11-11 20:00:00,0,82,31,0.002,0.500,0.030,0.018,8.7,,62,.3,0,7,1.8,1005.8,1022.6,,,6.3
2016-11-11 21:00:00,0,81,36,0.002,0.400,0.034,0.012,7.2,,70,.6,90,7.1,2,1006.4,1023.3,,,5.3
2016-11-11 22:00:00,0,81,40,0.002,0.400,0.033,0.009,6.2,,76,.1,0,7.2,2.2,1007,1024,,,4.5
2016-11-11 23:00:00,0,72,36,0.002,0.400,0.031,0.006,5.1,,83,0,0,7.3,2.4,1007.4,1024.5,,,3.7
2016-11-12 00:00:00,0,74,33,0.002,0.400,0.026,0.006,4.1,,87,.7,340,7.1,2.1,1007.9,1025.1,,,3.2
2016-11-12 01:00:00,0,64,29,0.002,0.400,0.026,0.005,3.4,,90,.4,0,7,1.9,1008.2,1025.4,,,2.5
2016-11-12 02:00:00,0,60,32,0.002,0.400,0.025,0.004,3,,91,.3,0,6.9,1.6,1008.3,1025.6,,,2.1
2016-11-12 03:00:00,0,59,33,0.002,0.400,0.023,0.004,2.4,,93,.2,0,6.7,1.3,1007.8,1025.1,,,1.7
2016-11-12 04:00:00,0,56,26,0.002,0.400,0.020,0.004,1.9,,93,.3,0,6.5,.8,1007.5,1024.8,,,1.3
2016-11-12 05:00:00,0,53,26,0.002,0.400,0.018,0.004,1.4,,94,.2,0,6.3,.5,1008,1025.4,,,.8
2016-11-12 06:00:00,0,49,25,0.002,0.400,0.017,0.004,1,,94,.2,0,6.2,.1,1008.2,1025.6,,,.7
2016-11-12 07:00:00,0,48,24,0.002,0.400,0.013,0.005,.7,,94,.1,0,6.1,-.1,1008.6,1026,,,.6
2016-11-12 08:00:00,0.564,44,21,0.002,0.400,0.010,0.012,1,,95,.2,0,6.2,.2,1008.9,1026.3,0,,3.4
2016-11-12 09:00:00,4.016,54,26,0.002,0.400,0.012,0.013,2.3,,95,.1,0,6.8,1.5,1009.4,1026.7,.1,,5.6
2016-11-12 10:00:00,10.62,63,26,0.002,0.400,0.019,0.010,5.7,,77,.7,290,7,1.9,1008.9,1026,1,,10.7
2016-11-12 11:00:00,18.62,69,27,0.003,0.300,0.022,0.013,8.9,,59,.6,340,6.7,1.3,1008.4,1025.3,1,,14.1
2016-11-12 12:00:00,21.2,68,27,0.005,0.400,0.028,0.013,12.3,,48,1.7,290,6.8,1.5,1007,1023.6,.8,,17.6
2016-11-12 13:00:00,30.028,80,31,0.011,0.500,0.035,0.023,15.4,,43,1.5,290,7.5,2.8,1005.1,1021.5,1,,23.8
2016-11-12 14:00:00,22.992,90,37,0.011,0.500,0.042,0.021,17.1,,41,2.9,90,8,3.7,1004.1,1020.3,1,,22.8
2016-11-12 15:00:00,24.104,73,34,0.015,0.600,0.051,0.022,17.6,,39,2.2,70,7.8,3.4,1004.6,1020.8,1,,22.3
2016-11-12 16:00:00,17.568,70,39,0.014,0.600,0.053,0.021,17.9,,44,.6,230,9,5.4,1005.2,1021.4,.9,,18
2016-11-12 17:00:00,5.74,92,38,0.004,0.400,0.053,0.008,13.9,,57,.7,140,9,5.5,1005.5,1022,.3,,12.3
2016-11-12 18:00:00,0.26,79,25,0.005,0.400,0.049,0.011,11.8,,66,.3,0,9.1,5.6,1005.6,1022.2,0,,9.5
2016-11-12 19:00:00,0,81,35,0.004,0.500,0.038,0.016,10.1,,76,.6,70,9.3,6,1006.2,1023,,,8.7
2016-11-12 20:00:00,0,76,28,0.004,0.500,0.030,0.020,9.2,,80,0,0,9.3,5.9,1006.5,1023.3,,,8.2
2016-11-12 21:00:00,0,77,37,0.003,0.500,0.025,0.016,8,,85,.3,0,9.1,5.6,1006.6,1023.5,,,6.6
2016-11-12 22:00:00,0,69,35,0.002,0.500,0.024,0.012,7,,89,.5,70,8.9,5.3,1007.2,1024.2,,,5.8
2016-11-12 23:00:00,0,58,39,0.002,0.500,0.023,0.011,6.1,,90,.5,340,8.4,4.5,1007,1024,,,5.1
2016-11-13 00:00:00,0,71,40,0.002,0.500,0.022,0.009,5.5,,92,.7,110,8.2,4.2,1007.2,1024.3,,,4.6
2016-11-13 01:00:00,0,66,40,0.002,0.500,0.020,0.008,5.1,,93,.5,360,8.1,4,1007.2,1024.3,,,4
2016-11-13 02:00:00,0,69,36,0.002,0.500,0.017,0.007,4.7,,93,.5,50,7.9,3.6,1007.1,1024.3,,,3.7
2016-11-13 03:00:00,0,59,36,0.002,0.500,0.016,0.007,4.1,,94,.2,0,7.7,3.2,1007.2,1024.4,,,3.2
2016-11-13 04:00:00,0,57,35,0.002,0.400,0.016,0.006,3.8,,94,.3,0,7.5,2.9,1007.2,1024.4,,,2.8
2016-11-13 05:00:00,0,55,31,0.002,0.400,0.014,0.006,3.4,,94,.2,0,7.3,2.5,1007.4,1024.6,,,2.6
2016-11-13 06:00:00,0,54,31,0.002,0.400,0.013,0.005,3.2,,94,.3,0,7.2,2.3,1007.7,1024.9,,,2.5
2016-11-13 07:00:00,0,56,27,0.002,0.400,0.011,0.005,2.8,,95,.3,0,7.1,2,1008.1,1025.4,,,2.3
2016-11-13 08:00:00,0.148,57,31,0.002,0.500,0.008,0.009,3.4,,95,.3,0,7.4,2.6,1008.5,1025.7,0,,4.6
2016-11-13 09:00:00,3.256,57,35,0.002,0.500,0.007,0.012,5.5,,92,.8,230,8.2,4.2,1008.9,1026,.3,,8.4
2016-11-13 10:00:00,5.728,62,39,0.002,0.400,0.013,0.012,7.6,,83,.5,250,8.6,4.8,1008.7,1025.7,.2,,12
2016-11-13 11:00:00,7.152,66,41,0.002,0.500,0.013,0.015,10.1,,73,.3,0,9,5.4,1008.1,1024.9,.2,,15.3
2016-11-13 12:00:00,10.308,85,43,0.003,0.500,0.017,0.018,11.9,,67,.2,0,9.3,5.9,1007.1,1023.8,0,,14.1
2016-11-13 13:00:00,5.684,98,40,0.005,0.500,0.035,0.010,13.1,,63,.6,270,9.5,6.2,1005.8,1022.3,0,,15.3
2016-11-13 14:00:00,3.636,57,38,0.008,0.500,0.044,0.009,14.3,,61,.3,0,9.9,6.8,1004.7,1021.1,0,,16.6
2016-11-13 15:00:00,4.44,77,33,0.011,0.500,0.045,0.011,15.3,,62,1.2,250,10.7,8,1004.6,1021,.1,,16.9
2016-11-13 16:00:00,4.108,75,29,0.007,0.400,0.047,0.007,16.2,,63,.5,290,11.6,9.1,1004.6,1020.9,.1,,16.3
2016-11-13 17:00:00,0.972,61,25,0.006,0.500,0.035,0.018,15,,69,.9,250,11.7,9.3,1005,1021.5,0,,13.1
2016-11-13 18:00:00,0,68,32,0.005,0.500,0.024,0.024,13,,79,.2,0,11.8,9.4,1004.8,1021.3,0,,10.9
2016-11-13 19:00:00,0,76,38,0.004,0.600,0.016,0.027,12.3,,83,.8,250,11.8,9.4,1005.1,1021.7,,,10.6
2016-11-13 20:00:00,0,78,49,0.003,0.500,0.026,0.015,11.3,,87,.2,0,11.6,9.2,1005.6,1022.3,,,10.6
2016-11-13 21:00:00,0,70,42,0.003,0.500,0.022,0.015,12,,85,1,110,11.9,9.5,1005.3,1021.9,,,11.2
2016-11-13 22:00:00,0,73,45,0.002,0.500,0.020,0.013,11.9,,84,.5,20,11.6,9.2,1004.8,1021.4,,,11.3
2016-11-13 23:00:00,0,62,40,0.002,0.500,0.022,0.010,15,,76,1.7,360,12.9,10.7,1003.8,1020.2,,,12
2016-11-14 00:00:00,0,60,38,0.002,0.500,0.019,0.009,15.4,0,79,4.6,70,13.7,11.7,1003.3,1019.7,,,12.9
2016-11-14 01:00:00,0,44,36,0.002,0.400,0.025,0.005,14.4,,88,1.7,20,14.4,12.4,1002.8,1019.2,,,12.8
2016-11-14 02:00:00,0,44,26,0.003,0.400,0.026,0.006,13.9,,91,1.4,110,14.4,12.4,1003.2,1019.6,,,12.6
2016-11-14 03:00:00,0,37,25,0.004,0.500,0.025,0.009,12.9,.6,93,.6,70,13.7,11.7,1002.4,1018.9,,,10.8
2016-11-14 04:00:00,0,38,29,0.004,0.600,0.019,0.010,12.6,,94,.8,110,13.7,11.6,1002.2,1018.7,,,10.6
2016-11-14 05:00:00,0,37,32,0.004,0.600,0.017,0.010,12.1,,95,.1,0,13.4,11.3,1001.9,1018.5,,,9.9
2016-11-14 06:00:00,0,37,29,0.004,0.700,0.015,0.012,13.1,,95,1.1,50,14.3,12.3,1002.1,1018.6,,,11.2
2016-11-14 07:00:00,0,43,29,0.003,0.700,0.014,0.012,11.6,,95,.1,0,12.9,10.8,1002,1018.6,,,11.2
2016-11-14 08:00:00,0,37,24,0.003,0.700,0.009,0.017,11.9,,94,.4,0,13,10.9,1002.3,1018.9,0,,11.8
2016-11-14 09:00:00,0.576,36,24,0.003,0.700,0.011,0.015,12.9,.1,93,.2,0,13.7,11.7,1001.6,1018.1,0,,13
2016-11-14 10:00:00,1.856,32,22,0.003,0.600,0.013,0.015,14.1,,90,1,290,14.4,12.4,1001.3,1017.7,0,,14.8
2016-11-14 11:00:00,1.132,30,23,0.003,0.500,0.014,0.016,16.6,,79,.5,340,14.9,12.9,1000.3,1016.5,0,,17.3
2016-11-14 12:00:00,1.128,28,13,0.003,0.400,0.015,0.015,16,0,80,2.2,70,14.5,12.5,998.8,1015.1,0,,16.1
2016-11-14 13:00:00,1.676,25,14,0.003,0.400,0.016,0.015,16,,83,1.5,90,15.1,13.1,999.1,1015.4,0,,15.9
2016-11-14 14:00:00,3.156,24,20,0.003,0.400,0.017,0.014,15.5,,90,1,110,15.8,13.8,998.7,1015,0,,16.5
2016-11-14 15:00:00,3.588,18,16,0.003,0.300,0.023,0.011,15.4,2.1,93,.8,290,16.2,14.2,998.6,1014.9,0,,17.1
2016-11-14 16:00:00,1.892,18,12,0.003,0.300,0.023,0.011,15.6,,92,.9,320,16.2,14.2,998.4,1014.7,0,,16.7
2016-11-14 17:00:00,0.536,28,20,0.003,0.300,0.022,0.011,15.4,,92,.4,0,16.1,14.1,998.1,1014.4,0,,15.6
2016-11-14 18:00:00,0,29,25,0.002,0.300,0.020,0.011,14.9,0,94,.8,360,15.9,13.9,997.4,1013.7,0,,14.5
2016-11-14 19:00:00,0,35,21,0.002,0.400,0.015,0.014,14.5,,94,0,0,15.5,13.5,997.7,1014,,,14.3
2016-11-14 20:00:00,0,36,22,0.002,0.400,0.014,0.011,14.4,,94,.8,250,15.4,13.4,997.9,1014.2,,,13.7
2016-11-14 21:00:00,0,29,26,0.002,0.300,0.017,0.008,13.5,,95,.6,70,14.7,12.7,998.7,1015.1,,,13.2
2016-11-14 22:00:00,0,26,12,0.002,0.300,0.017,0.006,13.6,,95,.8,340,14.8,12.8,998.8,1015.2,,,13.3
2016-11-14 23:00:00,0,31,14,0.002,0.300,0.016,0.007,13.5,,95,.1,0,14.7,12.7,998.4,1014.8,,,11.8
2016-11-15 00:00:00,0,26,17,0.002,0.300,0.012,0.007,13,,95,1.6,230,14.2,12.2,998.5,1014.9,,,11.3
2016-11-15 01:00:00,0,22,21,0.002,0.300,0.010,0.006,13.5,,92,.5,250,14.2,12.2,998.2,1014.6,,,11.5
2016-11-15 02:00:00,0,22,18,0.002,0.300,0.010,0.006,14.6,,86,1.5,340,14.2,12.2,997.8,1014.1,,,12.1
2016-11-15 03:00:00,0,24,14,0.002,0.300,0.019,0.005,16.2,,71,3.4,320,13,10.9,998.1,1014.3,,,12.7
2016-11-15 04:00:00,0,30,18,0.002,0.300,0.032,0.004,15.6,,62,4.9,270,10.9,8.3,998.2,1014.5,,,11.5
2016-11-15 05:00:00,0,17,,0.002,0.300,0.037,0.004,14.9,,59,4.2,290,9.9,6.9,998.9,1015.3,,,10.7
2016-11-15 06:00:00,0,41,29,0.003,0.400,0.041,0.004,14.2,,50,3,320,8.1,3.9,999.4,1015.7,,,9.5
2016-11-15 07:00:00,0,68,41,0.003,0.400,0.042,0.005,13.3,,38,2.4,340,5.8,-.7,1000.2,1016.6,,,8.2
2016-11-15 08:00:00,0.212,88,53,0.003,0.400,0.042,0.005,12.2,,39,3.7,340,5.6,-1.3,1001.2,1017.7,0,,8.2
2016-11-15 09:00:00,3.396,93,37,0.003,0.400,0.034,0.011,12.4,,27,3.4,340,3.9,-6.1,1002.1,1018.6,.6,,9.1
2016-11-15 10:00:00,10.332,83,29,0.003,0.400,0.033,0.010,11.3,,31,3.4,360,4.2,-5.2,1002.5,1019.1,.5,,9.1
2016-11-15 11:00:00,16.836,76,27,0.003,0.400,0.034,0.008,14.1,,20,2.7,340,3.2,-8.5,1002.2,1018.6,1,,16.6
2016-11-15 12:00:00,22.628,71,26,0.003,0.400,0.035,0.007,15.6,,15,2.6,320,2.6,-11,1001.6,1017.9,1,,18.8
2016-11-15 13:00:00,24.444,68,33,0.003,0.400,0.038,0.006,16.6,,11,2.4,320,2.1,-14,1001,1017.2,1,,23.3
2016-11-15 14:00:00,28.496,59,27,0.003,0.400,0.038,0.007,18.1,,11,3.1,290,2.3,-12.8,1000.8,1016.9,1,,23.1
2016-11-15 15:00:00,25.46,45,23,0.003,0.300,0.039,0.007,17.7,,10,3.7,270,2,-14.3,1001.1,1017.2,1,,21
2016-11-15 16:00:00,19.456,39,16,0.003,0.300,0.036,0.007,17.3,,11,3.3,290,2.2,-13.5,1001.6,1017.8,1,,16.7
2016-11-15 17:00:00,10.036,38,21,0.003,0.300,0.032,0.009,14,,24,2.9,360,3.8,-6.2,1002.5,1018.9,.4,,10.5
2016-11-15 18:00:00,0.06,42,11,0.003,0.400,0.028,0.012,12.1,,30,.9,340,4.2,-4.9,1003,1019.6,0,,8.1
2016-11-15 19:00:00,0,44,16,0.003,0.400,0.025,0.013,9.5,,39,1.7,230,4.6,-3.7,1003.6,1020.3,,,6.4
2016-11-15 20:00:00,0,48,17,0.003,0.400,0.024,0.013,7.6,,50,1.5,230,5.2,-2.1,1004.4,1021.3,,,5.3
2016-11-15 21:00:00,0,34,18,0.003,0.400,0.024,0.011,6.3,,56,.7,250,5.4,-1.8,1004.9,1021.9,,,4.2
2016-11-15 22:00:00,0,27,15,0.003,0.400,0.023,0.010,4.8,,63,.2,0,5.4,-1.6,1005.4,1022.5,,,3.4
2016-11-15 23:00:00,0,38,18,0.003,0.300,0.021,0.010,3.6,,75,.7,340,5.9,-.4,1005.8,1023,,,2.7
2016-11-16 00:00:00,0,33,15,0.003,0.300,0.021,0.009,3,,75,0,0,5.7,-1,1006.3,1023.5,,,1.9
2016-11-16 01:00:00,0,36,16,0.002,0.300,0.021,0.007,2.1,,79,.3,0,5.6,-1.1,1006.7,1024,,,1.3
2016-11-16 02:00:00,0,38,17,0.002,0.300,0.019,0.007,1.1,,84,.4,0,5.6,-1.3,1006.6,1024,,,.9
2016-11-16 03:00:00,0,38,18,0.002,0.300,0.018,0.006,.7,,86,.6,340,5.6,-1.3,1006.7,1024.1,,,.5
2016-11-16 04:00:00,0,36,16,0.002,0.300,0.017,0.006,.3,,87,.1,0,5.4,-1.6,1006.9,1024.3,,,.1
2016-11-16 05:00:00,0,35,16,0.002,0.300,0.015,0.006,-.5,,89,.4,0,5.3,-2,1006.7,1024.2,,,-.2
2016-11-16 06:00:00,0,34,15,0.002,0.300,0.014,0.006,-1.1,,91,.2,0,5.2,-2.3,1006.9,1024.4,,,-.5
2016-11-16 07:00:00,0,29,15,0.002,0.300,0.011,0.007,-1,,90,.4,0,5.1,-2.4,1007,1024.5,,,-.8
2016-11-16 08:00:00,0.144,33,19,0.002,0.300,0.009,0.010,-1,,90,.4,0,5.1,-2.4,1007.3,1024.8,0,,-.4
2016-11-16 09:00:00,3.384,39,22,0.002,0.400,0.011,0.010,2,,77,.4,0,5.4,-1.6,1007.1,1024.4,.7,,1.3
2016-11-16 10:00:00,11.896,47,26,0.003,0.300,0.016,0.009,5.9,,54,.9,320,5,-2.7,1006.9,1024,1,,10.1
2016-11-16 11:00:00,20.064,43,24,0.003,0.300,0.021,0.008,8.8,,39,1,290,4.4,-4.4,1006.6,1023.4,1,,14.9
2016-11-16 12:00:00,24.144,46,24,0.003,0.300,0.027,0.009,12.2,,27,.5,200,3.8,-6.2,1005.9,1022.5,1,,18.6
2016-11-16 13:00:00,26.612,39,20,0.003,0.300,0.033,0.008,12.9,,21,.3,0,3.1,-8.9,1005.1,1021.6,.1,,15.4
2016-11-16 14:00:00,27.928,43,27,0.003,0.300,0.034,0.012,14,,17,.3,0,2.7,-10.7,1004.3,1020.7,.2,,16.2
2016-11-16 15:00:00,26.068,42,18,0.003,0.300,0.036,0.012,14.3,,17,.8,160,2.8,-10.4,1004.1,1020.5,.8,,16.4
2016-11-16 16:00:00,10.764,38,18,0.014,0.900,0.026,0.026,15.7,,17,.8,110,3,-9.3,1003.8,1020.2,.9,,16.9
2016-11-16 17:00:00,8.276,45,18,0.016,1.100,0.016,0.035,13.4,,27,1.6,140,4.2,-5.2,1004.3,1020.8,.3,,11
2016-11-16 18:00:00,0.06,63,24,0.004,0.500,0.016,0.028,10.2,,41,.5,230,5.1,-2.4,1004.7,1021.5,0,,7.8
2016-11-16 19:00:00,0,38,21,0.006,0.900,0.007,0.034,8,,55,.2,0,5.9,-.5,1005.5,1022.4,,,6.2
2016-11-16 20:00:00,0,41,21,0.004,0.600,0.016,0.019,6.8,,61,.3,0,6,-.2,1005.8,1022.8,,,4.8
2016-11-16 21:00:00,0,30,15,0.003,0.600,0.013,0.018,5.8,,66,0,0,6.1,0,1005.9,1023,,,3.9
2016-11-16 22:00:00,0,42,31,0.003,0.600,0.012,0.017,4.9,,70,.1,0,6.1,-.1,1006.5,1023.6,,,3.3
2016-11-16 23:00:00,0,33,32,0.003,0.500,0.015,0.013,4.3,,73,.5,360,6.1,-.1,1006.7,1023.8,,,2.8
2016-11-17 00:00:00,0,31,17,0.003,0.500,0.015,0.011,4,,75,.2,0,6.1,0,1006.5,1023.7,,,3.7
2016-11-17 01:00:00,0,34,23,0.003,0.500,0.013,0.010,3.8,,76,.5,230,6.1,0,1006.7,1023.9,,,2.9
2016-11-17 02:00:00,0,30,21,0.003,0.500,0.013,0.009,3.8,,77,.1,0,6.2,.1,1007.1,1024.3,,,4
2016-11-17 03:00:00,0,31,16,0.002,0.400,0.015,0.008,4.5,,73,.7,270,6.1,0,1007.2,1024.3,,,4.5
2016-11-17 04:00:00,0,34,28,0.003,0.400,0.014,0.007,4.5,,76,.3,0,6.4,.6,1007.1,1024.2,,,4.3
2016-11-17 05:00:00,0,28,19,0.002,0.500,0.012,0.006,4.6,,75,.2,0,6.3,.5,1007.3,1024.4,,,4.8
2016-11-17 06:00:00,0,31,25,0.002,0.400,0.012,0.009,5,,74,.3,0,6.4,.7,1007.3,1024.4,,,5.1
2016-11-17 07:00:00,0,40,30,0.002,0.400,0.011,0.011,5.3,,72,.4,0,6.4,.6,1007.6,1024.7,,,5.3
2016-11-17 08:00:00,0.124,53,30,0.003,0.400,0.008,0.015,5.8,,71,.3,0,6.5,.9,1008,1025.1,0,,5.7
2016-11-17 09:00:00,1.024,55,37,0.003,0.500,0.004,0.025,7.5,,64,.4,0,6.6,1.1,1008.5,1025.5,.3,,8.3
2016-11-17 10:00:00,5.232,76,38,0.003,0.600,0.008,0.021,9.2,,57,.3,0,6.6,1.1,1008.4,1025.2,.7,,9.8
2016-11-17 11:00:00,15.836,77,41,0.004,0.500,0.023,0.021,13.3,,43,1.2,200,6.5,.9,1007.8,1024.4,1,,16.4
2016-11-17 12:00:00,22.64,108,53,0.005,0.500,0.036,0.013,15.3,,34,.8,180,5.9,-.4,1007.1,1023.6,1,,21.7
2016-11-17 13:00:00,25.676,102,55,0.005,0.500,0.044,0.010,17.2,,32,.8,340,6.2,.3,1006.1,1022.4,1,,24.3
2016-11-17 14:00:00,25.388,106,59,0.005,0.500,0.048,0.009,17.6,,29,1.4,70,5.8,-.6,1005.4,1021.6,1,,21.9
2016-11-17 15:00:00,21.356,102,56,0.004,0.500,0.049,0.010,17.2,,33,2.3,90,6.4,.7,1005.3,1021.6,1,,20.4
2016-11-17 16:00:00,14.268,95,55,0.004,0.500,0.051,0.010,16.3,,36,2.9,70,6.6,1.1,1005.6,1021.9,1,,15.9
2016-11-17 17:00:00,5.316,98,53,0.004,0.500,0.040,0.020,14.9,,41,2.9,90,6.9,1.7,1006.3,1022.8,.3,,11.8
2016-11-17 18:00:00,0.08,112,50,0.004,0.600,0.025,0.028,13.6,,42,2.7,70,6.5,.9,1007,1023.5,0,,9.7
2016-11-17 19:00:00,0,107,51,0.003,0.700,0.017,0.029,11.7,,47,.7,70,6.4,.7,1007.5,1024.2,,,8
2016-11-17 20:00:00,0,103,61,0.003,0.700,0.014,0.028,9.1,,61,.3,0,7,1.9,1007.8,1024.6,,,6.7
2016-11-17 21:00:00,0,106,68,0.003,0.800,0.010,0.032,7.7,,68,0,0,7.1,2.1,1008,1024.9,,,5.7
2016-11-17 22:00:00,0,106,73,0.002,0.800,0.007,0.030,6.2,,78,.3,0,7.4,2.6,1008.3,1025.4,,,5
2016-11-17 23:00:00,0,118,76,0.002,0.700,0.016,0.017,5.7,,79,.3,0,7.2,2.3,1008.4,1025.5,,,4.5
2016-11-18 00:00:00,0,98,75,0.002,0.600,0.019,0.011,5.2,,83,.1,0,7.3,2.5,1008.2,1025.3,,,3.9
2016-11-18 01:00:00,0,93,67,0.002,0.600,0.021,0.009,4.5,,86,.2,0,7.2,2.3,1008,1025.1,,,3.4
2016-11-18 02:00:00,0,94,65,0.002,0.600,0.023,0.008,3.9,,88,.6,70,7.1,2,1007.8,1025,,,3
2016-11-18 03:00:00,0,83,51,0.002,0.600,0.017,0.010,3.3,,90,0,0,7,1.8,1007.6,1024.8,,,2.5
2016-11-18 04:00:00,0,81,57,0.002,0.500,0.019,0.007,3.2,,90,.2,0,6.9,1.7,1007.1,1024.3,,,2.8
2016-11-18 05:00:00,0,77,51,0.002,0.500,0.019,0.007,3.2,,92,.5,340,7.1,2,1006.8,1024,,,3.8
2016-11-18 06:00:00,0,74,50,0.003,0.500,0.017,0.007,2.6,,92,.2,0,6.8,1.4,1007,1024.3,,,2.4
2016-11-18 07:00:00,0,66,45,0.002,0.500,0.016,0.007,2.9,,92,.2,0,6.9,1.7,1007.1,1024.3,,,3.3
2016-11-18 08:00:00,0.272,67,43,0.002,0.500,0.011,0.012,3,,91,.3,0,6.9,1.6,1007,1024.2,0,,3.4
2016-11-18 09:00:00,2.796,68,49,0.003,0.600,0.010,0.016,4.6,,83,0,0,7,1.9,1006.7,1023.8,.7,,5.9
2016-11-18 10:00:00,7.236,89,54,0.003,0.600,0.017,0.014,7.8,,72,.7,250,7.6,3,1006.1,1023,1,,11.5
2016-11-18 11:00:00,12.3,85,52,0.003,0.500,0.025,0.015,10.5,,65,.4,0,8.2,4.1,1004.8,1021.5,.6,,13.6
2016-11-18 12:00:00,8.064,82,48,0.003,0.500,0.031,0.013,12.6,,53,.5,340,7.7,3.2,1003.3,1019.8,.3,,16.2
2016-11-18 13:00:00,12.38,88,49,0.003,0.500,0.035,0.010,13.7,,54,.9,290,8.4,4.5,1002.2,1018.6,.1,,17.5
2016-11-18 14:00:00,5.188,106,55,0.005,0.400,0.042,0.010,14.2,,61,1.2,320,9.8,6.7,1001,1017.4,0,,14.2
2016-11-18 15:00:00,1.492,84,44,0.005,0.500,0.034,0.018,14.7,0,67,.8,180,11.2,8.6,1001,1017.4,0,,13.3
2016-11-18 16:00:00,0.476,86,49,0.004,0.500,0.022,0.026,13.5,,77,.9,250,11.9,9.5,1000.8,1017.2,0,,12.5
2016-11-18 17:00:00,0,81,49,0.004,0.500,0.023,0.022,12.5,,87,.3,0,12.5,10.3,1000.7,1017.2,0,,11.8
2016-11-18 18:00:00,0,65,48,0.003,0.500,0.016,0.025,11.8,1.1,93,.9,140,12.8,10.6,1000.3,1016.9,0,,11.4
2016-11-18 19:00:00,0,67,51,0.003,0.500,0.021,0.019,11.4,,94,1.1,110,12.6,10.4,1000,1016.6,,,11.2
2016-11-18 20:00:00,0,56,40,0.003,0.400,0.034,0.011,11.2,,94,.2,0,12.4,10.2,999.6,1016.2,,,11.1
2016-11-18 21:00:00,0,47,32,0.003,0.400,0.033,0.011,11.1,3.4,95,.3,0,12.5,10.3,999,1015.6,,,11.1
2016-11-18 22:00:00,0,44,36,0.003,0.400,0.032,0.012,11.2,,95,.9,140,12.6,10.4,998.4,1015,,,11
2016-11-18 23:00:00,0,40,30,0.002,0.400,0.031,0.010,11.1,,95,.6,250,12.5,10.3,998.1,1014.7,,,11
2016-11-19 00:00:00,0,42,34,0.002,0.400,0.029,0.009,11.1,3.6,95,.3,0,12.5,10.3,997.4,1014,,,10.9
2016-11-19 01:00:00,0,37,32,0.002,0.400,0.030,0.006,10.9,,95,.1,0,12.4,10.1,996.7,1013.3,,,10.8
2016-11-19 02:00:00,0,33,25,0.002,0.400,0.029,0.005,10.9,,96,.1,0,12.4,10.2,996.5,1013.1,,,10.7
2016-11-19 03:00:00,0,36,27,0.002,0.400,0.026,0.005,10.8,.5,96,.2,0,12.4,10.1,996.3,1012.9,,,10.7
2016-11-19 04:00:00,0,36,29,0.002,0.400,0.023,0.005,10.9,,96,0,0,12.4,10.2,996.1,1012.7,,,10.8
2016-11-19 05:00:00,0,29,26,0.002,0.400,0.023,0.005,11,,96,.2,0,12.5,10.3,996.3,1012.9,,,10.9
2016-11-19 06:00:00,0,34,25,0.002,0.500,0.020,0.005,11,0,95,.1,0,12.4,10.2,996.3,1012.9,,,11
2016-11-19 07:00:00,0,27,,0.002,0.500,0.016,0.009,11,,96,.1,0,12.5,10.3,996.7,1013.3,,,11
2016-11-19 08:00:00,0,43,37,0.002,0.500,0.014,0.010,11.2,,95,.5,230,12.6,10.4,997.1,1013.6,0,,11.5
2016-11-19 09:00:00,0.14,39,34,0.002,0.500,0.010,0.019,12,.5,95,.6,250,13.3,11.2,997.4,1013.9,0,,14.2
2016-11-19 10:00:00,1.012,41,35,0.002,0.500,0.011,0.019,13.3,,84,.2,0,12.8,10.6,997.7,1014.1,.2,,16.2
2016-11-19 11:00:00,1.044,46,35,0.002,0.400,0.016,0.016,14.1,,82,.8,140,13.1,11,997.8,1014.1,.1,,18.2
2016-11-19 12:00:00,3.116,44,35,0.002,0.500,0.017,0.015,14.8,,83,.6,70,13.9,11.9,997.4,1013.8,.2,,16.9
2016-11-19 13:00:00,11.884,42,34,0.002,0.400,0.024,0.006,15.1,,81,1.3,320,13.8,11.8,996.6,1012.9,.1,,18.1
2016-11-19 14:00:00,21.664,30,18,0.003,0.500,0.026,0.010,17.5,,78,2,340,15.6,13.6,995.9,1012,.1,,20
2016-11-19 15:00:00,10.888,34,32,0.003,0.500,0.026,0.010,19,,72,3.4,360,15.8,13.8,995.6,1011.5,.7,,21.8
2016-11-19 16:00:00,3.252,23,15,0.003,0.500,0.024,0.015,17.9,,74,3.7,340,15.1,13.1,996.2,1012.2,.7,,18.1
2016-11-19 17:00:00,0.692,32,20,0.003,0.500,0.018,0.020,17.5,,74,3.6,360,14.8,12.8,997.2,1013.3,0,,16.2
2016-11-19 18:00:00,0,30,20,0.003,0.600,0.011,0.024,17.1,,73,2.4,340,14.2,12.2,997.7,1013.8,0,,15
2016-11-19 19:00:00,0,39,14,0.003,0.600,0.009,0.024,16.8,,76,1.5,20,14.5,12.5,998.6,1014.8,,,14.8
2016-11-19 20:00:00,0,37,25,0.002,0.500,0.024,0.011,16.6,,76,2,20,14.3,12.3,998.9,1015.1,,,14.4
2016-11-19 21:00:00,0,21,8,0.002,0.500,0.021,0.011,16.5,,75,1.9,360,14,12,999.4,1015.6,,,14.3
2016-11-19 22:00:00,0,18,14,0.002,0.400,0.025,0.007,16.1,,77,.7,340,14,12,1000,1016.3,,,14
2016-11-19 23:00:00,0,17,13,0.002,0.400,0.021,0.008,15.9,,77,1.3,270,13.8,11.8,1000.4,1016.7,,,13.5
2016-11-20 00:00:00,0,18,14,0.002,0.400,0.025,0.005,16,,74,1.3,270,13.4,11.3,1001,1017.3,,,13.8
2016-11-20 01:00:00,0,16,10,0.002,0.400,0.032,0.004,15.5,,78,1.9,50,13.7,11.6,1000.8,1017.1,,,13.6
2016-11-20 02:00:00,0,15,8,0.002,0.400,0.031,0.003,15.4,,78,1.3,320,13.6,11.5,1001.2,1017.6,,,13.5
2016-11-20 03:00:00,0,18,10,0.002,0.400,0.025,0.004,15.4,,76,1.5,360,13.2,11.1,1001.5,1017.9,,,13.3
2016-11-20 04:00:00,0,21,12,0.002,0.400,0.023,0.003,15.3,,74,2.2,340,12.8,10.6,1001.7,1018.1,,,13.1
2016-11-20 05:00:00,0,24,11,0.002,0.400,0.036,0.003,14.9,,75,1.5,360,12.7,10.5,1002.1,1018.5,,,12.9
2016-11-20 06:00:00,0,18,13,0.002,0.400,0.033,0.004,14.9,,71,2.2,340,11.9,9.6,1002.4,1018.8,,,12.7
2016-11-20 07:00:00,0,21,13,0.002,0.400,0.033,0.004,13.7,,75,1.8,50,11.7,9.3,1002.7,1019.1,,,11.1
2016-11-20 08:00:00,0.12,27,14,0.002,0.400,0.029,0.006,12.9,,81,.5,320,12,9.7,1003,1019.5,0,,10.5
2016-11-20 09:00:00,1.576,34,21,0.002,0.400,0.025,0.009,14.1,,76,1.5,270,12.2,9.9,1003.5,1019.9,.6,,12.5
2016-11-20 10:00:00,3.236,41,28,0.002,0.400,0.025,0.007,16.1,,56,2.9,340,10.2,7.3,1004.1,1020.4,1,,16.1
2016-11-20 11:00:00,8.456,38,32,0.002,0.400,0.026,0.007,16.9,,53,2.2,360,10.2,7.2,1004.1,1020.4,1,,17.9
2016-11-20 12:00:00,13.792,31,28,0.006,0.500,0.030,0.008,17.9,,36,1.5,320,7.3,2.5,1003.5,1019.7,1,,20.6
2016-11-20 13:00:00,19.884,33,27,0.021,0.900,0.025,0.021,18.7,,22,1.9,340,4.8,-3.4,1003,1019.1,1,,21.8
2016-11-20 14:00:00,23.88,46,27,0.021,1.000,0.027,0.024,20.4,,19,2,290,4.5,-4,1003,1019.1,1,,21.6
2016-11-20 15:00:00,21.016,40,26,0.012,0.600,0.033,0.016,20.6,,22,.7,200,5.4,-1.8,1002.6,1018.6,1,,20.8
2016-11-20 16:00:00,13.684,30,19,0.009,0.700,0.039,0.011,18.7,,36,1.1,290,7.7,3.3,1002.7,1018.8,1,,17
2016-11-20 17:00:00,5.356,24,23,0.004,0.500,0.033,0.011,16.3,,47,1.1,180,8.7,4.9,1002.9,1019.2,.2,,13.2
2016-11-20 18:00:00,0.052,28,18,0.003,0.400,0.027,0.011,13.8,,54,.7,340,8.5,4.6,1003.6,1020,0,,11
2016-11-20 19:00:00,0,37,25,0.003,0.500,0.014,0.021,12.4,,65,.6,340,9.3,5.9,1004.2,1020.8,,,9.8
2016-11-20 20:00:00,0,50,29,0.002,0.500,0.014,0.016,10.4,,71,.5,230,8.9,5.3,1003.9,1020.6,,,8.7
2016-11-20 21:00:00,0,38,33,0.002,0.500,0.012,0.016,9.4,,77,.1,0,9,5.5,1004.4,1021.1,,,8
2016-11-20 22:00:00,0,40,29,0.002,0.500,0.008,0.018,8.6,,83,0,0,9.2,5.8,1004.6,1021.4,,,7.6
2016-11-20 23:00:00,0,36,34,0.002,0.500,0.010,0.014,7.8,,87,.1,0,9.2,5.7,1004.7,1021.6,,,7.1
2016-11-21 00:00:00,0,45,27,0.002,0.500,0.012,0.011,7.3,,86,.3,0,8.8,5.1,1004.6,1021.5,,,6.7
2016-11-21 01:00:00,0,43,30,0.002,0.500,0.014,0.007,7,,87,.5,340,8.7,4.9,1004.7,1021.6,,,6.5
2016-11-21 02:00:00,0,33,31,0.002,0.500,0.013,0.006,7.1,,88,.4,0,8.8,5.2,1004.8,1021.7,,,7.4
2016-11-21 03:00:00,0,30,27,0.002,0.500,0.015,0.005,7.3,,87,0,0,8.8,5.2,1004.6,1021.5,,,7.4
2016-11-21 04:00:00,0,33,23,0.002,0.400,0.016,0.005,7.4,,87,0,0,8.9,5.3,1004.2,1021.1,,,7.4
2016-11-21 05:00:00,0,42,29,0.002,0.400,0.014,0.006,6.9,,89,.2,0,8.8,5.2,1004,1020.9,,,6.4
2016-11-21 06:00:00,0,31,28,0.002,0.400,0.014,0.006,6.5,,91,.5,340,8.8,5.1,1003.6,1020.6,,,5.9
2016-11-21 07:00:00,0,34,26,0.002,0.400,0.012,0.007,6.1,,92,.5,360,8.6,4.8,1003.3,1020.3,,,5.9
2016-11-21 08:00:00,0.168,35,29,0.002,0.500,0.007,0.012,6.5,,91,.2,0,8.8,5.1,1003.3,1020.3,0,,7.4
2016-11-21 09:00:00,2.484,33,29,0.002,0.500,0.010,0.012,8.2,,83,.4,0,9,5.4,1003.6,1020.4,0,,9.8
2016-11-21 10:00:00,4.072,49,33,0.003,0.500,0.011,0.014,10.4,,72,.6,340,9,5.5,1002.8,1019.5,.5,,13.8
2016-11-21 11:00:00,5.984,63,33,0.003,0.500,0.016,0.014,11.7,,70,.6,230,9.6,6.4,1002.5,1019.1,.2,,13.3
2016-11-21 12:00:00,3.904,63,29,0.003,0.500,0.019,0.016,12.4,,68,.6,50,9.7,6.6,1001.7,1018.2,0,,13.9
2016-11-21 13:00:00,2.504,73,33,0.003,0.500,0.013,0.021,13.4,,67,1,270,10.2,7.3,1000.7,1017.1,0,,15.6
2016-11-21 14:00:00,2.292,63,32,0.003,0.500,0.018,0.017,13.8,,65,.4,0,10.2,7.3,999.7,1016.1,0,,15.2
2016-11-21 15:00:00,5.5,55,33,0.002,0.400,0.030,0.011,14.5,,65,.5,340,10.6,7.9,999.3,1015.6,0,,15.4
2016-11-21 16:00:00,9.768,51,27,0.003,0.400,0.036,0.005,14.7,,65,.7,320,10.8,8.1,999.3,1015.7,0,,14.3
2016-11-21 17:00:00,1.188,47,23,0.002,0.400,0.034,0.007,14.1,,70,.4,0,11.2,8.7,999.5,1015.9,0,,13.2
2016-11-21 18:00:00,0,38,23,0.002,0.500,0.023,0.017,13.7,,74,.4,0,11.6,9.1,1000.2,1016.6,,,12.7
2016-11-21 19:00:00,0,57,28,0.002,0.600,0.010,0.029,13.4,,76,.6,320,11.6,9.2,1000.3,1016.7,,,12.3
2016-11-21 20:00:00,0,66,35,0.002,0.600,0.008,0.028,13.4,,74,.2,0,11.3,8.8,1000.5,1016.9,,,12
2016-11-21 21:00:00,0,72,44,0.002,0.500,0.013,0.017,12.1,,83,1.5,340,11.6,9.2,1000.8,1017.3,,,10.7
2016-11-21 22:00:00,0,62,36,0.002,0.600,0.007,0.020,11.3,,86,.3,0,11.5,9,1001,1017.6,,,9.8
2016-11-21 23:00:00,0,68,38,0.002,0.500,0.009,0.014,10.1,,90,.7,70,11.1,8.5,1000.9,1017.6,,,9.2
2016-11-22 00:00:00,0,50,31,0.002,0.500,0.010,0.010,9.9,,91,.3,0,11,8.4,1000.7,1017.4,,,9.4
2016-11-22 01:00:00,0,53,38,0.002,0.500,0.009,0.009,9.4,,92,.4,0,10.8,8.1,1000.6,1017.3,,,8.6
2016-11-22 02:00:00,0,50,32,0.002,0.500,0.008,0.008,9.1,,94,0,0,10.8,8.1,1000.2,1016.9,,,8.6
2016-11-22 03:00:00,0,40,28,0.002,0.400,0.008,0.006,8.8,,94,.4,0,10.6,7.8,1000.1,1016.8,,,7.3
2016-11-22 04:00:00,0,34,25,0.002,0.400,0.007,0.006,9.1,,94,.6,160,10.8,8.1,1000.8,1017.5,,,7.4
2016-11-22 05:00:00,0,35,27,0.002,0.400,0.007,0.005,10.2,,91,.5,140,11.2,8.7,1000.5,1017.2,,,8.3
2016-11-22 06:00:00,0,43,19,0.002,0.400,0.007,0.006,12.4,,74,1.6,110,10.6,7.8,1000.5,1017,,,9.1
2016-11-22 07:00:00,0,31,27,0.002,0.400,0.006,0.007,11.3,,78,2.1,360,10.4,7.5,1001.3,1017.9,,,9.4
2016-11-22 08:00:00,0.096,32,27,0.003,0.500,0.007,0.023,11.4,,68,4.1,360,9.1,5.6,1002,1018.6,0,,9.4
2016-11-22 09:00:00,2.22,68,53,0.004,0.600,0.014,0.025,11.3,,62,2.4,20,8.2,4.2,1002,1018.6,.1,,11.1
2016-11-22 10:00:00,4.156,90,51,0.004,0.600,0.021,0.017,10.1,,56,5.1,340,6.9,1.7,1003.1,1019.8,.2,,10.2
2016-11-22 11:00:00,16.008,75,35,0.003,0.500,0.028,0.009,9.9,,54,5.1,320,6.6,1,1003.7,1020.5,.4,,10.4
2016-11-22 12:00:00,10.276,68,36,0.003,0.400,0.027,0.009,9.9,,50,3.7,340,6.1,0,1003,1019.8,0,,10.2
2016-11-22 13:00:00,10.936,64,31,0.003,0.400,0.029,0.008,10.6,,49,3.5,320,6.2,.3,1001.9,1018.6,.3,,13.9
2016-11-22 14:00:00,15.056,51,28,0.003,0.400,0.030,0.007,9.2,,54,4.7,340,6.2,.3,1001.8,1018.5,.5,,11.6
2016-11-22 15:00:00,13.452,38,26,0.003,0.400,0.034,0.007,8.3,,52,4.6,290,5.7,-.9,1002.6,1019.4,.3,,10.4
2016-11-22 16:00:00,6.556,42,27,0.002,0.300,0.037,0.007,8.2,,41,4.2,320,4.5,-4.2,1003.6,1020.4,.1,,8.2
2016-11-22 17:00:00,4.172,27,19,0.002,0.300,0.037,0.006,7.4,,35,3.8,290,3.6,-7,1003.8,1020.7,0,,6.4
2016-11-22 18:00:00,0,20,15,0.002,0.300,0.034,0.008,6.4,,39,4.7,320,3.8,-6.5,1004.7,1021.7,0,,4.7
2016-11-22 19:00:00,0,18,10,0.002,0.300,0.032,0.007,5.8,,43,5.2,290,4,-5.8,1005.6,1022.6,,,3.9
2016-11-22 20:00:00,0,23,13,0.003,0.300,0.029,0.008,5.7,,45,4.4,320,4.1,-5.3,1006.2,1023.3,,,4.1
2016-11-22 21:00:00,0,26,13,0.003,0.300,0.027,0.008,5.2,,46,4.1,320,4.1,-5.5,1006.9,1024,,,3.7
2016-11-22 22:00:00,0,27,10,0.003,0.300,0.026,0.008,4.7,,38,4.3,320,3.2,-8.4,1006.6,1023.8,,,3.1
2016-11-22 23:00:00,0,22,13,0.003,0.300,0.026,0.007,4.6,,33,3.3,340,2.8,-10.3,1006.7,1023.8,,,2.8
2016-11-23 00:00:00,0,19,14,0.002,0.300,0.027,0.006,4.1,,32,3.8,360,2.6,-11.1,1006.7,1023.8,,,2.6
2016-11-23 01:00:00,0,25,14,0.002,0.300,0.027,0.005,3.7,,36,3,20,2.9,-10,1007.2,1024.4,,,2.2
2016-11-23 02:00:00,0,21,14,0.002,0.300,0.025,0.004,3.3,,39,3.7,360,3,-9.3,1007.3,1024.5,,,2
2016-11-23 03:00:00,0,19,15,0.002,0.300,0.025,0.005,3.1,,41,2.8,360,3.1,-8.9,1007.6,1024.8,,,2
2016-11-23 04:00:00,0,24,12,0.003,0.300,0.026,0.004,2.9,,42,1.8,20,3.2,-8.7,1007.4,1024.7,,,1.9
2016-11-23 05:00:00,0,14,11,0.003,0.300,0.025,0.004,2.8,,41,2.6,20,3.1,-9.1,1007.7,1025,,,1.5
2016-11-23 06:00:00,0,16,10,0.003,0.300,0.023,0.004,2.8,,41,1.1,320,3.1,-9.1,1007.8,1025.1,,,2.3
2016-11-23 07:00:00,0,17,11,0.003,0.300,0.022,0.005,2.2,,44,2.6,340,3.1,-8.8,1008.5,1025.8,,,1.2
2016-11-23 08:00:00,0,21,12,0.003,0.300,0.021,0.006,2.1,,45,1.4,320,3.2,-8.6,1009.1,1026.4,0,,1.9
2016-11-23 09:00:00,1.864,25,11,0.003,0.300,0.019,0.008,3.1,,38,1.8,340,2.9,-9.8,1009.1,1026.4,.4,,5.4
2016-11-23 10:00:00,8.056,30,14,0.003,0.300,0.022,0.006,4.6,,31,1.8,340,2.6,-11.1,1008.8,1025.9,.6,,9.7
2016-11-23 11:00:00,18.516,30,14,0.003,0.300,0.024,0.006,6.2,,23,1,290,2.2,-13.4,1008.1,1025.2,.9,,10.3
2016-11-23 12:00:00,25.168,27,14,0.003,0.300,0.026,0.005,8.8,,19,1.5,290,2.1,-13.6,1007,1023.8,.7,,15
2016-11-23 13:00:00,21.612,32,18,0.003,0.300,0.028,0.005,9.4,,25,2.2,320,3,-9.6,1005.6,1022.4,1,,15.5
2016-11-23 14:00:00,26.628,25,10,0.003,0.300,0.028,0.006,10.4,,29,1.9,340,3.6,-6.9,1004.2,1020.9,1,,16.1
2016-11-23 15:00:00,15.628,28,24,0.003,0.300,0.028,0.007,10.9,,23,3.8,290,3,-9.4,1004.2,1020.9,1,,14.6
2016-11-23 16:00:00,10.368,38,28,0.002,0.300,0.028,0.008,8.9,,24,3.7,320,2.7,-10.6,1004.5,1021.3,.9,,8.9
2016-11-23 17:00:00,1.732,36,17,0.003,0.300,0.025,0.012,7.8,,20,3.5,340,2.1,-13.8,1005.1,1022,.1,,6.2
2016-11-23 18:00:00,0,35,17,0.003,0.400,0.023,0.014,6.6,,25,3.5,360,2.4,-12,1005.2,1022.2,0,,4.7
2016-11-23 19:00:00,0,37,24,0.003,0.400,0.022,0.014,5.7,,26,3.7,360,2.4,-12.3,1005.5,1022.6,,,3.6
2016-11-23 20:00:00,0,40,26,0.003,0.400,0.021,0.014,5.2,,25,4.3,320,2.2,-13.2,1006.3,1023.4,,,2.7
2016-11-23 21:00:00,0,45,21,0.004,0.400,0.022,0.013,4.4,,27,3.5,360,2.3,-13,1006.7,1023.8,,,1.9
2016-11-23 22:00:00,0,40,21,0.003,0.300,0.025,0.010,4,,25,3,320,2,-14.3,1007.2,1024.4,,,.8
2016-11-23 23:00:00,0,32,20,0.003,0.300,0.027,0.007,2.9,,22,3.7,290,1.7,-16.7,1007.9,1025.2,,,-.3
2016-11-24 00:00:00,0,26,14,0.003,0.200,0.031,0.004,2.2,,30,6,290,2.1,-13.6,1008.4,1025.7,,,-.3
2016-11-24 01:00:00,0,15,10,0.002,0.200,0.032,0.002,1.5,,42,5.6,290,2.9,-10,1008.5,1025.9,,,-.5
2016-11-24 02:00:00,0,16,9,0.002,0.200,0.033,0.002,1.1,,41,4.9,320,2.7,-10.7,1008.4,1025.8,,,-.7
2016-11-24 03:00:00,0,14,7,0.003,0.200,0.034,0.002,.6,,40,5.6,290,2.6,-11.4,1008.5,1025.9,,,-1
2016-11-24 04:00:00,0,12,5,0.002,0.200,0.034,0.002,-.5,,47,3.1,340,2.8,-10.4,1009.2,1026.7,,,-1.3
2016-11-24 05:00:00,0,12,8,0.003,0.200,0.034,0.002,-.6,,49,3.5,290,2.9,-10,1009.4,1026.9,,,-1.5
2016-11-24 06:00:00,0,16,5,0.003,0.200,0.032,0.002,-.7,,46,4.8,290,2.7,-10.9,1009.4,1026.9,,,-1.6
2016-11-24 07:00:00,0,16,5,0.003,0.300,0.030,0.003,-.8,,48,3.5,320,2.8,-10.4,1009.3,1026.8,,,-1.7
2016-11-24 08:00:00,0.02,15,9,0.003,0.300,0.025,0.007,.6,,42,5.1,320,2.7,-10.8,1009.7,1027.2,0,,-1.2
2016-11-24 09:00:00,2.716,18,12,0.003,0.300,0.022,0.011,1.3,,33,6.1,290,2.2,-13.2,1010,1027.4,.6,,.2
2016-11-24 10:00:00,11.448,29,10,0.003,0.300,0.028,0.006,2.6,,29,5.3,290,2.1,-13.6,1010,1027.3,1,,2.9
2016-11-24 11:00:00,20.116,30,8,0.003,0.300,0.032,0.004,3.5,,26,5.2,320,2,-14.2,1009.7,1026.9,1,,6.3
2016-11-24 12:00:00,26.94,21,8,0.003,0.300,0.033,0.004,4.3,,25,4.3,320,2.1,-14,1008.7,1025.9,1,,10.6
2016-11-24 13:00:00,30.748,28,14,0.003,0.300,0.034,0.004,5.3,,25,5.7,320,2.2,-13.1,1007.6,1024.7,1,,12
2016-11-24 14:00:00,31.68,31,15,0.003,0.300,0.034,0.004,5.9,,24,5.4,320,2.2,-13.1,1007.2,1024.3,1,,12
2016-11-24 15:00:00,28.244,25,14,0.003,0.300,0.036,0.004,6.1,,25,5.1,320,2.3,-12.5,1007.2,1024.3,1,,10.9
2016-11-24 16:00:00,21.08,28,11,0.003,0.300,0.035,0.005,5.9,,29,4,320,2.7,-10.8,1007,1024.1,1,,6.7
2016-11-24 17:00:00,9.828,29,15,0.003,0.300,0.033,0.006,4.5,,32,2.6,320,2.7,-10.8,1007.3,1024.4,.1,,2.5
2016-11-24 18:00:00,0,30,22,0.003,0.300,0.029,0.011,3.4,,37,2.1,320,2.9,-9.9,1008.1,1025.3,0,,.6
2016-11-24 19:00:00,0,35,13,0.004,0.300,0.029,0.009,2.8,,39,2.3,340,2.9,-9.8,1008.9,1026.2,,,-.3
2016-11-24 20:00:00,0,36,24,0.004,0.300,0.029,0.008,2.1,,43,2.3,320,3,-9.2,1008.9,1026.2,,,-.7
2016-11-24 21:00:00,0,30,25,0.003,0.300,0.025,0.009,2,,45,2.9,320,3.2,-8.7,1008.7,1026,,,-.6
2016-11-24 22:00:00,0,37,20,0.003,0.300,0.024,0.009,1.7,,48,2.9,340,3.3,-8.1,1008.8,1026.2,,,-.6
2016-11-24 23:00:00,0,33,15,0.003,0.400,0.021,0.010,1,,50,3.1,360,3.3,-8.2,1009,1026.4,,,-.7
2016-11-25 00:00:00,0,30,22,0.003,0.300,0.022,0.008,1,,46,3.2,360,3,-9.3,1009.2,1026.6,,,-.7
2016-11-25 01:00:00,0,30,25,0.003,0.300,0.022,0.006,.9,,45,3.3,360,2.9,-9.7,1009.5,1026.9,,,-.7
2016-11-25 02:00:00,0,30,22,0.003,0.300,0.029,0.004,.7,,50,3.4,340,3.2,-8.5,1009.3,1026.8,,,-.7
2016-11-25 03:00:00,0,19,15,0.003,0.300,0.027,0.003,.7,,51,2.7,340,3.3,-8.3,1009.6,1027.1,,,-.7
2016-11-25 04:00:00,0,25,13,0.003,0.300,0.020,0.003,.5,,51,2.6,340,3.2,-8.4,1009.6,1027.1,,,-.8
2016-11-25 05:00:00,0,27,18,0.002,0.300,0.017,0.004,1.1,,46,3,360,3,-9.2,1009.7,1027.1,,,-.8
2016-11-25 06:00:00,0,18,,0.003,0.300,0.017,0.003,.8,,50,2.3,360,3.2,-8.4,1009.7,1027.1,,,-1
2016-11-25 07:00:00,0,19,,0.003,0.300,0.015,0.005,.1,,56,1.3,20,3.5,-7.6,1009.9,1027.4,,,-1.2
2016-11-25 08:00:00,0.068,23,22,0.003,0.300,0.008,0.016,-.2,,61,1.3,250,3.7,-6.8,1010.7,1028.2,0,,-.9
2016-11-25 09:00:00,2.876,29,18,0.003,0.400,0.007,0.018,3.4,,48,2.5,340,3.8,-6.5,1010.3,1027.6,.5,,2
2016-11-25 10:00:00,10.844,41,28,0.003,0.300,0.014,0.015,5.7,,43,2.5,340,3.9,-5.9,1009.8,1026.9,1,,5
2016-11-25 11:00:00,18.872,48,26,0.003,0.300,0.027,0.007,7.3,,38,3.5,360,3.9,-6.1,1009.3,1026.3,1,,10.8
2016-11-25 12:00:00,24.828,,,,,,,8.5,,36,4,340,4,-5.7,1008.9,1025.8,1,,15.2
2016-11-25 13:00:00,27.736,,,,,,,9.4,,31,4.7,290,3.6,-6.9,1008.3,1025.1,1,,15.5
2016-11-25 14:00:00,27.636,49,19,0.019,1.000,0.024,0.022,9.5,,30,3.2,340,3.6,-7.2,1007.8,1024.6,1,,16.5
2016-11-25 15:00:00,22.944,48,22,0.015,1.000,0.026,0.022,9.7,,30,3.4,340,3.6,-7,1008.1,1025,1,,14.3
2016-11-25 16:00:00,15.592,51,31,0.014,1.000,0.025,0.023,8.9,,31,3.3,340,3.5,-7.3,1008.4,1025.3,1,,9.5
2016-11-25 17:00:00,5.44,51,32,0.016,0.900,0.019,0.031,7.7,,34,1.9,340,3.6,-7.2,1009,1026,.1,,5.2
2016-11-25 18:00:00,0.036,58,41,0.012,1.000,0.008,0.042,5,,48,.6,360,4.2,-5.1,1009.7,1026.9,0,,2.8
2016-11-25 19:00:00,0,75,38,0.007,0.900,0.008,0.038,4,,51,.5,70,4.2,-5.2,1010.3,1027.5,,,1.5
2016-11-25 20:00:00,0,68,37,0.004,0.600,0.017,0.022,2.5,,58,.2,0,4.2,-4.9,1010.5,1027.8,,,.3
2016-11-25 21:00:00,0,46,32,0.003,0.600,0.012,0.026,1.2,,66,1.2,70,4.4,-4.4,1010.8,1028.2,,,-.3
2016-11-25 22:00:00,0,46,32,0.003,0.500,0.016,0.019,.4,,68,.3,0,4.3,-4.8,1011,1028.5,,,-.7
2016-11-25 23:00:00,0,42,27,0.003,0.500,0.017,0.013,-.2,,73,.6,140,4.4,-4.4,1011.3,1028.9,,,-.9
2016-11-26 00:00:00,0,35,32,0.003,0.400,0.018,0.012,-1.3,,79,0,0,4.4,-4.4,1011.9,1029.5,,,-1.2
2016-11-26 01:00:00,0,33,,0.003,0.400,0.017,0.010,-1.9,,81,.5,90,4.3,-4.7,1011.8,1029.5,,,-1.3
2016-11-26 02:00:00,0,31,30,0.003,0.400,0.017,0.009,-2.4,,84,.3,0,4.3,-4.7,1011.4,1029.1,,,-1.5
2016-11-26 03:00:00,0,29,25,0.003,0.400,0.016,0.008,-2.9,,87,.7,290,4.3,-4.7,1011,1028.7,,,-1.6
2016-11-26 04:00:00,0,36,25,0.003,0.400,0.015,0.008,-3,,87,.3,0,4.3,-4.8,1010.1,1027.8,,,-1.8
2016-11-26 05:00:00,0,33,29,0.003,0.400,0.014,0.008,-3.4,,88,.1,0,4.2,-5.1,1009.4,1027.1,,,-2
2016-11-26 06:00:00,0,28,20,0.003,0.400,0.014,0.008,-3.6,,88,1.1,360,4.1,-5.3,1010.2,1028,,,-2
2016-11-26 07:00:00,0,34,21,0.003,0.400,0.012,0.010,-3.9,,89,.1,0,4.1,-5.4,1009.7,1027.5,,,-2.1
2016-11-26 08:00:00,0.024,36,25,0.003,0.400,0.010,0.013,-3.6,,88,1,270,4.1,-5.3,1009.3,1027,0,,-1
2016-11-26 09:00:00,0.748,44,30,0.003,0.500,0.008,0.018,-2.2,,82,.1,0,4.3,-4.8,1009.8,1027.4,0,,-.4
2016-11-26 10:00:00,2.04,56,29,0.003,0.500,0.010,0.017,-1.5,,82,.4,0,4.5,-4.1,1008.9,1026.5,0,,0
2016-11-26 11:00:00,1.308,56,36,0.004,0.500,0.010,0.018,-.6,,75,.7,360,4.4,-4.4,1008.6,1026.1,0,,.2
2016-11-26 12:00:00,1.96,45,33,0.004,0.500,0.010,0.020,1,,66,1.1,250,4.3,-4.6,1007.3,1024.7,0,,2.4
2016-11-26 13:00:00,1.264,56,42,0.004,0.500,0.013,0.017,1.8,,61,1.4,320,4.2,-4.9,1006.4,1023.7,0,,2.4
2016-11-26 14:00:00,1.296,48,34,0.003,0.500,0.012,0.017,1.9,,60,2,320,4.2,-5,1006.9,1024.2,0,,1.6
2016-11-26 15:00:00,1.1,46,34,0.003,0.400,0.014,0.015,.4,0,84,1.1,320,5.3,-1.9,1006.8,1024.2,0,,.2
2016-11-26 16:00:00,1.236,43,33,0.003,0.400,0.015,0.015,.6,,89,1.4,270,5.7,-1,1006.5,1023.9,0,,.6
2016-11-26 17:00:00,0.372,42,34,0.003,0.400,0.016,0.016,.7,,90,.9,270,5.8,-.7,1006.5,1023.9,0,,.6
2016-11-26 18:00:00,0,45,27,0.003,0.400,0.016,0.018,.8,1,92,.8,290,6,-.3,1006.3,1023.7,0,,1.1
2016-11-26 19:00:00,0,41,35,0.003,0.400,0.015,0.019,1,,92,.9,290,6.1,-.1,1006.4,1023.8,,,1.5
2016-11-26 20:00:00,0,37,29,0.003,0.500,0.013,0.017,1,,93,.4,0,6.1,0,1005.7,1023.1,,,1.8
2016-11-26 21:00:00,0,39,37,0.003,0.500,0.011,0.017,1,.5,93,1.3,250,6.1,0,1005.9,1023.3,,,1.5
2016-11-26 22:00:00,0,46,41,0.003,0.500,0.012,0.014,1.1,,93,2,270,6.1,0,1005.8,1023.2,,,.9
2016-11-26 23:00:00,0,44,41,0.003,0.500,0.011,0.014,.9,,93,.9,270,6.1,-.1,1005.5,1022.9,,,.7
2016-11-27 00:00:00,0,36,,0.003,0.500,0.013,0.013,1,0,94,1.6,270,6.2,.1,1005,1022.4,,,.9
2016-11-27 01:00:00,0,40,37,0.003,0.500,0.013,0.011,1.1,,94,1.9,270,6.2,.2,1004.9,1022.2,,,1.3
2016-11-27 02:00:00,0,40,31,0.003,0.400,0.013,0.010,1.2,,94,1.8,270,6.2,.3,1004.7,1022,,,1.8
2016-11-27 03:00:00,0,34,34,0.003,0.400,0.014,0.009,1,.1,94,1.6,340,6.2,.1,1004.6,1021.9,,,1.9
2016-11-27 04:00:00,0,30,29,0.003,0.400,0.013,0.009,.9,,95,.8,290,6.2,.1,1004.2,1021.5,,,2
2016-11-27 05:00:00,0,32,,0.003,0.500,0.011,0.009,.8,,95,1.9,290,6.1,0,1003.9,1021.2,,,1.9
2016-11-27 06:00:00,0,31,26,0.003,0.400,0.012,0.008,.7,.1,95,1.7,290,6.1,0,1004,1021.4,,,1.8
2016-11-27 07:00:00,0,25,,0.003,0.400,0.011,0.010,.8,,95,1.3,290,6.1,0,1004.4,1021.8,,,1.8
2016-11-27 08:00:00,0,29,28,0.003,0.400,0.012,0.010,.6,,96,2.5,290,6.1,0,1004.8,1022.2,0,,2.1
2016-11-27 09:00:00,0.692,29,18,0.003,0.400,0.012,0.010,.8,,96,1.8,290,6.2,.2,1005,1022.4,0,,3.4
2016-11-27 10:00:00,4.756,23,21,0.003,0.400,0.014,0.010,1.4,,96,1.7,270,6.5,.8,1005.1,1022.4,0,,4.8
2016-11-27 11:00:00,7.972,24,19,0.003,0.400,0.016,0.010,2.8,,95,1.6,290,7.1,2,1004.4,1021.6,0,,7.3
2016-11-27 12:00:00,11.576,23,17,0.003,0.400,0.019,0.009,4.3,,87,1.7,320,7.2,2.3,1003.9,1021,.4,,10.6
2016-11-27 13:00:00,15.348,29,18,0.003,0.400,0.023,0.009,7.8,,73,1.5,290,7.7,3.2,1003,1019.8,.8,,12.8
2016-11-27 14:00:00,16.58,25,18,0.003,0.400,0.027,0.009,9.2,,59,3,340,6.8,1.5,1002.3,1019,.9,,12.9
2016-11-27 15:00:00,11.484,34,21,0.004,0.400,0.031,0.009,9.7,,47,3.9,290,5.7,-1,1002.1,1018.9,.9,,10.7
2016-11-27 16:00:00,7.748,37,29,0.005,0.400,0.038,0.010,9.9,,45,3.7,320,5.5,-1.5,1002.5,1019.2,.8,,8.5
2016-11-27 17:00:00,7.196,48,30,0.004,0.300,0.039,0.010,8.8,,42,4.5,290,4.8,-3.4,1002.7,1019.5,.1,,4.9
2016-11-27 18:00:00,0,55,25,0.004,0.400,0.035,0.014,7.8,,47,2.2,320,5,-2.8,1003.5,1020.4,0,,3.5
2016-11-27 19:00:00,0,55,30,0.004,0.500,0.029,0.019,5.9,,57,.8,50,5.3,-1.9,1004.4,1021.4,,,2.3
2016-11-27 20:00:00,0,65,38,0.004,0.500,0.025,0.019,6.5,,59,2.8,360,5.7,-.9,1005,1022,,,2.9
2016-11-27 21:00:00,0,69,43,0.003,0.500,0.024,0.014,6,,63,2.1,360,5.9,-.5,1005.3,1022.3,,,1.8
2016-11-27 22:00:00,0,61,32,0.003,0.500,0.018,0.015,5.5,,65,2.2,360,5.9,-.5,1005.7,1022.8,,,1.4
2016-11-27 23:00:00,0,55,38,0.003,0.500,0.017,0.012,5.1,,63,1.8,20,5.6,-1.3,1006.2,1023.3,,,.8
2016-11-28 00:00:00,0,60,41,0.003,0.500,0.017,0.008,5,,57,2,50,5,-2.8,1006.1,1023.2,,,.5
2016-11-28 01:00:00,0,54,33,0.003,0.500,0.015,0.008,4.7,,60,1,20,5.1,-2.4,1005.9,1023,,,2
2016-11-28 02:00:00,0,56,41,0.003,0.500,0.015,0.008,4.4,,65,.8,250,5.4,-1.6,1006.1,1023.2,,,2.3
2016-11-28 03:00:00,0,60,44,0.003,0.500,0.015,0.007,7,,52,3.2,290,5.2,-2.2,1006,1023,,,2.7
2016-11-28 04:00:00,0,54,42,0.003,0.500,0.014,0.008,7,,50,4.3,320,5,-2.7,1005.9,1022.9,,,2.3
2016-11-28 05:00:00,0,63,41,0.003,0.500,0.015,0.008,6.2,,50,2.9,290,4.8,-3.4,1006.5,1023.5,,,1.2
2016-11-28 06:00:00,0,61,40,0.003,0.500,0.012,0.010,5.4,,56,2.4,340,5,-2.6,1007.4,1024.5,,,1.7
2016-11-28 07:00:00,0,64,36,0.003,0.500,0.010,0.012,5.4,,53,3,290,4.8,-3.4,1008.2,1025.3,,,1.5
2016-11-28 08:00:00,0.056,64,40,0.003,0.500,0.006,0.016,4.7,,55,1.6,320,4.7,-3.5,1009.3,1026.5,0,,1.1
2016-11-28 09:00:00,2.732,77,37,0.003,0.500,0.007,0.016,5.8,,50,2.3,320,4.6,-3.8,1009.7,1026.8,.4,,3.5
2016-11-28 10:00:00,9.296,84,44,0.004,0.600,0.012,0.017,6.3,,44,3.6,320,4.2,-5,1010.3,1027.4,1,,6.8
2016-11-28 11:00:00,17.548,97,58,0.005,0.500,0.030,0.011,7.5,,32,3.4,340,3.3,-8.1,1010,1027,1,,10.7
2016-11-28 12:00:00,23.996,101,51,0.004,0.500,0.033,0.010,8.3,,28,4,340,3.1,-9.1,1009.6,1026.5,1,,13.7
2016-11-28 13:00:00,27.624,99,54,0.004,0.500,0.035,0.010,9.1,,25,4.2,340,2.9,-9.9,1008.9,1025.7,1,,14.5
2016-11-28 14:00:00,27.688,91,53,0.004,0.500,0.037,0.010,9.8,,24,3.6,340,2.9,-9.8,1008.3,1025.1,1,,15.5
2016-11-28 15:00:00,23.528,85,50,0.004,0.500,0.037,0.010,10,,22,3.5,320,2.7,-10.7,1008.3,1025.1,1,,13.7
2016-11-28 16:00:00,17.332,81,38,0.004,0.400,0.037,0.011,9.3,,26,3.9,320,3,-9.2,1008.4,1025.2,1,,8.8
2016-11-28 17:00:00,7.092,72,45,0.004,0.400,0.033,0.013,8,,29,2.5,320,3.1,-8.9,1008.8,1025.7,.1,,4.7
2016-11-28 18:00:00,0.048,55,32,0.004,0.500,0.029,0.017,7.2,,31,4.1,290,3.1,-8.8,1009.7,1026.7,0,,3
2016-11-28 19:00:00,0,75,43,0.004,0.500,0.026,0.019,6.2,,37,3.4,290,3.5,-7.4,1010.7,1027.8,,,2.1
2016-11-28 20:00:00,0,59,36,0.003,0.400,0.028,0.014,5.7,,40,3.3,320,3.7,-6.8,1011.1,1028.2,,,1.5
2016-11-28 21:00:00,0,39,28,0.003,0.400,0.023,0.016,4.6,,50,2.3,340,4.2,-4.9,1011.6,1028.8,,,.6
2016-11-28 22:00:00,0,40,27,0.003,0.400,0.024,0.013,4.2,,54,2.3,360,4.4,-4.3,1012.1,1029.3,,,.1
2016-11-28 23:00:00,0,40,29,0.004,0.400,0.023,0.013,3.6,,55,2.8,360,4.3,-4.6,1012.5,1029.8,,,-.1
2016-11-29 00:00:00,0,30,22,0.004,0.300,0.027,0.010,3.2,,55,3,340,4.2,-4.9,1012.4,1029.7,,,-.4
2016-11-29 01:00:00,0,24,15,0.004,0.300,0.023,0.009,2.6,,56,2.1,340,4.1,-5.3,1012.5,1029.9,,,-.9
2016-11-29 02:00:00,0,30,23,0.003,0.400,0.019,0.009,1.4,,61,2.5,250,4.1,-5.3,1013,1030.5,,,-.6
2016-11-29 03:00:00,0,31,28,0.003,0.300,0.021,0.008,1.1,,58,2.1,250,3.8,-6.2,1013.4,1030.9,,,-.9
2016-11-29 04:00:00,0,33,17,0.003,0.300,0.019,0.008,.2,,58,2.3,270,3.6,-7.1,1013.6,1031.2,,,-1.1
2016-11-29 05:00:00,0,28,21,0.003,0.300,0.020,0.008,1.1,,48,1.9,250,3.2,-8.7,1013.9,1031.4,,,-1.3
2016-11-29 06:00:00,0,25,20,0.003,0.300,0.019,0.008,1.3,,44,2,340,3,-9.6,1014.2,1031.7,,,-1.3
2016-11-29 07:00:00,0,25,18,0.004,0.300,0.021,0.009,.8,,46,1.9,200,3,-9.5,1014.9,1032.4,,,-1.5
2016-11-29 08:00:00,0,26,18,0.003,0.400,0.013,0.013,-.2,,52,1.2,230,3.1,-8.8,1015.5,1033.1,0,,-1.4
2016-11-29 09:00:00,2.68,43,26,0.003,0.400,0.012,0.013,2.3,,41,.2,0,3,-9.6,1016.1,1033.5,.4,,.3
2016-11-29 10:00:00,10.896,43,22,0.004,0.300,0.022,0.012,4.7,,36,.4,0,3.1,-9.1,1016.1,1033.4,1,,3.4
2016-11-29 11:00:00,19.472,28,20,0.004,0.300,0.027,0.010,7.9,,28,1.1,200,3,-9.5,1015.8,1032.9,1,,9.8
2016-11-29 12:00:00,25.148,27,18,0.003,0.300,0.029,0.010,9.4,,20,1.9,320,2.4,-12.4,1015.2,1032.1,1,,14.7
2016-11-29 13:00:00,28.024,25,12,0.003,0.300,0.032,0.008,11.1,,19,1.8,340,2.5,-11.7,1014.2,1031,1,,16.9
2016-11-29 14:00:00,27.16,31,13,0.003,0.300,0.033,0.009,12.1,,17,1.9,360,2.4,-12.2,1013.8,1030.5,1,,18
2016-11-29 15:00:00,25.24,20,16,0.003,0.300,0.033,0.009,12.1,,16,1.9,340,2.3,-13,1013.5,1030.2,1,,16.2
2016-11-29 16:00:00,18.712,23,15,0.003,0.300,0.034,0.010,12.1,,17,1.5,320,2.4,-12.2,1013.8,1030.5,1,,11
2016-11-29 17:00:00,7.668,25,13,0.003,0.300,0.024,0.019,9,,29,2,180,3.3,-8.1,1014.4,1031.3,.1,,5.4
2016-11-29 18:00:00,0,29,20,0.004,0.500,0.008,0.036,7.2,,30,1.2,90,3,-9.2,1014.8,1031.9,0,,3
2016-11-29 19:00:00,0,46,25,0.004,0.600,0.006,0.037,4.8,,43,1.2,70,3.7,-6.7,1015.3,1032.6,,,1.6
2016-11-29 20:00:00,0,63,34,0.003,0.600,0.006,0.033,2.9,,51,.2,0,3.8,-6.2,1015.9,1033.3,,,.1
2016-11-29 21:00:00,0,55,32,0.003,0.500,0.013,0.022,1.9,,53,.4,0,3.7,-6.6,1016.3,1033.8,,,-.3
2016-11-29 22:00:00,0,35,21,0.003,0.500,0.010,0.022,.7,,64,.5,360,4.1,-5.3,1016.8,1034.4,,,-.6
2016-11-29 23:00:00,0,30,25,0.003,0.500,0.011,0.018,-.2,,68,.7,70,4.1,-5.4,1016.4,1034,,,-.8
2016-11-30 00:00:00,0,33,27,0.003,0.400,0.013,0.013,0,,69,.5,270,4.2,-5,1016.6,1034.2,,,0
2016-11-30 01:00:00,0,28,27,0.003,0.400,0.015,0.010,.4,,68,.1,0,4.3,-4.8,1015.5,1033.1,,,.3
2016-11-30 02:00:00,0,28,18,0.003,0.400,0.014,0.010,.9,,67,.3,0,4.4,-4.5,1015.4,1032.9,,,1.2
2016-11-30 03:00:00,0,21,,0.003,0.400,0.016,0.009,1.6,,62,1.5,270,4.2,-4.9,1015.5,1033,,,1.7
2016-11-30 04:00:00,0,28,16,0.003,0.300,0.016,0.009,1.9,,61,.3,0,4.3,-4.8,1015.1,1032.6,,,2.1
2016-11-30 05:00:00,0,23,15,0.003,0.300,0.013,0.011,2.1,,63,.5,360,4.5,-4.2,1014.7,1032.1,,,2.4
2016-11-30 06:00:00,0,21,20,0.003,0.300,0.012,0.012,2.6,,60,.9,320,4.4,-4.3,1014.1,1031.5,,,2.7
2016-11-30 07:00:00,0,24,21,0.004,0.400,0.012,0.013,2.7,,61,1.1,360,4.5,-4,1013.9,1031.3,,,2.6
2016-11-30 08:00:00,0,26,22,0.003,0.400,0.008,0.017,3.2,,60,.4,0,4.6,-3.8,1013.1,1030.4,0,,3.4
2016-11-30 09:00:00,1.256,26,,0.003,0.400,0.006,0.020,3.8,,59,1.1,250,4.8,-3.4,1013.5,1030.8,0,,4.4
2016-11-30 10:00:00,2.296,45,37,0.003,0.400,0.009,0.017,4.7,,55,.3,0,4.7,-3.5,1012.7,1030,0,,6.6
2016-11-30 11:00:00,7.004,47,30,0.003,0.400,0.010,0.018,5.6,,53,.6,320,4.8,-3.2,1011.9,1029.1,0,,7.9
2016-11-30 12:00:00,9.088,47,27,0.003,0.300,0.019,0.013,6.8,,51,.6,320,5,-2.6,1010.1,1027.1,0,,9.7
2016-11-30 13:00:00,9.224,36,19,0.003,0.300,0.024,0.011,8.5,,53,1.7,340,5.9,-.5,1008.7,1025.6,0,,12.5
2016-11-30 14:00:00,6.584,39,24,0.003,0.300,0.025,0.011,9.8,,59,1.1,50,7.1,2.1,1007.9,1024.7,0,,11.1
2016-11-30 15:00:00,1.916,39,25,0.003,0.300,0.021,0.017,10,,60,.6,90,7.3,2.5,1007.1,1023.9,0,,10
2016-11-30 16:00:00,0.172,44,20,0.003,0.400,0.012,0.028,9,,75,1,140,8.5,4.7,1006.9,1023.7,0,,8.9
2016-11-30 17:00:00,0,43,30,0.003,0.400,0.014,0.022,8,,90,.9,340,9.6,6.4,1006.6,1023.5,0,,8
2016-11-30 18:00:00,0,27,26,0.003,0.400,0.015,0.019,7.5,3.2,93,.6,200,9.6,6.4,1006.7,1023.6,0,,7.5
2016-11-30 19:00:00,0,25,22,0.003,0.400,0.017,0.018,7.4,,94,.2,0,9.6,6.4,1006.6,1023.5,,,7.1
2016-11-30 20:00:00,0,22,20,0.003,0.400,0.020,0.014,7.6,,94,.4,0,9.7,6.6,1006.6,1023.5,,,7
2016-11-30 21:00:00,0,19,16,0.003,0.400,0.011,0.021,7.5,.2,93,1.2,250,9.6,6.4,1006.8,1023.7,,,6.6
2016-11-30 22:00:00,0,26,21,0.003,0.400,0.013,0.016,7.8,,79,2.8,320,8.3,4.3,1007,1023.9,,,5
2016-11-30 23:00:00,0,19,19,0.003,0.400,0.013,0.015,8.4,,69,2.7,340,7.6,3,1007,1023.9,,,4.5
2016-12-01 00:00:00,0,17,,0.003,0.400,0.014,0.012,8.4,,69,2.5,20,7.6,3,1006.7,1023.6,,,5.5
2016-12-01 01:00:00,0,24,21,0.003,0.300,0.017,0.010,8.5,,70,2,20,7.7,3.3,1006.3,1023.1,,,5.9
2016-12-01 02:00:00,0,26,18,0.003,0.300,0.019,0.009,8.3,,77,1.6,90,8.4,4.4,1006.4,1023.3,,,6.2
2016-12-01 03:00:00,0,23,19,0.003,0.300,0.018,0.008,9.1,.1,73,.8,360,8.4,4.5,1006,1022.8,,,6.3
2016-12-01 04:00:00,0,25,21,0.003,0.300,0.021,0.007,10,,66,4.2,320,8.1,3.9,1005.8,1022.6,,,6.7
2016-12-01 05:00:00,0,24,20,0.003,0.400,0.019,0.009,9.4,,72,4.6,320,8.4,4.5,1005.8,1022.6,,,6.8
2016-12-01 06:00:00,0,30,21,0.003,0.300,0.024,0.008,9.8,0,63,3.1,320,7.6,3,1006.3,1023.1,,,6.6
2016-12-01 07:00:00,0,25,17,0.004,0.400,0.030,0.008,9.7,,56,5.2,320,6.7,1.3,1006.8,1023.6,,,5.9
2016-12-01 08:00:00,0,55,32,0.006,0.500,0.035,0.010,9,,56,4.5,320,6.4,.6,1007.4,1024.2,0,,5.3
2016-12-01 09:00:00,1.796,102,55,0.007,0.500,0.032,0.013,9.6,,51,1.9,320,6.1,0,1007.6,1024.4,.3,,7.3
2016-12-01 10:00:00,6.564,121,67,0.008,0.500,0.036,0.009,9.9,,46,4.4,320,5.6,-1.2,1007.7,1024.5,.8,,9.1
2016-12-01 11:00:00,14.876,130,66,0.007,0.500,0.037,0.009,10.2,,44,4.8,290,5.5,-1.5,1007.7,1024.5,1,,10.8
2016-12-01 12:00:00,19.156,114,58,0.006,0.500,0.038,0.010,10.1,,45,5.5,290,5.6,-1.3,1007.2,1024,.9,,9.4
2016-12-01 13:00:00,18.864,122,64,0.006,0.600,0.039,0.010,10.2,,48,4.5,320,6,-.3,1006.6,1023.4,.2,,9
2016-12-01 14:00:00,10.368,116,68,0.005,0.600,0.037,0.011,11.3,,38,5.5,270,5.1,-2.5,1006.4,1023.1,1,,11.8
2016-12-01 15:00:00,17.176,,,,,,,10.3,,34,5.7,290,4.2,-4.9,1006.9,1023.7,1,,11.3
2016-12-01 16:00:00,16.22,,,0.004,0.300,0.040,0.007,9.8,,36,4.6,320,4.4,-4.5,1007.6,1024.4,1,,8.4
2016-12-01 17:00:00,7.304,40,16,0.003,0.300,0.038,0.008,8.7,,38,5.2,290,4.3,-4.8,1008.7,1025.6,.1,,5
2016-12-01 18:00:00,0.02,48,27,0.003,0.300,0.035,0.010,7.6,,29,5,290,3,-9.3,1009.9,1026.9,0,,3.1
2016-12-01 19:00:00,0,44,20,0.004,0.300,0.032,0.012,6.7,,23,7.1,290,2.3,-13,1010.7,1027.8,,,1.9
2016-12-01 20:00:00,0,31,17,0.004,0.300,0.033,0.010,5.9,,27,4.9,290,2.5,-11.7,1011.6,1028.7,,,1
2016-12-01 21:00:00,0,25,14,0.003,0.300,0.034,0.008,5.1,,32,4.7,320,2.8,-10.2,1012.3,1029.5,,,.5
2016-12-01 22:00:00,0,24,11,0.003,0.300,0.028,0.012,4.8,,36,3.6,320,3.1,-9,1012.8,1030,,,.1
2016-12-01 23:00:00,0,24,8,0.003,0.300,0.022,0.012,4.5,,38,3.3,320,3.2,-8.6,1012.8,1030,,,-.2
2016-12-02 00:00:00,0,31,14,0.003,0.400,0.018,0.012,3.2,,46,2.9,360,3.5,-7.3,1012.8,1030.1,,,-1
2016-12-02 01:00:00,0,29,17,0.003,0.400,0.018,0.011,3,,48,2.3,20,3.6,-6.9,1013,1030.3,,,-.3
2016-12-02 02:00:00,0,22,,0.003,0.400,0.017,0.009,1,,59,2.3,230,3.9,-6.1,1013.1,1030.6,,,-.9
2016-12-02 03:00:00,0,20,20,0.003,0.300,0.017,0.008,.1,,63,1.3,230,3.9,-6.1,1013.5,1031.1,,,-1.2
2016-12-02 04:00:00,0,21,19,0.003,0.300,0.018,0.007,-1.8,,73,.5,230,3.9,-6,1013.6,1031.3,,,-1.7
2016-12-02 05:00:00,0,25,20,0.003,0.300,0.017,0.006,-2.5,,80,.9,230,4.1,-5.4,1013.3,1031,,,-1.9
2016-12-02 06:00:00,0,20,8,0.003,0.300,0.018,0.006,-2.6,,75,1.6,250,3.8,-6.4,1013.4,1031.1,,,-2.1
2016-12-02 07:00:00,0,18,12,0.003,0.300,0.015,0.008,-2.6,,76,.1,0,3.8,-6.2,1013.7,1031.4,,,-2.3
2016-12-02 08:00:00,0.016,20,14,0.003,0.300,0.010,0.013,-3.2,,81,.2,0,3.9,-6,1014.3,1032.1,0,,-2.1
2016-12-02 09:00:00,2.964,26,13,0.003,0.300,0.011,0.015,-.7,,64,.9,90,3.7,-6.6,1014.3,1031.9,.3,,-.2
2016-12-02 10:00:00,10.868,30,16,0.004,0.300,0.022,0.012,2.9,,43,1.3,200,3.2,-8.4,1013.8,1031.2,1,,2.5
2016-12-02 11:00:00,19.668,29,16,0.004,0.300,0.026,0.011,8.4,,16,2.3,340,1.8,-16,1013.2,1030.2,1,,6.7
2016-12-02 12:00:00,25.912,30,14,0.004,0.300,0.027,0.011,10.2,,12,2.5,340,1.5,-18,1012.2,1029.1,1,,12.2
2016-12-02 13:00:00,29.092,33,16,0.004,0.300,0.030,0.010,11.7,,12,2.5,320,1.6,-16.8,1011.3,1028,1,,15.4
2016-12-02 14:00:00,29.22,28,17,0.005,0.500,0.029,0.014,12.3,,10,2.1,340,1.4,-18.5,1010.8,1027.5,1,,16.4
2016-12-02 15:00:00,24.74,34,16,0.027,1.900,0.026,0.033,12.8,,10,2.7,360,1.5,-18.1,1010.8,1027.4,1,,15.2
2016-12-02 16:00:00,18.86,70,41,0.025,1.500,0.022,0.034,11.4,,13,3.6,340,1.7,-16.1,1011.2,1028,1,,8.9
2016-12-02 17:00:00,8.472,77,36,0.003,0.400,0.021,0.025,10,,18,2.7,360,2.2,-13.2,1011.5,1028.4,.1,,4.5
2016-12-02 18:00:00,0,37,19,0.003,0.400,0.025,0.018,8.1,,25,2.6,340,2.7,-10.7,1011.8,1028.8,0,,2.8
2016-12-02 19:00:00,0,29,14,0.003,0.400,0.023,0.020,5.3,,35,.7,200,3.1,-8.9,1012.1,1029.3,,,.9
2016-12-02 20:00:00,0,26,16,0.003,0.400,0.025,0.017,3.1,,45,1.3,230,3.4,-7.7,1012.2,1029.5,,,-.1
2016-12-02 21:00:00,0,24,18,0.004,0.400,0.024,0.015,2.7,,45,.6,230,3.3,-8,1012.4,1029.8,,,-1
2016-12-02 22:00:00,0,32,24,0.004,0.400,0.023,0.015,1,,60,.3,0,3.9,-5.9,1012.3,1029.8,,,-.7
2016-12-02 23:00:00,0,34,19,0.004,0.400,0.022,0.013,-.1,,65,.1,0,3.9,-5.9,1012.2,1029.8,,,-1.1
2016-12-03 00:00:00,0,30,25,0.003,0.400,0.020,0.012,-.9,,69,.3,0,4,-5.8,1011.9,1029.5,,,-1.4
2016-12-03 01:00:00,0,31,25,0.003,0.400,0.019,0.011,-1.4,,72,.3,0,4,-5.8,1011.9,1029.5,,,-1.6
2016-12-03 02:00:00,0,21,19,0.003,0.400,0.017,0.009,-2.1,,75,.3,0,3.9,-5.9,1011.9,1029.6,,,-1.8
2016-12-03 03:00:00,0,20,,0.003,0.400,0.016,0.009,-2.5,,76,.3,0,3.9,-6.1,1012,1029.7,,,-2
2016-12-03 04:00:00,0,23,22,0.003,0.300,0.017,0.008,-3.2,,80,.6,320,3.9,-6.1,1011.9,1029.7,,,-2.2
2016-12-03 05:00:00,0,23,15,0.003,0.300,0.016,0.009,-3.6,,83,.1,0,3.9,-6,1011.9,1029.7,,,-2.4
2016-12-03 06:00:00,0,24,18,0.003,0.400,0.014,0.010,-4.1,,84,.2,0,3.8,-6.4,1011.7,1029.5,,,-2.6
2016-12-03 07:00:00,0,22,15,0.004,0.400,0.013,0.010,-4.3,,86,.1,0,3.8,-6.2,1011.9,1029.7,,,-2.8
2016-12-03 08:00:00,0.016,23,19,0.003,0.400,0.010,0.013,-4.4,,86,.2,0,3.8,-6.3,1011.9,1029.7,0,,-2.6
2016-12-03 09:00:00,2.42,30,17,0.004,0.400,0.012,0.014,-2.3,,74,.6,180,3.8,-6.3,1011.9,1029.6,.3,,-.6
2016-12-03 10:00:00,10.44,40,24,0.004,0.400,0.013,0.014,.9,,60,1,200,3.9,-6,1011.9,1029.4,1,,2.2
2016-12-03 11:00:00,19.128,46,27,0.004,0.400,0.018,0.013,5.2,,42,.9,180,3.7,-6.6,1011.2,1028.4,1,,6.5
2016-12-03 12:00:00,26.008,54,25,0.005,0.300,0.023,0.012,7.7,,33,.8,180,3.5,-7.5,1009.8,1026.8,1,,8.8
2016-12-03 13:00:00,15.02,37,23,0.003,0.300,0.027,0.012,10,,27,.5,200,3.3,-8.1,1008.3,1025.1,1,,10.6
2016-12-03 14:00:00,19.52,35,21,0.004,0.300,0.028,0.011,12.2,,23,.8,340,3.3,-8.3,1007.7,1024.3,.7,,15.4
2016-12-03 15:00:00,20.008,39,18,0.016,0.900,0.021,0.025,12.7,,22,1.3,270,3.2,-8.5,1007.3,1023.9,.7,,12
2016-12-03 16:00:00,7.536,49,28,0.031,1.200,0.016,0.052,12.4,,26,1.4,70,3.7,-6.6,1007.2,1023.8,.2,,10.5
2016-12-03 17:00:00,6.428,71,46,0.045,1.800,0.011,0.062,10.6,,31,1,50,4,-5.8,1007.1,1023.9,.1,,5.8
2016-12-03 18:00:00,0,86,56,0.039,1.800,0.005,0.068,8,,43,.3,0,4.6,-3.8,1007.1,1024,0,,3.3
2016-12-03 19:00:00,0,97,62,0.022,1.600,0.004,0.057,6.1,,51,0,0,4.8,-3.2,1007.3,1024.4,,,1.8
2016-12-03 20:00:00,0,97,47,0.015,1.500,0.004,0.050,4.4,,60,0,0,5,-2.7,1007.6,1024.7,,,.7
2016-12-03 21:00:00,0,87,47,0.011,1.400,0.004,0.044,2.6,,69,0,0,5.1,-2.5,1007.2,1024.5,,,-.3
2016-12-03 22:00:00,0,76,51,0.009,1.300,0.003,0.040,1.7,,72,.2,0,5,-2.8,1007,1024.3,,,-.3
2016-12-03 23:00:00,0,73,50,0.007,1.200,0.003,0.034,.4,,78,.8,70,4.9,-2.9,1006.5,1023.9,,,-.6
2016-12-04 00:00:00,0,66,41,0.006,1.100,0.004,0.031,.2,,80,.5,360,5,-2.8,1006.1,1023.5,,,-.4
2016-12-04 01:00:00,0,52,41,0.005,1.100,0.004,0.028,-.3,,83,.1,0,5,-2.8,1005.4,1022.9,,,-.6
2016-12-04 02:00:00,0,48,40,0.005,1.100,0.003,0.026,0,,82,.1,0,5,-2.7,1005.1,1022.5,,,-.4
2016-12-04 03:00:00,0,54,46,0.005,1.000,0.004,0.023,.2,,80,.3,0,5,-2.8,1004.8,1022.2,,,-.2
2016-12-04 04:00:00,0,50,39,0.005,0.800,0.005,0.019,0,,82,.4,0,5,-2.7,1004.5,1021.9,,,-.3
2016-12-04 05:00:00,0,42,37,0.004,0.700,0.007,0.015,.2,,82,.5,340,5.1,-2.5,1003.6,1021,,,-.1
2016-12-04 06:00:00,0,39,33,0.004,0.800,0.005,0.017,.2,,83,.8,320,5.2,-2.3,1003.3,1020.7,,,-.2
2016-12-04 07:00:00,0,41,33,0.004,0.800,0.005,0.017,.6,,81,.4,0,5.2,-2.2,1003.3,1020.7,,,0
2016-12-04 08:00:00,0.088,44,30,0.004,0.800,0.004,0.017,.9,,78,.5,290,5.1,-2.5,1003.3,1020.6,0,,0
2016-12-04 09:00:00,2.364,45,33,0.004,0.700,0.005,0.017,2,,73,.9,230,5.2,-2.3,1003.2,1020.4,0,,2
2016-12-04 10:00:00,5.856,59,45,0.005,0.600,0.009,0.016,3.5,,67,.9,290,5.3,-2,1003,1020.1,0,,4.6
2016-12-04 11:00:00,4.284,51,33,0.005,0.500,0.009,0.019,5.1,,57,.9,70,5,-2.7,1002.1,1019.1,0,,6
2016-12-04 12:00:00,4.556,50,31,0.005,0.500,0.014,0.016,6,,57,.5,270,5.4,-1.8,1001.7,1018.7,0,,7.8
2016-12-04 13:00:00,5.824,38,28,0.004,0.400,0.018,0.015,7.3,,54,.6,250,5.5,-1.4,1000.4,1017.2,0,,7.8
2016-12-04 14:00:00,3.744,44,25,0.004,0.400,0.020,0.015,7.7,,52,.5,20,5.5,-1.5,999.7,1016.5,0,,7.8
2016-12-04 15:00:00,3.796,45,30,0.005,0.400,0.021,0.017,9.2,0,53,1.7,360,6.2,.1,1000.1,1016.8,0,,8.1
2016-12-04 16:00:00,4.16,45,30,0.004,0.400,0.021,0.019,11.5,,35,1.9,320,4.8,-3.4,999.9,1016.5,.1,,7.8
2016-12-04 17:00:00,7.296,27,22,0.003,0.300,0.027,0.017,10,,38,.8,50,4.7,-3.6,999.6,1016.3,0,,5.2
2016-12-04 18:00:00,0,29,22,0.004,0.500,0.009,0.035,6.9,,52,1.2,50,5.2,-2.2,1000.4,1017.3,0,,3.4
2016-12-04 19:00:00,0,52,28,0.004,0.600,0.006,0.036,8.7,,48,2.2,20,5.4,-1.7,1000.9,1017.6,,,4
2016-12-04 20:00:00,0,60,34,0.004,0.500,0.005,0.032,9.1,,47,2.4,360,5.4,-1.6,1001.5,1018.2,,,4.9
2016-12-04 21:00:00,0,57,32,0.003,0.600,0.004,0.030,8.3,,48,1.2,250,5.3,-2,1001.4,1018.2,,,2.9
2016-12-04 22:00:00,0,50,30,0.003,0.600,0.005,0.028,7.2,,56,1.1,230,5.7,-1,1001.2,1018.1,,,1.8
2016-12-04 23:00:00,0,54,37,0.003,0.600,0.005,0.026,5.9,,63,.2,0,5.8,-.6,1001.3,1018.3,,,1.4
2016-12-05 00:00:00,0,47,34,0.003,0.500,0.006,0.020,3.7,,73,.6,20,5.8,-.7,1001.3,1018.4,,,.3
2016-12-05 01:00:00,0,42,,0.003,0.500,0.008,0.015,2.9,,81,.2,0,6.1,0,1001.1,1018.2,,,-.4
2016-12-05 02:00:00,0,38,31,0.003,0.500,0.008,0.012,1.9,,84,.4,0,5.9,-.5,1000.9,1018.1,,,-.7
2016-12-05 03:00:00,0,36,,0.003,0.400,0.010,0.009,1.7,,88,.8,90,6.1,0,1000.7,1017.9,,,-.2
2016-12-05 04:00:00,0,36,29,0.003,0.400,0.010,0.008,1.1,,89,.4,0,5.9,-.5,1000.7,1018,,,-.4
2016-12-05 05:00:00,0,36,30,0.003,0.400,0.009,0.008,.9,,91,.6,180,5.9,-.4,1000.7,1018,,,-.6
2016-12-05 06:00:00,0,42,28,0.003,0.400,0.008,0.008,1.6,,90,.8,110,6.2,.1,1000.6,1017.8,,,0
2016-12-05 07:00:00,0,38,31,0.003,0.400,0.007,0.009,2.2,,90,.5,90,6.4,.7,1001.1,1018.3,,,.7
2016-12-05 08:00:00,0,36,33,0.003,0.400,0.005,0.014,2.4,,89,.6,180,6.4,.7,1001.8,1019,0,,1.9
2016-12-05 09:00:00,1.56,56,47,0.003,0.400,0.004,0.014,4,,84,.9,90,6.8,1.5,1002.1,1019.2,.1,,4.8
2016-12-05 10:00:00,5.64,58,42,0.003,0.500,0.005,0.018,6.4,,78,1.3,20,7.5,2.8,1002.5,1019.4,.8,,7.6
2016-12-05 11:00:00,11.376,82,54,0.004,0.500,0.010,0.020,10.3,,64,1.3,20,8,3.7,1001.7,1018.4,1,,12.6
2016-12-05 12:00:00,17.708,81,60,0.005,0.500,0.023,0.020,13.3,,52,1.4,160,7.9,3.6,1000.5,1016.9,1,,15.4
2016-12-05 13:00:00,20.02,125,85,0.006,0.600,0.041,0.018,13.8,,50,4.5,340,7.8,3.5,999.6,1016,1,,15.5
2016-12-05 14:00:00,21.02,158,101,0.007,0.600,0.051,0.012,14.2,,45,4.8,320,7.3,2.4,999.1,1015.4,1,,15.3
2016-12-05 15:00:00,17.212,131,92,0.006,0.500,0.052,0.011,14.7,,44,2.9,290,7.3,2.5,999.2,1015.6,1,,15.2
2016-12-05 16:00:00,10.156,130,80,0.006,0.500,0.050,0.012,13.9,,44,4,270,7,1.8,999.8,1016.2,1,,11.1
2016-12-05 17:00:00,2.428,125,82,0.005,0.600,0.048,0.014,12.5,,46,1.8,290,6.6,1.1,999.9,1016.4,0,,7.8
2016-12-05 18:00:00,0,151,100,0.005,0.600,0.043,0.018,12,,48,2.8,290,6.7,1.3,1000.6,1017.1,0,,6.5
2016-12-05 19:00:00,0,153,97,0.006,0.700,0.038,0.022,10.8,,49,3.3,290,6.3,.4,1001.2,1017.8,,,5.3
2016-12-05 20:00:00,0,153,96,0.006,0.600,0.043,0.016,10.2,,52,3.8,320,6.4,.7,1001.6,1018.3,,,5.3
2016-12-05 21:00:00,0,142,96,0.007,0.700,0.043,0.014,9.9,,52,5.3,290,6.3,.4,1001.8,1018.5,,,5.6
2016-12-05 22:00:00,0,144,91,0.006,0.600,0.043,0.009,9.2,,46,6.9,270,5.4,-1.8,1002.4,1019.1,,,4.9
2016-12-05 23:00:00,0,131,80,0.005,0.500,0.039,0.008,8,,49,7,290,5.3,-2,1003.1,1019.9,,,4.3
2016-12-06 00:00:00,0,73,50,0.005,0.400,0.036,0.007,7.6,,51,7.2,290,5.3,-1.9,1003.4,1020.3,,,4.1
2016-12-06 01:00:00,0,61,32,0.004,0.400,0.035,0.007,7.2,,52,7.8,290,5.3,-2,1003.6,1020.5,,,4.2
2016-12-06 02:00:00,0,81,30,0.004,0.400,0.033,0.006,5.9,,47,7.1,290,4.4,-4.5,1004.4,1021.4,,,2.7
2016-12-06 03:00:00,0,71,28,0.003,0.300,0.033,0.006,4.8,,48,6.5,290,4.1,-5.3,1005.2,1022.3,,,1.6
2016-12-06 04:00:00,0,38,16,0.004,0.300,0.033,0.006,4.1,,32,7.4,290,2.6,-11.1,1005.2,1022.3,,,.5
2016-12-06 05:00:00,0,27,19,0.004,0.300,0.033,0.006,3.2,,37,4.4,290,2.8,-10.1,1006.3,1023.5,,,-.5
2016-12-06 06:00:00,0,31,6,0.004,0.300,0.032,0.006,2.8,,36,4.7,320,2.7,-10.8,1007,1024.3,,,-.5
2016-12-06 07:00:00,0,15,10,0.004,0.300,0.030,0.008,2.3,,36,3.4,320,2.6,-11.2,1007.7,1025,,,-1
2016-12-06 08:00:00,0,20,9,0.004,0.300,0.020,0.016,2.1,,35,2.8,320,2.5,-11.8,1008.7,1026,0,,-1
2016-12-06 09:00:00,1.916,24,13,0.004,0.300,0.020,0.014,3.2,,27,2.9,340,2.1,-14,1009.5,1026.8,.2,,.2
2016-12-06 10:00:00,9.868,30,12,0.004,0.300,0.027,0.011,4.4,,24,2.9,360,2,-14.4,1010,1027.2,1,,4.8
2016-12-06 11:00:00,18.616,32,14,0.004,0.300,0.029,0.010,5.5,,22,2.8,20,2,-14.5,1009.4,1026.5,1,,11.3
2016-12-06 12:00:00,24.98,33,15,0.004,0.300,0.029,0.011,6.3,,20,3.2,360,1.9,-15,1008.6,1025.7,1,,14.8
2016-12-06 13:00:00,28.308,37,16,0.005,0.300,0.031,0.011,6.9,,19,4,340,1.9,-15.1,1008,1025,1,,16.1
2016-12-06 14:00:00,29.556,33,16,0.003,0.300,0.032,0.011,7.8,,18,3.7,340,1.9,-15.1,1007.3,1024.2,1,,16.4
2016-12-06 15:00:00,26.776,36,13,0.003,0.300,0.033,0.010,8,,19,2.7,340,2,-14.2,1006.5,1023.4,1,,15.1
2016-12-06 16:00:00,20.036,30,18,0.003,0.300,0.032,0.011,7.9,,20,3.1,360,2.1,-13.7,1006.5,1023.4,1,,8.6
2016-12-06 17:00:00,8.252,30,14,0.003,0.300,0.031,0.013,6.1,,25,1,320,2.3,-12.5,1007,1024,.1,,3
2016-12-06 18:00:00,0,27,12,0.003,0.300,0.028,0.015,5,,26,1.5,20,2.3,-12.9,1007.4,1024.5,0,,.9
2016-12-06 19:00:00,0,32,16,0.003,0.400,0.023,0.019,1.9,,38,.1,0,2.7,-10.9,1007.7,1025,,,-.8
2016-12-06 20:00:00,0,23,13,0.003,0.400,0.021,0.019,.2,,48,.7,360,3,-9.5,1007.6,1025.1,,,-1.3
2016-12-06 21:00:00,0,26,16,0.003,0.400,0.022,0.014,-.8,,53,.6,270,3,-9.2,1007.6,1025.1,,,-1.8
2016-12-06 22:00:00,0,21,15,0.003,0.300,0.022,0.012,-1.6,,60,.2,0,3.3,-8.3,1008,1025.6,,,-2
2016-12-06 23:00:00,0,19,12,0.003,0.300,0.021,0.011,-2.9,,67,.5,250,3.3,-8.1,1008.2,1025.9,,,-2.4
2016-12-07 00:00:00,0,25,14,0.003,0.300,0.021,0.010,-3.8,,70,.6,340,3.2,-8.4,1007.5,1025.2,,,-2.7
2016-12-07 01:00:00,0,20,11,0.003,0.300,0.021,0.009,-4.2,,72,.5,70,3.2,-8.5,1007.5,1025.3,,,-2.9
2016-12-07 02:00:00,0,19,12,0.003,0.300,0.020,0.009,-4.5,,75,.3,0,3.3,-8.2,1007.6,1025.4,,,-3.2
2016-12-07 03:00:00,0,24,10,0.003,0.300,0.019,0.010,-5,,78,.6,340,3.3,-8.2,1007.6,1025.4,,,-3.5
2016-12-07 04:00:00,0,22,12,0.003,0.300,0.018,0.009,-5.6,,81,.2,0,3.3,-8.3,1007.1,1024.9,,,-3.7
2016-12-07 05:00:00,0,25,12,0.003,0.300,0.016,0.008,-5.7,,81,.3,0,3.2,-8.4,1006.6,1024.4,,,-3.7
2016-12-07 06:00:00,0,32,19,0.003,0.300,0.016,0.009,-6,,82,.5,340,3.2,-8.5,1006.5,1024.3,,,-3.7
2016-12-07 07:00:00,0,21,15,0.003,0.300,0.014,0.008,-5.6,,81,.4,0,3.3,-8.3,1006.1,1023.9,,,-3.8
2016-12-07 08:00:00,0.012,14,,0.003,0.300,0.008,0.013,-5.6,,84,.6,180,3.4,-7.8,1006.5,1024.3,0,,-3.3
2016-12-07 09:00:00,2.04,28,20,0.004,0.400,0.009,0.017,-3.7,,74,.5,110,3.5,-7.6,1006.7,1024.4,0,,-1.1
2016-12-07 10:00:00,6.88,39,25,0.004,0.400,0.013,0.017,-2.1,,67,.3,0,3.5,-7.4,1006.6,1024.2,0,,0
2016-12-07 11:00:00,5.604,34,25,0.004,0.300,0.015,0.017,0,,54,.6,290,3.3,-8.2,1005.7,1023.1,0,,1.6
2016-12-07 12:00:00,11.412,38,17,0.004,0.400,0.017,0.017,1,,52,.6,320,3.4,-7.7,1004.8,1022.2,0,,1.3
2016-12-07 13:00:00,8.688,37,29,0.006,0.400,0.017,0.019,2.6,,47,.5,320,3.5,-7.6,1003.8,1021,0,,2.1
2016-12-07 14:00:00,4.272,40,25,0.005,0.400,0.018,0.018,3.4,,50,.5,20,3.9,-6,1003.5,1020.6,0,,3.9
2016-12-07 15:00:00,1.752,36,25,0.004,0.400,0.015,0.021,4.3,0,48,.8,250,4,-5.7,1003.4,1020.5,.1,,2.9
2016-12-07 16:00:00,0.172,44,25,0.004,0.400,0.012,0.024,4.9,,53,0,0,4.6,-3.8,1003.3,1020.4,0,,2.4
2016-12-07 17:00:00,0.34,50,29,0.004,0.400,0.016,0.023,4.3,,61,1.3,90,5.1,-2.5,1003.4,1020.5,0,,.5
2016-12-07 18:00:00,0,53,40,0.003,0.400,0.012,0.026,5.2,,68,.8,340,6,-.2,1004.1,1021.2,0,,-.5
2016-12-07 19:00:00,0,53,36,0.003,0.500,0.012,0.024,6.3,,63,2.3,290,6,-.2,1004.6,1021.6,,,-.1
2016-12-07 20:00:00,0,69,46,0.003,0.500,0.015,0.020,5.9,,65,1.4,360,6.1,-.1,1004.6,1021.6,,,-.2
2016-12-07 21:00:00,0,66,46,0.003,0.500,0.011,0.021,3.9,,72,.5,70,5.8,-.6,1004.9,1022,,,-.7
2016-12-07 22:00:00,0,68,53,0.003,0.600,0.013,0.022,2.6,,79,.7,250,5.8,-.6,1005.3,1022.5,,,-.9
2016-12-07 23:00:00,0,77,55,0.003,0.600,0.006,0.024,.7,,84,.5,360,5.4,-1.7,1005.5,1022.9,,,-1.1
2016-12-08 00:00:00,0,74,51,0.003,0.600,0.008,0.016,.4,,89,.4,0,5.6,-1.2,1005.3,1022.7,,,-1.2
2016-12-08 01:00:00,0,68,47,0.003,0.600,0.007,0.015,1.3,,85,.6,270,5.7,-.9,1005,1022.3,,,-1.3
2016-12-08 02:00:00,0,67,52,0.003,0.600,0.008,0.012,.3,,88,.2,0,5.5,-1.4,1004.7,1022.1,,,-1.6
2016-12-08 03:00:00,0,66,47,0.003,0.500,0.007,0.013,-.6,,90,.1,0,5.3,-2,1005.2,1022.7,,,-1.9
2016-12-08 04:00:00,0,67,52,0.003,0.500,0.008,0.010,-.9,,92,.1,0,5.3,-2,1004.6,1022.1,,,-2.1
2016-12-08 05:00:00,0,60,50,0.003,0.500,0.008,0.008,-1.4,,93,.1,0,5.2,-2.3,1004.6,1022.1,,,-2.3
2016-12-08 06:00:00,0,55,45,0.003,0.500,0.006,0.010,-2.2,,94,.2,0,4.9,-3,1005,1022.6,,,-2.5
2016-12-08 07:00:00,0,48,43,0.003,0.500,0.008,0.009,-2.6,,94,.3,0,4.8,-3.4,1005.4,1023,,,-2.6
2016-12-08 08:00:00,0.024,47,44,0.003,0.500,0.007,0.012,-2.8,,94,.2,0,4.7,-3.6,1005.5,1023.1,0,,-2.2
2016-12-08 09:00:00,2.18,57,44,0.003,0.500,0.009,0.016,-1.9,,94,.1,0,5,-2.7,1005.2,1022.7,0,,-.7
2016-12-08 10:00:00,5.46,65,49,0.004,0.500,0.012,0.014,.2,,90,.2,0,5.6,-1.2,1005.2,1022.6,.3,,1.1
2016-12-08 11:00:00,12.888,72,51,0.004,0.500,0.015,0.015,3.8,,67,.3,0,5.4,-1.7,1003.8,1020.9,1,,6.2
2016-12-08 12:00:00,21.252,,,,,,,6.7,,52,.6,320,5.1,-2.4,1002.2,1019.1,1,,10.3
2016-12-08 13:00:00,26.296,,,,,,,8.8,,38,.9,270,4.3,-4.7,1001.2,1017.9,1,,14.2
2016-12-08 14:00:00,25.928,95,56,0.013,1.000,0.021,0.027,10.9,,26,.8,70,3.4,-7.8,1000.1,1016.7,1,,16
2016-12-08 15:00:00,22.92,91,62,0.008,0.700,0.025,0.024,11.3,,27,1.4,250,3.6,-7,999.8,1016.4,1,,14.2
2016-12-08 16:00:00,17.192,71,41,0.004,0.400,0.031,0.018,10.3,,29,1.7,110,3.6,-6.9,999.3,1016,1,,8.8
2016-12-08 17:00:00,6.384,43,26,0.003,0.400,0.032,0.017,7.3,,36,.6,180,3.7,-6.8,999.7,1016.5,.1,,3.6
2016-12-08 18:00:00,0,35,25,0.003,0.500,0.025,0.024,4.9,,49,.8,140,4.2,-4.9,1000.4,1017.4,0,,1.4
2016-12-08 19:00:00,0,49,37,0.003,0.500,0.019,0.028,3.9,,54,.4,0,4.4,-4.5,1000.4,1017.5,,,1.5
2016-12-08 20:00:00,0,62,31,0.003,0.600,0.015,0.028,4.8,,51,.4,0,4.4,-4.5,1000,1017,,,2.2
2016-12-08 21:00:00,0,64,35,0.003,0.600,0.009,0.033,4.5,,54,1.2,20,4.5,-4,999.7,1016.7,,,2.4
2016-12-08 22:00:00,0,71,48,0.003,0.700,0.004,0.035,4.5,,56,.7,250,4.7,-3.5,999.5,1016.5,,,2.6
2016-12-08 23:00:00,0,70,49,0.003,0.600,0.005,0.030,4.9,,53,.4,0,4.6,-3.8,999.3,1016.3,,,3
2016-12-09 00:00:00,0,68,56,0.002,0.600,0.005,0.028,4.2,0,63,.6,290,5.2,-2.2,998.2,1015.2,,,3
2016-12-09 01:00:00,0,76,55,0.002,0.600,0.006,0.023,4.4,,62,.7,270,5.2,-2.2,997.7,1014.7,,,2.9
2016-12-09 02:00:00,0,78,51,0.002,0.500,0.013,0.016,3.7,,63,.4,0,5,-2.7,997.3,1014.3,,,1
2016-12-09 03:00:00,0,65,42,0.003,0.400,0.029,0.011,3.3,,65,1.2,90,5,-2.6,997.3,1014.3,,,.1
2016-12-09 04:00:00,0,65,38,0.003,0.400,0.035,0.008,2.9,,72,1.9,290,5.4,-1.6,998.1,1015.2,,,1.6
2016-12-09 05:00:00,0,69,44,0.003,0.500,0.045,0.008,8.1,,73,3.3,320,7.8,3.5,998.1,1014.8,,,4.2
2016-12-09 06:00:00,0,92,65,0.004,0.600,0.047,0.009,8.4,0,65,5.3,320,7.1,2.1,998.1,1014.8,,,4.2
2016-12-09 07:00:00,0,94,71,0.006,0.700,0.040,0.010,7.7,,54,4.8,320,5.7,-1,998.9,1015.7,,,2.9
2016-12-09 08:00:00,0,130,87,0.006,0.600,0.034,0.010,7.1,,54,5.6,320,5.5,-1.5,1000,1016.8,0,,2.9
2016-12-09 09:00:00,1.872,129,72,0.005,0.600,0.032,0.010,7.4,,48,5.3,290,4.9,-2.9,1000.7,1017.5,.1,,3.7
2016-12-09 10:00:00,9.552,95,59,0.004,0.500,0.033,0.010,8.2,,45,5.8,290,4.9,-3,1001.1,1017.9,1,,7.3
2016-12-09 11:00:00,17.98,69,41,0.004,0.500,0.034,0.009,8.7,,41,7.2,290,4.6,-3.8,1001,1017.7,1,,10.8
2016-12-09 12:00:00,24.444,68,40,0.003,0.500,0.034,0.009,9.1,,39,7.5,270,4.5,-4.1,1001.2,1017.9,1,,12.8
2016-12-09 13:00:00,27.064,53,32,0.003,0.500,0.034,0.010,9.6,,32,6.7,290,3.8,-6.3,1000.1,1016.8,1,,14.3
2016-12-09 14:00:00,19.496,33,30,0.003,0.400,0.034,0.010,9.7,,31,5.9,290,3.7,-6.6,1000.1,1016.8,1,,14.7
2016-12-09 15:00:00,24.38,59,23,0.003,0.400,0.035,0.010,9.4,,32,5.6,290,3.8,-6.4,1000.5,1017.2,1,,12.7
2016-12-09 16:00:00,17.384,37,24,0.004,0.500,0.035,0.011,8.7,,33,4.8,290,3.7,-6.7,1001.6,1018.4,1,,8.5
2016-12-09 17:00:00,6.12,43,27,0.004,0.500,0.033,0.012,7.1,,38,4.3,320,3.8,-6.2,1002.2,1019.1,.1,,4.5
2016-12-09 18:00:00,0.012,40,31,0.004,0.500,0.032,0.012,6.2,,44,3.5,290,4.2,-5.1,1003.1,1020.1,0,,2.7
2016-12-09 19:00:00,0,24,,0.003,0.500,0.031,0.013,5.1,,45,2,290,4,-5.8,1004.2,1021.3,,,1.2
2016-12-09 20:00:00,0,35,22,0.003,0.500,0.027,0.014,4.2,,49,1.1,360,4.1,-5.5,1005.1,1022.2,,,-.1
2016-12-09 21:00:00,0,32,24,0.003,0.400,0.027,0.014,3,,53,1.9,20,4,-5.6,1005.6,1022.8,,,-.7
2016-12-09 22:00:00,0,32,19,0.003,0.400,0.028,0.012,2.1,,55,1.6,20,3.9,-6,1006.1,1023.4,,,-.8
2016-12-09 23:00:00,0,27,19,0.003,0.400,0.026,0.012,.9,,62,1.6,250,4.1,-5.5,1006.7,1024.1,,,-1.3
2016-12-10 00:00:00,0,33,17,0.003,0.400,0.026,0.011,-.1,,66,.9,270,4,-5.7,1006.9,1024.4,,,-1.6
2016-12-10 01:00:00,0,30,17,0.003,0.400,0.026,0.011,-.5,,64,.9,250,3.8,-6.4,1007,1024.5,,,-1.8
2016-12-10 02:00:00,0,33,18,0.003,0.300,0.025,0.011,-1.2,,66,.9,250,3.7,-6.7,1007.1,1024.6,,,-1.6
2016-12-10 03:00:00,0,27,15,0.003,0.300,0.025,0.010,-1.7,,69,1.4,270,3.7,-6.6,1007.3,1024.9,,,-1.9
2016-12-10 04:00:00,0,28,16,0.003,0.400,0.022,0.009,-2.7,,72,.9,270,3.6,-7,1007.1,1024.7,,,-2.4
2016-12-10 05:00:00,0,28,21,0.002,0.400,0.018,0.008,-2.9,,72,1,230,3.6,-7.2,1007.5,1025.2,,,-2.8
2016-12-10 06:00:00,0,28,24,0.002,0.400,0.017,0.007,-3.6,,72,.6,250,3.4,-7.9,1007.8,1025.5,,,-3.3
2016-12-10 07:00:00,0,25,19,0.003,0.400,0.019,0.008,-4.1,,77,.4,0,3.5,-7.5,1008.3,1026.1,,,-3.7
2016-12-10 08:00:00,0,25,20,0.002,0.400,0.013,0.012,-4,,72,.4,0,3.3,-8.3,1008.7,1026.5,0,,-3.5
2016-12-10 09:00:00,1.996,30,24,0.003,0.400,0.019,0.012,-3,,68,.1,0,3.3,-8,1009.2,1026.9,.1,,-2.6
2016-12-10 10:00:00,8.964,38,24,0.004,0.400,0.022,0.012,-1.1,,56,.9,200,3.2,-8.7,1009.3,1026.9,1,,-.1
2016-12-10 11:00:00,13.108,30,22,0.004,0.400,0.025,0.011,2.5,,31,.9,230,2.3,-12.9,1008.8,1026.1,1,,6
2016-12-10 12:00:00,23.528,28,23,0.003,0.300,0.028,0.011,6.3,,22,1.2,230,2.1,-13.9,1007.5,1024.5,1,,10.4
2016-12-10 13:00:00,27.548,33,20,0.003,0.300,0.030,0.011,8.9,,13,3.1,360,1.5,-18.1,1006.4,1023.2,1,,13.8
2016-12-10 14:00:00,28.836,30,19,0.002,0.300,0.031,0.012,10,,9,3.6,290,1.1,-21.5,1005.7,1022.5,1,,14.7
2016-12-10 15:00:00,25.124,28,20,0.002,0.300,0.034,0.010,10,,9,3.4,290,1.1,-21.5,1005.6,1022.4,1,,13.4
2016-12-10 16:00:00,18.648,27,16,0.004,0.400,0.026,0.021,9.2,,10,3.9,290,1.2,-20.9,1006,1022.8,1,,7.4
2016-12-10 17:00:00,7.528,36,25,0.004,0.400,0.026,0.017,7,,16,2.1,320,1.6,-17.1,1006.4,1023.4,.1,,2.1
2016-12-10 18:00:00,0,30,18,0.003,0.400,0.026,0.017,5.2,,21,1.7,340,1.8,-15.4,1007.2,1024.3,0,,-.4
2016-12-10 19:00:00,0,20,12,0.002,0.400,0.025,0.017,3.7,,25,.7,320,2,-14.5,1008,1025.2,,,-1.2
2016-12-10 20:00:00,0,19,14,0.003,0.400,0.024,0.017,2.5,,31,1.1,250,2.3,-12.9,1008.5,1025.8,,,-1.5
2016-12-10 21:00:00,0,28,18,0.003,0.400,0.023,0.016,.8,,39,.8,200,2.5,-11.6,1008.5,1025.9,,,-1.9
2016-12-10 22:00:00,0,26,14,0.003,0.400,0.022,0.015,-.6,,44,.8,250,2.6,-11.3,1008.7,1026.2,,,-2.3
2016-12-10 23:00:00,0,31,17,0.003,0.400,0.021,0.014,-.9,,45,1.6,250,2.6,-11.3,1009.3,1026.8,,,-2.5
2016-12-11 00:00:00,0,27,15,0.002,0.400,0.019,0.012,-2.3,,55,.9,230,2.8,-10.1,1009.4,1027,,,-3
2016-12-11 01:00:00,0,26,20,0.002,0.400,0.020,0.011,-3.3,,61,0,0,2.9,-9.7,1009.6,1027.3,,,-3.5
2016-12-11 02:00:00,0,27,25,0.002,0.400,0.019,0.010,-4,,66,.4,0,3,-9.4,1009.5,1027.3,,,-3.8
2016-12-11 03:00:00,0,30,22,0.002,0.400,0.018,0.009,-4.5,,68,.4,0,3,-9.5,1009.8,1027.6,,,-4.1
2016-12-11 04:00:00,0,19,17,0.002,0.400,0.017,0.008,-4.7,,68,.4,0,2.9,-9.7,1010.2,1028,,,-4.5
2016-12-11 05:00:00,0,21,,0.002,0.400,0.016,0.008,-5.4,,70,.1,0,2.9,-10,1010.2,1028.1,,,-4.9
2016-12-11 06:00:00,0,22,13,0.002,0.400,0.015,0.008,-5.9,,71,.7,250,2.8,-10.3,1010.8,1028.7,,,-5.3
2016-12-11 07:00:00,0,21,,0.002,0.400,0.014,0.009,-6.6,,76,.7,50,2.8,-10.1,1011.4,1029.4,,,-5.5
2016-12-11 08:00:00,0,20,20,0.002,0.400,0.012,0.012,-6.9,,78,.4,0,2.9,-10,1011.7,1029.7,0,,-5.5
2016-12-11 09:00:00,1.756,28,21,0.002,0.400,0.013,0.011,-5.2,,70,.1,0,2.9,-9.8,1011.9,1029.8,.1,,-4
2016-12-11 10:00:00,9.676,42,29,0.003,0.400,0.017,0.011,-1.5,,49,.5,230,2.7,-10.8,1012.3,1029.9,1,,1.1
2016-12-11 11:00:00,18.352,37,25,0.004,0.400,0.022,0.012,2.8,,29,.4,0,2.2,-13.5,1011.4,1028.7,1,,6.4
2016-12-11 12:00:00,24.688,36,24,0.003,0.300,0.027,0.010,4.6,,19,1.2,290,1.6,-17.1,1011.3,1028.5,1,,10.2
2016-12-11 13:00:00,28.156,35,16,0.002,0.300,0.030,0.010,7.8,,14,.7,360,1.5,-18.1,1010.6,1027.6,1,,13.3
2016-12-11 14:00:00,28.744,28,17,0.003,0.300,0.032,0.009,8,,12,1.4,20,1.3,-19.7,1010.3,1027.3,1,,13.8
2016-12-11 15:00:00,25.32,28,15,0.003,0.300,0.032,0.010,9.2,,13,1.4,180,1.5,-17.8,1009.7,1026.5,1,,12.7
2016-12-11 16:00:00,18.692,28,20,0.003,0.300,0.032,0.010,8,,15,.9,50,1.6,-17.1,1009.8,1026.7,1,,6.5
2016-12-11 17:00:00,6.752,32,17,0.002,0.300,0.029,0.012,5,,22,1.2,230,1.9,-15,1010,1027.2,.1,,.2
2016-12-11 18:00:00,0.012,34,16,0.003,0.500,0.011,0.033,2.5,,32,.5,270,2.3,-12.5,1010,1027.3,0,,-1.5
2016-12-11 19:00:00,0,57,30,0.002,0.500,0.012,0.027,.7,,42,.1,0,2.7,-10.7,1009.5,1027,,,-1.9
2016-12-11 20:00:00,0,40,18,0.002,0.500,0.007,0.031,-.8,,48,.1,0,2.8,-10.4,1009.6,1027.1,,,-2.2
2016-12-11 21:00:00,0,46,26,0.002,0.600,0.007,0.027,-1.3,,49,.1,0,2.7,-10.6,1009.9,1027.5,,,-2.5
2016-12-11 22:00:00,0,44,31,0.002,0.500,0.012,0.018,-2.1,,53,.1,0,2.8,-10.4,1010.2,1027.8,,,-2.7
2016-12-11 23:00:00,0,35,24,0.002,0.500,0.013,0.015,-2.8,,58,.3,0,2.9,-9.9,1010.2,1027.9,,,-2.8
2016-12-12 00:00:00,0,30,28,0.002,0.500,0.016,0.012,-3.4,,64,.6,20,3,-9.2,1010.6,1028.3,,,-2.9
2016-12-12 01:00:00,0,30,20,0.002,0.400,0.019,0.010,-3.2,,63,.3,0,3,-9.2,1010.7,1028.4,,,-2.5
2016-12-12 02:00:00,0,27,19,0.002,0.400,0.018,0.010,-3.5,,68,.4,0,3.2,-8.5,1010.9,1028.7,,,-2.3
2016-12-12 03:00:00,0,20,17,0.002,0.400,0.016,0.008,-3.5,,68,0,0,3.2,-8.5,1010.9,1028.7,,,-2.8
2016-12-12 04:00:00,0,28,19,0.002,0.400,0.017,0.008,-3.8,,69,.6,320,3.2,-8.6,1010.7,1028.5,,,-3.4
2016-12-12 05:00:00,0,20,16,0.003,0.400,0.016,0.010,-3.9,,71,.5,360,3.3,-8.3,1010.3,1028.1,,,-2.7
2016-12-12 06:00:00,0,20,,0.003,0.400,0.016,0.010,-4.2,,73,.7,340,3.3,-8.3,1010.1,1027.9,,,-3.1
2016-12-12 07:00:00,0,21,14,0.003,0.400,0.012,0.013,-4.2,,75,.5,320,3.4,-7.9,1010.2,1028,,,-3
2016-12-12 08:00:00,0,24,,0.003,0.400,0.009,0.018,-3.6,,71,.6,320,3.3,-8.1,1010.2,1028,0,,-2.2
2016-12-12 09:00:00,0.992,42,29,0.003,0.500,0.007,0.020,-2.6,,66,.3,0,3.3,-8,1010,1027.7,0,,-.7
2016-12-12 10:00:00,2.588,37,28,0.003,0.500,0.008,0.021,-.4,,57,.6,200,3.4,-7.8,1010,1027.5,.8,,.9
2016-12-12 11:00:00,6.412,40,31,0.003,0.500,0.009,0.022,1.9,,42,.1,0,3,-9.6,1009,1026.4,.9,,2.8
2016-12-12 12:00:00,9.3,50,33,0.003,0.400,0.015,0.019,4.1,,33,.8,250,2.7,-10.7,1007.9,1025.1,.8,,4.9
2016-12-12 13:00:00,12.596,41,26,0.003,0.400,0.016,0.020,6.3,,31,.3,0,3,-9.6,1006.6,1023.6,.4,,6.6
2016-12-12 14:00:00,14.356,53,28,0.003,0.300,0.021,0.018,8.3,,30,.6,340,3.3,-8.2,1005.6,1022.4,.3,,11.8
2016-12-12 15:00:00,4.384,,,0.004,0.300,0.024,0.017,8.2,,32,.1,0,3.5,-7.5,1005.2,1022.1,0,,7.8
2016-12-12 16:00:00,4.472,,,0.004,0.300,0.022,0.018,8.6,,34,.7,290,3.8,-6.4,1005,1021.8,.1,,6.8
2016-12-12 17:00:00,0.492,17,,0.004,0.300,0.020,0.020,7.6,,38,.6,70,4,-5.8,1005.2,1022.1,0,,4.5
2016-12-12 18:00:00,0,22,,0.004,0.400,0.011,0.031,7,,44,.1,0,4.4,-4.4,1005.3,1022.2,0,,3.7
2016-12-12 19:00:00,0,40,,0.004,0.700,0.004,0.040,6.5,,46,0,0,4.4,-4.3,1005,1022,,,2.5
2016-12-12 20:00:00,0,62,32,0.004,0.800,0.003,0.038,5.3,,52,.1,0,4.6,-3.7,1005.1,1022.2,,,1.9
2016-12-12 21:00:00,0,65,39,0.004,0.800,0.004,0.035,4.5,,58,.4,0,4.9,-3,1004.9,1022,,,.9
2016-12-12 22:00:00,0,44,35,0.004,0.800,0.003,0.031,4.8,,57,1,90,4.9,-3,1005,1022.1,,,2
2016-12-12 23:00:00,0,44,,0.004,0.800,0.004,0.027,4.8,,57,.6,70,4.9,-3,1004.7,1021.8,,,2.7
2016-12-13 00:00:00,0,51,37,0.004,0.800,0.005,0.024,4.3,,60,.1,0,5,-2.7,1004.1,1021.2,,,1.1
2016-12-13 01:00:00,0,33,33,0.003,0.700,0.004,0.022,3.9,,64,.4,0,5.2,-2.3,1003.8,1020.9,,,1.2
2016-12-13 02:00:00,0,34,29,0.003,0.700,0.004,0.021,3.3,,67,1.1,90,5.2,-2.2,1003.9,1021.1,,,.9
2016-12-13 03:00:00,0,37,32,0.003,0.700,0.004,0.019,2.6,,72,1.1,70,5.3,-1.9,1003.7,1020.9,,,.5
2016-12-13 04:00:00,0,29,,0.003,0.700,0.005,0.017,2.2,,74,.2,0,5.3,-1.9,1003.1,1020.3,,,.2
2016-12-13 05:00:00,0,31,,0.003,0.600,0.004,0.016,1.4,,79,.1,0,5.4,-1.8,1003.1,1020.4,,,-.7
2016-12-13 06:00:00,0,27,,0.003,0.600,0.003,0.016,1.4,,82,.3,0,5.6,-1.3,1003.2,1020.5,,,-1.1
2016-12-13 07:00:00,0,36,22,0.003,0.600,0.003,0.017,1.1,,86,.8,70,5.7,-.9,1003.1,1020.4,,,-.6
2016-12-13 08:00:00,0,22,,0.003,0.600,0.003,0.017,1,,87,.2,0,5.7,-.9,1003.1,1020.4,0,,-.4
2016-12-13 09:00:00,1.084,29,,0.002,0.600,0.004,0.015,1.8,,85,.2,0,5.9,-.4,1003.2,1020.5,0,,1.1
2016-12-13 10:00:00,2.864,47,,0.003,0.700,0.004,0.018,3.7,,80,.4,0,6.3,.5,1003,1020.1,0,,5.3
2016-12-13 11:00:00,5.244,64,,0.003,0.500,0.007,0.019,5.9,,72,.6,340,6.7,1.2,1001.9,1018.9,0,,8.1
2016-12-13 12:00:00,6.776,39,,0.003,0.400,0.016,0.017,8.7,,65,.3,0,7.3,2.4,1000.6,1017.3,0,,10.3
2016-12-13 13:00:00,5.412,26,,0.003,0.300,0.027,0.010,9.3,,61,.3,0,7.1,2.1,999.9,1016.6,0,,9.5
2016-12-13 14:00:00,3,18,,0.003,0.400,0.021,0.018,9.1,,63,.5,200,7.3,2.4,999.4,1016.1,0,,7.9
2016-12-13 15:00:00,2.432,45,24,0.003,0.400,0.018,0.021,9.2,,62,.3,0,7.2,2.2,998.3,1015,0,,8.3
2016-12-13 16:00:00,3.28,43,28,0.003,0.400,0.020,0.019,9,,64,.7,320,7.3,2.5,998.2,1014.9,0,,7.3
2016-12-13 17:00:00,1.264,33,27,0.003,0.400,0.021,0.016,8.4,,62,0,0,6.8,1.5,997.9,1014.6,0,,6
2016-12-13 18:00:00,0.04,33,,0.003,0.400,0.020,0.018,8.9,,57,1.6,340,6.5,.8,998.1,1014.8,0,,5.4
2016-12-13 19:00:00,0,37,28,0.003,0.500,0.013,0.025,8.6,,54,3,340,6,-.2,998.5,1015.2,,,5.1
2016-12-13 20:00:00,0,44,31,0.003,0.500,0.012,0.031,8,,56,2.1,340,6,-.2,998.9,1015.7,,,4.7
2016-12-13 21:00:00,0,51,41,0.003,0.500,0.014,0.029,8,,56,3.4,340,6,-.2,999.2,1016,,,4.9
2016-12-13 22:00:00,0,51,39,0.003,0.500,0.014,0.025,7.5,,58,3.1,340,6,-.2,999.2,1016,,,4.2
2016-12-13 23:00:00,0,55,44,0.003,0.500,0.012,0.023,6.5,,63,1.8,340,6.1,0,999.6,1016.5,,,3.7
2016-12-14 00:00:00,0,52,41,0.003,0.500,0.017,0.022,5.9,,65,3,360,6.1,-.1,999.5,1016.4,,,2.1
2016-12-14 01:00:00,0,65,54,0.004,0.600,0.014,0.026,4.8,,68,2.1,360,5.8,-.6,999.5,1016.5,,,1.2
2016-12-14 02:00:00,0,75,73,0.003,0.600,0.016,0.022,4,,69,1.8,20,5.6,-1.1,999.4,1016.4,,,.2
2016-12-14 03:00:00,0,69,65,0.003,0.500,0.018,0.016,3,,68,1.6,340,5.2,-2.3,999.4,1016.5,,,-.7
2016-12-14 04:00:00,0,52,,0.003,0.400,0.028,0.010,3,,65,3,20,4.9,-2.9,999.7,1016.8,,,-.5
2016-12-14 05:00:00,0,19,,0.003,0.400,0.029,0.009,2.3,,55,2.9,20,4,-5.8,1000.1,1017.3,,,-.9
2016-12-14 06:00:00,0,19,,0.004,0.400,0.030,0.008,1.6,,51,2.8,20,3.5,-7.4,1000.4,1017.6,,,-1.2
2016-12-14 07:00:00,0,25,19,0.003,0.300,0.033,0.007,1.3,,45,2.8,50,3,-9.3,1000.7,1018,,,-1.4
2016-12-14 08:00:00,0,26,12,0.003,0.300,0.032,0.008,1.3,,48,2.9,360,3.2,-8.5,1001.3,1018.6,0,,-1.3
2016-12-14 09:00:00,1.56,23,13,0.003,0.300,0.032,0.009,2,,46,2.5,20,3.2,-8.4,1002,1019.2,.1,,-.7
2016-12-14 10:00:00,8.808,21,10,0.003,0.300,0.033,0.008,4,,33,4.1,360,2.7,-10.8,1002.6,1019.7,1,,2.8
2016-12-14 11:00:00,17.824,29,11,0.003,0.300,0.034,0.009,5.1,,31,3.3,340,2.7,-10.6,1002.3,1019.3,1,,8.5
2016-12-14 12:00:00,24.772,28,13,0.003,0.300,0.034,0.009,5.7,,32,5,340,2.9,-9.7,1001.8,1018.8,1,,11.7
2016-12-14 13:00:00,28.904,28,16,0.003,0.300,0.035,0.009,6,,31,3.8,340,2.9,-9.8,1001.3,1018.3,1,,14
2016-12-14 14:00:00,29.844,32,18,0.003,0.300,0.035,0.008,6.4,,32,5,270,3.1,-9.1,1000.8,1017.7,1,,13.9
2016-12-14 15:00:00,25.6,37,20,0.002,0.300,0.034,0.010,5.5,,35,5.6,270,3.2,-8.7,1001,1018,1,,11.2
2016-12-14 16:00:00,18.048,42,17,0.002,0.300,0.032,0.010,4.1,,40,3.2,320,3.3,-8.3,1001.5,1018.6,1,,6.4
2016-12-14 17:00:00,6.724,36,23,0.002,0.300,0.032,0.010,2.7,,44,1.5,320,3.3,-8.3,1001.9,1019.1,.1,,1.6
2016-12-14 18:00:00,0.028,28,18,0.002,0.300,0.031,0.012,1.8,,46,2.1,340,3.2,-8.6,1002.3,1019.5,0,,-.5
2016-12-14 19:00:00,0,27,17,0.002,0.300,0.031,0.011,1.4,,48,2.7,340,3.2,-8.4,1002.8,1020.1,,,-.9
2016-12-14 20:00:00,0,13,10,0.002,0.300,0.031,0.012,.7,,51,2.2,360,3.3,-8.3,1002.9,1020.2,,,-1.4
2016-12-14 21:00:00,0,13,12,0.002,0.300,0.030,0.012,.1,,54,2.1,20,3.3,-8.1,1003.4,1020.8,,,-1.7
2016-12-14 22:00:00,0,16,14,0.002,0.300,0.027,0.012,-.5,,57,1.6,340,3.4,-7.9,1004,1021.4,,,-2
2016-12-14 23:00:00,0,20,17,0.002,0.300,0.027,0.011,-.6,,57,1.5,340,3.3,-8,1004.5,1021.9,,,-2.3
2016-12-15 00:00:00,0,16,,0.002,0.300,0.027,0.009,-.8,,60,2,340,3.5,-7.6,1004.4,1021.9,,,-2.5
2016-12-15 01:00:00,0,17,14,0.002,0.300,0.028,0.009,-.9,,60,2.9,340,3.4,-7.7,1004.2,1021.7,,,-2.6
2016-12-15 02:00:00,0,27,16,0.002,0.300,0.028,0.008,-1.3,,62,2.2,340,3.5,-7.6,1004.5,1022,,,-2.8
2016-12-15 03:00:00,0,25,19,0.002,0.300,0.026,0.009,-1.2,,62,1.2,290,3.5,-7.5,1004.3,1021.8,,,-3.2
2016-12-15 04:00:00,0,33,31,0.003,0.300,0.028,0.008,.1,,57,3.1,320,3.5,-7.4,1004.1,1021.5,,,-2.8
2016-12-15 05:00:00,0,30,,0.002,0.300,0.023,0.008,-.2,,53,2.6,320,3.2,-8.6,1003.9,1021.3,,,-2.9
2016-12-15 06:00:00,0,21,,0.002,0.300,0.019,0.012,-.1,,50,3.3,320,3,-9.2,1003.8,1021.2,,,-3.1
2016-12-15 07:00:00,0,28,24,0.002,0.300,0.020,0.010,-.3,,42,4.7,290,2.5,-11.6,1004.5,1021.9,,,-3.2
2016-12-15 08:00:00,0,25,,0.002,0.300,0.030,0.009,-.2,,50,3.8,290,3,-9.3,1004.8,1022.2,0,,-2.8
2016-12-15 09:00:00,1.44,19,6,0.002,0.300,0.032,0.008,.9,,48,5.1,320,3.1,-8.8,1005.1,1022.5,.1,,-1.5
2016-12-15 10:00:00,8.808,14,14,0.002,0.300,0.032,0.008,1.5,,47,5.4,290,3.2,-8.6,1005.1,1022.4,1,,.7
2016-12-15 11:00:00,17.868,15,10,0.002,0.300,0.032,0.008,1.9,,44,6.2,290,3.1,-9,1005.1,1022.4,1,,5.2
2016-12-15 12:00:00,24.928,,,0.002,0.300,0.032,0.008,2.6,,41,5.9,290,3,-9.3,1004.4,1021.6,1,,8.6
2016-12-15 13:00:00,28.112,,,0.002,0.300,0.033,0.007,2.4,,35,6.8,290,2.5,-11.5,1003.6,1020.8,1,,8.5
2016-12-15 14:00:00,30.256,,,0.002,0.300,0.033,0.008,2.7,,31,6.2,270,2.3,-12.7,1003.6,1020.8,1,,9.2
2016-12-15 15:00:00,26.236,,,0.002,0.300,0.033,0.009,3.4,,27,6.2,290,2.1,-13.8,1003.5,1020.6,1,,8
2016-12-15 16:00:00,17.856,,,0.002,0.300,0.033,0.010,2.7,,26,6.7,290,1.9,-14.9,1003.8,1021,1,,3.4
2016-12-15 17:00:00,6.56,,,0.002,0.300,0.034,0.009,1.6,,31,3.8,290,2.1,-13.7,1003.9,1021.2,.1,,-.4
2016-12-15 18:00:00,0.016,,,0.002,0.300,0.034,0.009,.9,,31,5.7,320,2,-14.3,1004.6,1022,0,,-1.1
2016-12-15 19:00:00,0,,,0.002,0.300,0.033,0.009,.2,,34,6.4,290,2.1,-13.8,1005.2,1022.6,,,-1.6
2016-12-15 20:00:00,0,,,0.002,0.300,0.033,0.008,-.3,,39,4.3,290,2.3,-12.6,1005.8,1023.3,,,-2
2016-12-15 21:00:00,0,,,0.002,0.300,0.033,0.008,-.7,,33,5.5,290,1.9,-15,1006,1023.5,,,-2.4
2016-12-15 22:00:00,0,,,0.002,0.300,0.034,0.007,-1,,30,5.7,290,1.7,-16.4,1006.7,1024.2,,,-2.8
2016-12-15 23:00:00,0,,,0.002,0.300,0.035,0.006,-1.7,,35,3.4,320,1.9,-15.1,1007.1,1024.7,,,-3.3
2016-12-16 00:00:00,0,,,0.002,0.300,0.035,0.006,-2.2,,37,2.9,340,1.9,-14.9,1007.4,1025,,,-3.7
2016-12-16 01:00:00,0,,,0.002,0.300,0.034,0.006,-2.3,,38,3,320,2,-14.7,1007.5,1025.1,,,-3.9
2016-12-16 02:00:00,0,,,0.003,0.300,0.034,0.005,-2.3,,31,2.9,320,1.6,-17.1,1008,1025.6,,,-4.3
2016-12-16 03:00:00,0,,,0.003,0.300,0.034,0.005,-2.7,,32,2.5,320,1.6,-17.1,1008.2,1025.9,,,-4.7
2016-12-16 04:00:00,0,,,0.003,0.300,0.033,0.005,-3,,36,3.3,320,1.8,-16,1008.1,1025.8,,,-4.9
2016-12-16 05:00:00,0,,,0.003,0.300,0.033,0.006,-3.1,,35,3.4,290,1.7,-16.4,1008.3,1026,,,-5.1
2016-12-16 06:00:00,0,,,0.003,0.300,0.033,0.006,-3.1,,35,3.5,320,1.7,-16.4,1008.7,1026.4,,,-5.2
2016-12-16 07:00:00,0,,,0.003,0.300,0.033,0.006,-3.5,,32,2.6,340,1.5,-17.8,1009.4,1027.1,,,-5.6
2016-12-16 08:00:00,0,,,0.003,0.300,0.033,0.007,-3.3,,31,2.8,340,1.5,-18,1009.7,1027.4,0,,-5.4
2016-12-16 09:00:00,1.384,,,0.003,0.300,0.032,0.008,-1.8,,24,3.5,340,1.3,-19.7,1010.1,1027.7,0,,-4.5
2016-12-16 10:00:00,9.288,,,0.003,0.300,0.033,0.007,.6,,16,3.7,320,1,-22.4,1010.6,1028.1,1,,1.5
2016-12-16 11:00:00,18.684,,,0.003,0.300,0.033,0.007,1.6,,13,4.1,340,.9,-23.9,1010.2,1027.6,1,,6.4
2016-12-16 12:00:00,25.968,,,0.003,0.300,0.034,0.007,2.2,,14,4.7,290,1,-22.6,1009.8,1027.1,1,,8.6
2016-12-16 13:00:00,30.352,,,0.002,0.300,0.035,0.006,3.6,,12,4.1,320,.9,-23.2,1009.3,1026.5,1,,10.3
2016-12-16 14:00:00,31.4,,,0.002,0.300,0.035,0.007,3.9,,13,4.1,290,1,-22.1,1008.9,1026.1,1,,10.5
2016-12-16 15:00:00,27.856,,,0.002,0.300,0.034,0.008,4,,12,4.5,290,1,-22.9,1008.8,1026,1,,8.5
2016-12-16 16:00:00,20.988,,,0.003,0.300,0.033,0.009,3.4,,11,5,270,.9,-24.3,1008.7,1025.9,1,,2.9
2016-12-16 17:00:00,8.524,15,,0.003,0.300,0.032,0.010,2,,18,4,270,1.3,-19.9,1009,1026.3,.1,,-1.1
2016-12-16 18:00:00,0,26,14,0.003,0.300,0.030,0.012,1.4,,27,3.9,290,1.8,-15.6,1009.5,1026.9,0,,-1.6
2016-12-16 19:00:00,0,15,10,0.003,0.300,0.031,0.011,1.2,,32,3.3,320,2.1,-13.7,1009.8,1027.2,,,-1.9
2016-12-16 20:00:00,0,16,13,0.003,0.300,0.033,0.009,1,,35,3.8,320,2.3,-12.7,1010.4,1027.8,,,-1.9
2016-12-16 21:00:00,0,12,10,0.002,0.300,0.035,0.007,.8,,35,4.1,290,2.3,-12.9,1010.6,1028.1,,,-2
2016-12-16 22:00:00,0,16,9,0.002,0.300,0.032,0.008,1,,44,4.6,290,2.9,-9.9,1010.4,1027.8,,,-2
2016-12-16 23:00:00,0,13,10,0.002,0.300,0.024,0.012,1.2,,51,3.2,320,3.4,-7.8,1010.3,1027.7,,,-2.1
2016-12-17 00:00:00,0,12,10,0.002,0.300,0.022,0.010,2,,51,3.3,290,3.6,-7,1010.6,1028,,,-1.7
2016-12-17 01:00:00,0,17,16,0.002,0.400,0.020,0.009,2.5,,52,4.1,290,3.8,-6.3,1010.2,1027.5,,,-.8
2016-12-17 02:00:00,0,12,,0.002,0.300,0.021,0.008,3.3,,52,4.3,290,4,-5.6,1010.2,1027.5,,,.1
2016-12-17 03:00:00,0,16,14,0.002,0.300,0.021,0.008,3.4,,51,5.5,290,4,-5.8,1011.1,1028.4,,,0
2016-12-17 04:00:00,0,11,,0.002,0.300,0.019,0.009,3.5,,51,3.1,290,4,-5.7,1011.3,1028.6,,,-.5
2016-12-17 05:00:00,0,13,,0.002,0.300,0.019,0.008,2.9,,54,2,340,4.1,-5.5,1011.4,1028.7,,,-.8
2016-12-17 06:00:00,0,10,10,0.002,0.300,0.020,0.008,3.7,,54,2,360,4.3,-4.7,1011.6,1028.9,,,-1.3
2016-12-17 07:00:00,0,8,,0.002,0.300,0.020,0.008,2.6,,58,1.2,50,4.3,-4.8,1012.1,1029.5,,,-1.6
2016-12-17 08:00:00,0,15,13,0.002,0.300,0.014,0.013,.3,,61,.6,70,3.8,-6.3,1012.7,1030.2,0,,-1.6
2016-12-17 09:00:00,1.412,22,14,0.002,0.400,0.011,0.017,1.5,,53,1,70,3.6,-7,1013.3,1030.8,0,,1.2
2016-12-17 10:00:00,8.464,24,,0.002,0.400,0.013,0.020,4.8,,41,.7,360,3.5,-7.3,1013.6,1030.9,1,,7.6
2016-12-17 11:00:00,16.88,36,19,0.003,0.400,0.020,0.015,7.6,,42,2.4,340,4.4,-4.5,1013.4,1030.4,1,,12.1
2016-12-17 12:00:00,23.236,34,26,0.003,0.400,0.027,0.014,8.2,,40,3.9,320,4.3,-4.6,1012.7,1029.7,1,,14.7
2016-12-17 13:00:00,26.948,39,27,0.003,0.300,0.035,0.009,9,,39,3.3,340,4.5,-4.2,1012.1,1029,1,,16.9
2016-12-17 14:00:00,27.952,36,18,0.003,0.300,0.035,0.010,9.8,,36,2.7,320,4.4,-4.5,1011.2,1028.1,1,,18.1
2016-12-17 15:00:00,23.924,33,14,0.004,0.400,0.032,0.014,10,,34,2.5,340,4.2,-5.1,1011.2,1028.1,1,,16.4
2016-12-17 16:00:00,17.704,45,27,0.006,0.500,0.032,0.016,10.1,,35,2.6,340,4.3,-4.7,1011.5,1028.4,1,,10.4
2016-12-17 17:00:00,6.992,52,26,0.007,0.600,0.024,0.028,8.4,,40,1.4,320,4.4,-4.4,1011.7,1028.6,.1,,4.7
2016-12-17 18:00:00,0.024,54,29,0.005,0.600,0.011,0.040,5.6,,48,.8,270,4.4,-4.5,1012.2,1029.4,0,,1.5
2016-12-17 19:00:00,0,55,38,0.003,0.600,0.010,0.037,4.8,,50,.6,270,4.3,-4.7,1012.8,1030,,,.2
2016-12-17 20:00:00,0,58,38,0.003,0.600,0.006,0.036,3.1,,58,0,0,4.4,-4.3,1013.3,1030.6,,,-1
2016-12-17 21:00:00,0,57,36,0.002,0.600,0.006,0.033,1.4,,68,.2,0,4.6,-3.8,1013.8,1031.3,,,-1.6
2016-12-17 22:00:00,0,51,36,0.002,0.600,0.011,0.021,.2,,74,.1,0,4.6,-3.8,1014.4,1032,,,-1.9
2016-12-17 23:00:00,0,42,,0.002,0.500,0.011,0.018,-.6,,78,.7,70,4.6,-3.9,1014.3,1031.9,,,-2
2016-12-18 00:00:00,0,45,36,0.002,0.500,0.013,0.014,-2.1,,84,.6,270,4.4,-4.4,1014.1,1031.8,,,-2.5
2016-12-18 01:00:00,0,33,31,0.002,0.500,0.013,0.011,-2.7,,87,.5,270,4.4,-4.5,1014.2,1032,,,-2.7
2016-12-18 02:00:00,0,30,,0.002,0.500,0.013,0.010,-2.7,,87,0,0,4.4,-4.5,1014.3,1032.1,,,-2.8
2016-12-18 03:00:00,0,27,,0.002,0.500,0.013,0.009,-3.1,,89,.3,0,4.3,-4.6,1014.7,1032.5,,,-3
2016-12-18 04:00:00,0,24,,0.002,0.400,0.014,0.008,-3.6,,89,0,0,4.2,-5.1,1014.9,1032.7,,,-3.2
2016-12-18 05:00:00,0,31,25,0.002,0.400,0.012,0.008,-4,,91,.9,50,4.2,-5.2,1014.7,1032.6,,,-3.7
2016-12-18 06:00:00,0,26,,0.002,0.400,0.011,0.009,-4.5,,91,.4,0,4,-5.7,1014.7,1032.6,,,-4.1
2016-12-18 07:00:00,0,27,19,0.002,0.400,0.010,0.011,-5.2,,91,.2,0,3.8,-6.4,1014.9,1032.9,,,-4.3
2016-12-18 08:00:00,0,29,24,0.002,0.400,0.009,0.013,-5.2,,91,.2,0,3.8,-6.4,1015.2,1033.2,0,,-4.3
2016-12-18 09:00:00,1.632,28,,0.002,0.400,0.010,0.013,-4.2,,90,0,0,4,-5.6,1015.4,1033.3,0,,-2.5
2016-12-18 10:00:00,8.864,41,29,0.002,0.400,0.015,0.011,-1.2,,79,.5,160,4.4,-4.3,1015.8,1033.5,1,,.2
2016-12-18 11:00:00,12.968,38,,0.002,0.400,0.018,0.014,2.4,,65,.4,0,4.7,-3.5,1015,1032.4,1,,5
2016-12-18 12:00:00,14.18,38,,0.003,0.400,0.018,0.016,6,,55,.8,250,5.2,-2.3,1013.8,1031,1,,9.8
2016-12-18 13:00:00,26.636,44,38,0.003,0.300,0.031,0.011,6.7,,55,.4,0,5.4,-1.7,1013,1030.1,.5,,6.3
2016-12-18 14:00:00,26.336,27,20,0.002,0.300,0.037,0.008,8.4,,50,1,20,5.5,-1.4,1011.9,1028.8,.9,,15.7
2016-12-18 15:00:00,21.652,20,13,0.002,0.300,0.037,0.008,10.4,,45,1.4,250,5.7,-1,1011.1,1027.9,1,,15.3
2016-12-18 16:00:00,13.784,28,18,0.004,0.300,0.032,0.014,10.1,,42,1.2,230,5.2,-2.2,1011.1,1028,1,,9.4
2016-12-18 17:00:00,3.804,34,25,0.003,0.400,0.028,0.019,7.3,,51,1,90,5.2,-2.1,1011.2,1028.2,.1,,3.7
2016-12-18 18:00:00,0.08,35,20,0.003,0.400,0.012,0.034,5.5,,58,.4,0,5.2,-2.1,1011.4,1028.6,0,,2
2016-12-18 19:00:00,0,41,28,0.003,0.600,0.007,0.037,4.4,,62,.4,0,5.2,-2.2,1011.6,1028.8,,,1.3
2016-12-18 20:00:00,0,52,29,0.003,0.700,0.005,0.037,3.6,,68,.3,0,5.4,-1.7,1011.7,1029,,,.4
2016-12-18 21:00:00,0,66,46,0.003,0.700,0.004,0.037,2.4,,75,.4,0,5.5,-1.5,1011.8,1029.2,,,-.1
2016-12-18 22:00:00,0,63,49,0.002,0.600,0.009,0.024,3.3,,72,.1,0,5.6,-1.2,1011.5,1028.8,,,.7
2016-12-18 23:00:00,0,43,38,0.002,0.600,0.010,0.020,2.5,,76,.3,0,5.6,-1.3,1011.5,1028.9,,,.2
2016-12-19 00:00:00,0,37,,0.002,0.500,0.010,0.018,2.8,,77,.3,0,5.8,-.8,1011.5,1028.8,,,1.7
2016-12-19 01:00:00,0,34,,0.002,0.500,0.013,0.014,2.9,,82,.3,0,6.2,.1,1011,1028.3,,,2
2016-12-19 02:00:00,0,31,26,0.002,0.500,0.011,0.014,2.6,,80,0,0,5.9,-.5,1010.7,1028,,,1.3
2016-12-19 03:00:00,0,33,29,0.002,0.500,0.011,0.013,2.8,0,80,.5,360,6,-.3,1010.6,1027.9,,,2.2
2016-12-19 04:00:00,0,33,32,0.002,0.500,0.013,0.011,2.5,,88,.2,0,6.4,.7,1010.3,1027.6,,,2.1
2016-12-19 05:00:00,0,29,,0.002,0.500,0.013,0.010,2.4,,89,.2,0,6.4,.7,1010,1027.3,,,1.6
2016-12-19 06:00:00,0,26,,0.002,0.500,0.009,0.011,2.2,.3,92,1.1,250,6.6,1,1010.2,1027.6,,,1.5
2016-12-19 07:00:00,0,34,33,0.002,0.600,0.007,0.014,2.3,,93,.2,0,6.7,1.2,1010.5,1027.8,,,1.5
2016-12-19 08:00:00,0,31,,0.002,0.600,0.005,0.021,2.5,,93,.4,0,6.8,1.4,1010.5,1027.8,0,,2.4
2016-12-19 09:00:00,0,38,32,0.003,0.600,0.004,0.023,3.4,.1,92,.3,0,7.2,2.2,1010.6,1027.9,0,,4
2016-12-19 10:00:00,0.144,33,,0.003,0.600,0.005,0.022,3.9,,93,.1,0,7.5,2.8,1010.5,1027.7,0,,4.1
2016-12-19 11:00:00,0.528,35,33,0.003,0.500,0.008,0.020,4.7,,94,.3,0,8,3.8,1009.7,1026.9,0,,6.4
2016-12-19 12:00:00,0.96,29,21,0.004,0.500,0.007,0.023,5.5,2.6,93,.7,230,8.4,4.4,1008.8,1025.9,0,,7.5
2016-12-19 13:00:00,1.216,22,,0.004,0.500,0.005,0.026,6.1,,90,.1,0,8.4,4.5,1007.9,1025,0,,8.4
2016-12-19 14:00:00,0.8,,,,,,,6.5,,88,.3,0,8.5,4.6,1006.9,1023.9,0,,8.4
2016-12-19 15:00:00,0.396,,,,,,,6.5,0,91,.5,200,8.8,5.1,1007.1,1024.1,0,,7.4
2016-12-19 16:00:00,0.16,,,,,,,6.6,,93,.2,0,9,5.5,1006.8,1023.8,0,,7.1
2016-12-19 17:00:00,0,43,36,0.004,0.700,0.004,0.030,6.6,,93,.3,0,9,5.5,1006.8,1023.8,0,,6.7
2016-12-19 18:00:00,0,29,25,0.004,0.800,0.003,0.031,6.5,.5,93,.1,0,9,5.4,1007.1,1024.1,0,,6.3
2016-12-19 19:00:00,0,25,24,0.004,0.900,0.003,0.031,6.5,,94,.7,360,9,5.5,1007.1,1024.1,,,6.2
2016-12-19 20:00:00,0,31,29,0.004,1.100,0.004,0.031,6.6,,95,.3,0,9.2,5.8,1007.4,1024.4,,,6.1
2016-12-19 21:00:00,0,45,37,0.003,0.900,0.004,0.027,6.5,.5,95,.1,0,9.2,5.7,1007.5,1024.5,,,6.1
2016-12-19 22:00:00,0,31,29,0.003,0.900,0.003,0.023,6.5,,95,.2,0,9.2,5.7,1007.3,1024.3,,,6.1
2016-12-19 23:00:00,0,30,25,0.003,0.800,0.003,0.020,6.6,,95,.1,0,9.2,5.8,1007.3,1024.3,,,6
2016-12-20 00:00:00,0,29,24,0.003,0.800,0.003,0.019,6.7,0,95,.5,20,9.3,5.9,1007.1,1024.1,,,5.9
2016-12-20 01:00:00,0,21,,0.003,0.700,0.003,0.019,6.7,,95,.4,0,9.3,5.9,1006.9,1023.9,,,5.8
2016-12-20 02:00:00,0,28,15,0.003,0.700,0.004,0.017,6.8,,95,.8,230,9.3,6,1007.3,1024.3,,,6
2016-12-20 03:00:00,0,24,,0.003,0.700,0.003,0.018,6.8,,95,.8,320,9.3,6,1007.6,1024.6,,,6.1
2016-12-20 04:00:00,0,21,,0.003,0.600,0.004,0.014,6.9,,96,.1,0,9.5,6.3,1007.6,1024.6,,,6.2
2016-12-20 05:00:00,0,24,16,0.003,0.500,0.005,0.014,7,,96,.6,270,9.6,6.4,1007.5,1024.5,,,6.2
2016-12-20 06:00:00,0,18,11,0.003,0.600,0.004,0.015,6.9,,96,.6,290,9.5,6.3,1008,1025,,,6.2
2016-12-20 07:00:00,0,9,,0.003,0.600,0.004,0.016,6.5,,96,.7,230,9.3,5.9,1008.6,1025.6,,,6.1
2016-12-20 08:00:00,0,17,,0.003,0.600,0.003,0.024,6.2,,96,1.2,250,9.1,5.6,1009.1,1026.2,0,,6.1
2016-12-20 09:00:00,0.18,21,15,0.003,0.500,0.008,0.018,7.1,,88,1.9,290,8.8,5.2,1009.8,1026.8,0,,7.3
2016-12-20 10:00:00,3.164,21,20,0.003,0.400,0.010,0.017,7.8,,87,1.4,340,9.2,5.7,1010.5,1027.5,0,,8.9
2016-12-20 11:00:00,7.96,22,21,0.003,0.400,0.015,0.016,8,,80,1.7,360,8.5,4.7,1010.6,1027.6,.1,,10.6
2016-12-20 12:00:00,23.016,28,,0.003,0.400,0.022,0.011,9.7,,74,1.4,340,8.8,5.2,1009.8,1026.7,1,,16.3
2016-12-20 13:00:00,25.912,32,,0.003,0.300,0.029,0.007,12.1,,63,.4,0,8.8,5.2,1008.6,1025.3,1,,18.3
2016-12-20 14:00:00,27.488,18,14,0.003,0.300,0.032,0.007,12.6,,58,3,90,8.4,4.5,1007.8,1024.4,1,,17
2016-12-20 15:00:00,21.676,46,14,0.003,0.300,0.034,0.007,14.1,,49,1.4,160,7.8,3.5,1008.7,1025.2,1,,16.3
2016-12-20 16:00:00,15.504,35,19,0.003,0.400,0.034,0.008,13.1,,48,1.5,110,7.2,2.3,1009.3,1025.9,1,,12.1
2016-12-20 17:00:00,5.692,35,23,0.003,0.400,0.036,0.009,10.1,,63,1.3,230,7.7,3.3,1010,1026.9,.1,,8
2016-12-20 18:00:00,0.072,33,31,0.003,0.500,0.014,0.033,8.2,,74,.7,50,8,3.8,1010.7,1027.6,0,,5.7
2016-12-20 19:00:00,0,54,36,0.003,0.700,0.007,0.036,6.7,,83,.2,0,8.1,4,1011.3,1028.4,,,4.3
2016-12-20 20:00:00,0,68,45,0.003,0.700,0.006,0.032,5.6,,88,0,0,8,3.7,1011.9,1029.1,,,3.8
2016-12-20 21:00:00,0,56,52,0.003,0.700,0.004,0.029,4.9,,90,.3,0,7.7,3.3,1012.3,1029.5,,,3.5
2016-12-20 22:00:00,0,55,48,0.003,0.700,0.008,0.022,4.4,,91,.1,0,7.6,3,1012.2,1029.4,,,2.8
2016-12-20 23:00:00,0,50,,0.002,0.600,0.009,0.015,3.7,,93,.4,0,7.4,2.6,1012.5,1029.8,,,1.7
2016-12-21 00:00:00,0,36,,0.002,0.500,0.009,0.014,2.9,,93,0,0,7,1.8,1012.5,1029.8,,,.9
2016-12-21 01:00:00,0,36,,0.002,0.500,0.008,0.013,2.4,,94,.2,0,6.8,1.5,1012.5,1029.9,,,1.4
2016-12-21 02:00:00,0,30,,0.002,0.500,0.010,0.011,1.9,,95,.4,0,6.6,1.1,1012.5,1029.9,,,2.2
2016-12-21 03:00:00,0,55,43,0.002,0.400,0.011,0.010,1.1,,95,.9,290,6.2,.3,1012.1,1029.6,,,2.4
2016-12-21 04:00:00,0,41,35,0.002,0.400,0.012,0.009,1.2,,96,.2,0,6.4,.6,1011.9,1029.4,,,2.5
2016-12-21 05:00:00,0,33,,0.002,0.400,0.011,0.010,1.5,,96,.6,360,6.5,.9,1011.7,1029.1,,,2.5
2016-12-21 06:00:00,0,34,,0.002,0.400,0.011,0.010,1.7,,96,.1,0,6.6,1.1,1011.6,1029,,,2.2
2016-12-21 07:00:00,0,36,35,0.002,0.400,0.013,0.009,1.7,,96,.6,320,6.6,1.1,1012,1029.4,,,2.7
2016-12-21 08:00:00,0,40,31,0.002,0.400,0.010,0.013,1.7,,96,.7,360,6.6,1.1,1012.1,1029.5,0,,2.4
2016-12-21 09:00:00,0.224,39,31,0.003,0.500,0.006,0.021,2.2,,96,.9,290,6.9,1.6,1011.9,1029.3,0,,4.1
2016-12-21 10:00:00,1.956,45,35,0.003,0.500,0.009,0.020,3.4,,96,.8,340,7.5,2.8,1011.7,1029,0,,6.1
2016-12-21 11:00:00,3.668,47,32,0.003,0.500,0.006,0.030,5.3,,96,1.1,250,8.5,4.7,1010.2,1027.4,0,,8.7
2016-12-21 12:00:00,1.42,62,40,0.004,0.600,0.005,0.035,5.9,,89,.9,290,8.2,4.2,1009.7,1026.8,0,,7.6
2016-12-21 13:00:00,1.632,,,0.003,0.500,0.011,0.028,6.7,,86,.1,0,8.4,4.5,1008.2,1025.2,0,,8.4
2016-12-21 14:00:00,1.116,,,0.003,0.500,0.007,0.039,6.8,,90,.4,0,8.8,5.2,1007.3,1024.3,0,,7.8
2016-12-21 15:00:00,0.308,,,0.002,0.400,0.021,0.020,6.6,.5,91,.3,0,8.8,5.2,1006.1,1023.1,0,,7.5
2016-12-21 16:00:00,0,,,0.003,0.600,0.010,0.032,6.9,,94,.2,0,9.3,5.9,1005.5,1022.5,0,,7.3
2016-12-21 17:00:00,0,41,26,0.003,0.600,0.006,0.032,7.6,,95,.9,70,9.9,6.8,1004.4,1021.3,0,,7.3
2016-12-21 18:00:00,0,47,31,0.003,0.600,0.009,0.028,7.1,6,96,.4,0,9.7,6.5,1004,1020.9,0,,7.2
2016-12-21 19:00:00,0,44,28,0.003,0.600,0.008,0.030,7.4,,96,.6,270,9.8,6.7,1002.9,1019.8,,,7.3
2016-12-21 20:00:00,0,29,24,0.003,0.500,0.014,0.021,8.2,,96,.7,110,10.4,7.5,1001.5,1018.3,,,7.6
2016-12-21 21:00:00,0,26,23,0.002,0.500,0.011,0.022,8.3,17.5,96,1.6,90,10.4,7.6,1001.1,1017.9,,,8
2016-12-21 22:00:00,0,20,,0.002,0.500,0.015,0.016,9.2,,96,1.1,250,11.1,8.5,999.9,1016.6,,,8.4
2016-12-21 23:00:00,0,21,18,0.002,0.500,0.010,0.019,9.2,,96,.8,140,11.1,8.5,998.1,1014.8,,,8.4
2016-12-22 00:00:00,0,9,,0.003,0.500,0.011,0.017,9.8,17,96,1,270,11.6,9.1,996.3,1012.9,,,8.9
2016-12-22 01:00:00,0,15,15,0.003,0.500,0.011,0.016,10,,96,.5,340,11.7,9.3,994.7,1011.3,,,8.9
2016-12-22 02:00:00,0,8,,0.003,0.300,0.028,0.008,10.2,,96,1,230,11.9,9.5,993.3,1009.9,,,9.2
2016-12-22 03:00:00,0,16,11,0.003,0.300,0.034,0.005,10.3,9.5,96,.9,140,11.9,9.6,991.7,1008.2,,,9.3
2016-12-22 04:00:00,0,15,11,0.003,0.300,0.033,0.005,11,,96,1.1,20,12.5,10.3,991,1007.5,,,9.7
2016-12-22 05:00:00,0,15,10,0.003,0.300,0.027,0.007,11.9,,96,1,230,13.3,11.2,990.9,1007.3,,,10
2016-12-22 06:00:00,0,5,,0.002,0.400,0.024,0.008,12.7,4.5,95,1.1,320,13.9,11.9,990.3,1006.6,,,10.2
2016-12-22 07:00:00,0,5,,0.002,0.400,0.023,0.009,12.5,,79,3.1,340,11.4,8.9,991.8,1008.2,,,9.8
2016-12-22 08:00:00,0,10,10,0.002,0.400,0.021,0.012,11.5,,70,5.8,320,9.5,6.2,992.4,1008.8,0,,8.6
2016-12-22 09:00:00,0.744,11,9,0.002,0.400,0.025,0.012,11.2,,68,4.4,290,9,5.5,992.8,1009.3,0,,8.8
2016-12-22 10:00:00,2.972,7,,0.002,0.400,0.028,0.012,11.3,,67,6.1,270,8.9,5.3,993.6,1010.1,.8,,11.3
2016-12-22 11:00:00,4.384,7,,0.002,0.400,0.030,0.010,10.6,,72,4.9,290,9.2,5.7,993.2,1009.7,.4,,10.6
2016-12-22 12:00:00,1.94,9,,0.003,0.400,0.031,0.011,11.4,,65,4.3,290,8.7,5,993.1,1009.6,0,,12.2
2016-12-22 13:00:00,2.028,12,10,0.003,0.400,0.030,0.011,10.6,,66,5.5,320,8.4,4.5,993.2,1009.7,.4,,11.5
2016-12-22 14:00:00,2.9,13,10,0.003,0.500,0.024,0.020,9.1,,74,3.9,340,8.5,4.7,992.9,1009.5,0,,9.7
2016-12-22 15:00:00,1.192,11,9,0.003,0.700,0.023,0.016,8.9,.5,68,5,320,7.7,3.3,992.8,1009.4,0,,8.5
2016-12-22 16:00:00,2.26,13,11,0.003,0.700,0.023,0.013,8.4,,67,4.9,320,7.4,2.6,993.6,1010.2,0,,7.5
2016-12-22 17:00:00,0.016,13,11,0.002,0.600,0.028,0.011,7.9,,64,5.9,320,6.8,1.4,993.8,1010.5,0,,6.6
2016-12-22 18:00:00,0,,8,0.002,0.500,0.028,0.010,7.2,0,70,5.7,290,7.1,2,994.6,1011.4,0,,6.2
2016-12-22 19:00:00,0,,14,0.002,0.400,0.031,0.009,7.1,,67,3.9,290,6.7,1.3,995.5,1012.3,,,5.9
2016-12-22 20:00:00,0,50,11,0.002,0.400,0.034,0.007,6.7,,65,6.2,320,6.3,.5,996.5,1013.3,,,5.4
2016-12-22 21:00:00,0,11,,0.002,0.300,0.035,0.006,6,0,58,4,290,5.4,-1.6,997.3,1014.2,,,4.7
2016-12-22 22:00:00,0,9,,0.002,0.300,0.035,0.007,5.4,,63,5.1,290,5.7,-1,997.8,1014.7,,,4.2
2016-12-22 23:00:00,0,19,14,0.002,0.300,0.035,0.007,5,,62,5.5,270,5.4,-1.6,998,1015,,,3.9
2016-12-23 00:00:00,0,27,14,0.002,0.300,0.035,0.006,4.9,,60,6.8,270,5.2,-2.2,998.2,1015.2,,,3.5
2016-12-23 01:00:00,0,30,14,0.002,0.300,0.034,0.006,4.9,,55,5.2,270,4.8,-3.4,998,1015,,,3.2
2016-12-23 02:00:00,0,23,13,0.002,0.400,0.034,0.006,4.6,,58,5.5,320,4.9,-2.9,998.2,1015.2,,,3
2016-12-23 03:00:00,0,,19,0.002,0.500,0.032,0.006,4.7,0,54,6.8,270,4.6,-3.8,999,1016,,,2.7
2016-12-23 04:00:00,0,,21,0.002,0.500,0.032,0.006,3.7,,64,4,320,5.1,-2.4,999.3,1016.4,,,2.7
2016-12-23 05:00:00,0,,18,0.003,0.400,0.031,0.006,3.7,,59,5.2,290,4.7,-3.5,999,1016,,,2.3
2016-12-23 06:00:00,0,,17,0.003,0.400,0.030,0.006,3.2,0,60,6,290,4.6,-3.8,999.5,1016.6,,,2
2016-12-23 07:00:00,0,,16,0.003,0.300,0.031,0.006,2.9,,61,5.1,290,4.6,-3.8,999.8,1016.9,,,1.7
2016-12-23 08:00:00,0,,13,0.003,0.300,0.029,0.008,2.8,,61,5.4,320,4.6,-3.9,1000.2,1017.3,0,,1.7
2016-12-23 09:00:00,0.072,,13,0.002,0.300,0.026,0.011,2.4,.1,63,5.5,320,4.6,-3.9,1000.6,1017.8,0,,1.9
2016-12-23 10:00:00,1.388,,12,0.003,0.300,0.026,0.010,3,,56,5.5,320,4.2,-4.9,1001.1,1018.2,0,,2.6
2016-12-23 11:00:00,2.84,,7,0.003,0.300,0.028,0.009,2.2,,69,5.1,320,4.9,-2.9,1001.8,1019,.1,,3
2016-12-23 12:00:00,3.72,23,3,0.003,0.300,0.029,0.009,2.8,.1,60,4.6,320,4.5,-4.2,1001.1,1018.3,.2,,4.5
2016-12-23 13:00:00,6.06,21,4,0.003,0.300,0.031,0.008,3.3,,55,5,290,4.3,-4.8,1001,1018.1,0,,4.3
2016-12-23 14:00:00,10.904,19,4,0.003,0.300,0.031,0.007,2.8,,55,7,290,4.1,-5.3,1000.6,1017.7,.1,,4.4
2016-12-23 15:00:00,12.084,15,2,0.002,0.300,0.031,0.007,3.2,,52,6.4,290,4,-5.7,1001.3,1018.4,.4,,4.6
2016-12-23 16:00:00,7.368,10,,0.002,0.300,0.031,0.007,2.8,,55,5.6,290,4.1,-5.3,1002.3,1019.5,.1,,3.5
2016-12-23 17:00:00,3.368,10,,0.002,0.300,0.031,0.007,2.5,,56,5.7,290,4.1,-5.4,1003.1,1020.3,0,,2
2016-12-23 18:00:00,0,16,2,0.002,0.400,0.029,0.008,2.3,,57,5.7,290,4.1,-5.3,1003.6,1020.8,0,,1.1
2016-12-23 19:00:00,0,11,3,0.003,0.400,0.030,0.007,2.3,,57,5.1,290,4.1,-5.3,1004.4,1021.6,,,1.2
2016-12-23 20:00:00,0,9,4,0.003,0.400,0.029,0.008,2.3,,57,5.8,290,4.1,-5.3,1005.3,1022.6,,,.9
2016-12-23 21:00:00,0,19,4,0.002,0.400,0.028,0.008,2.2,,57,6.6,290,4.1,-5.4,1005.8,1023.1,,,.8
2016-12-23 22:00:00,0,15,3,0.003,0.400,0.029,0.007,1.9,,58,5.1,290,4.1,-5.5,1006.8,1024.1,,,.7
2016-12-23 23:00:00,0,15,4,0.003,0.400,0.031,0.007,2,,56,5.3,290,4,-5.8,1007.6,1024.9,,,.6
2016-12-24 00:00:00,0,18,6,0.003,0.400,0.030,0.007,1.6,,56,3.6,290,3.8,-6.2,1007.9,1025.3,,,.2
2016-12-24 01:00:00,0,19,5,0.003,0.400,0.030,0.006,1.3,,55,2.6,290,3.7,-6.7,1008.6,1026,,,0
2016-12-24 02:00:00,0,19,6,0.003,0.400,0.028,0.006,1.1,,55,2.9,320,3.6,-6.9,1009.4,1026.8,,,.1
2016-12-24 03:00:00,0,27,9,0.003,0.400,0.022,0.010,.6,,56,3.2,290,3.6,-7.1,1009.9,1027.4,,,0
2016-12-24 04:00:00,0,24,9,0.003,0.400,0.021,0.007,-.1,,58,2.8,320,3.5,-7.3,1009.5,1027,,,-.2
2016-12-24 05:00:00,0,22,6,0.003,0.400,0.018,0.006,-.6,,61,1.9,20,3.6,-7.2,1009.7,1027.2,,,-.4
2016-12-24 06:00:00,0,20,7,0.003,0.400,0.015,0.008,-1.5,,66,.9,270,3.6,-7,1010.7,1028.3,,,-.6
2016-12-24 07:00:00,0,18,8,0.003,0.400,0.017,0.007,-2,,71,1.5,250,3.8,-6.5,1011.3,1029,,,-.5
2016-12-24 08:00:00,0,21,9,0.003,0.400,0.015,0.012,-1.7,,70,1,290,3.8,-6.4,1011.9,1029.5,0,,-.4
2016-12-24 09:00:00,1.588,22,10,0.002,0.400,0.014,0.012,-1.3,,70,1.2,250,3.9,-6,1011.7,1029.3,0,,-.1
2016-12-24 10:00:00,6.144,27,10,0.003,0.400,0.017,0.013,-.1,,61,2.1,340,3.7,-6.7,1012,1029.6,.1,,0
2016-12-24 11:00:00,14.024,29,11,0.004,0.300,0.027,0.008,1.8,,55,1.3,340,3.8,-6.2,1012.2,1029.6,1,,1.2
2016-12-24 12:00:00,21.892,30,7,0.003,0.300,0.029,0.008,2.5,,50,1.4,340,3.7,-6.8,1011.4,1028.7,.7,,6
2016-12-24 13:00:00,25.348,29,7,0.003,0.300,0.030,0.007,3.5,,47,1.6,290,3.7,-6.7,1011,1028.3,1,,8.9
2016-12-24 14:00:00,25.364,30,7,0.003,0.300,0.031,0.008,5,,42,.9,290,3.7,-6.8,1010.6,1027.8,1,,11.2
2016-12-24 15:00:00,20.164,33,8,0.003,0.300,0.031,0.008,5.7,,40,1,230,3.7,-6.8,1010.8,1027.9,1,,9
2016-12-24 16:00:00,12.852,42,7,0.003,0.300,0.031,0.009,5.7,,41,1,200,3.8,-6.5,1010.6,1027.7,1,,6.2
2016-12-24 17:00:00,1.976,44,7,0.003,0.400,0.028,0.013,4.5,,49,1.4,110,4.1,-5.3,1010.9,1028.1,0,,4.1
2016-12-24 18:00:00,0.02,39,11,0.003,0.400,0.023,0.018,3.2,,56,.2,0,4.3,-4.7,1011.3,1028.6,0,,2.8
2016-12-24 19:00:00,0,36,13,0.003,0.500,0.023,0.017,2.7,,63,.1,0,4.7,-3.6,1012.2,1029.5,,,2.5
2016-12-24 20:00:00,0,39,17,0.003,0.500,0.023,0.014,2.4,,64,.3,0,4.6,-3.7,1012.6,1030,,,2.1
2016-12-24 21:00:00,0,37,16,0.003,0.500,0.021,0.014,1.9,,70,.2,0,4.9,-3,1012.8,1030.2,,,1.8
2016-12-24 22:00:00,0,36,17,0.003,0.500,0.021,0.013,1.5,,73,0,0,5,-2.8,1013.4,1030.9,,,1.4
2016-12-24 23:00:00,0,42,19,0.003,0.500,0.019,0.013,1.1,,75,.4,0,5,-2.8,1013.7,1031.2,,,.8
2016-12-25 00:00:00,0,44,19,0.003,0.500,0.018,0.012,-.2,,81,.3,0,4.9,-3,1013.9,1031.5,,,.1
2016-12-25 01:00:00,0,44,18,0.002,0.500,0.017,0.011,-1.1,,85,.1,0,4.8,-3.3,1013.6,1031.2,,,.1
2016-12-25 02:00:00,0,43,20,0.002,0.500,0.016,0.010,-2.2,,89,.2,0,4.6,-3.7,1014,1031.7,,,-.1
2016-12-25 03:00:00,0,41,18,0.002,0.500,0.016,0.009,-2.5,,90,.8,340,4.6,-3.9,1013.7,1031.4,,,-.4
2016-12-25 04:00:00,0,39,17,0.002,0.400,0.016,0.008,-2.5,,91,.4,0,4.6,-3.7,1014.1,1031.8,,,-.7
2016-12-25 05:00:00,0,34,18,0.002,0.400,0.014,0.009,-3.1,,91,.2,0,4.4,-4.3,1013.8,1031.6,,,-.8
2016-12-25 06:00:00,0,35,16,0.003,0.400,0.013,0.009,-3.2,,92,.4,0,4.4,-4.3,1013.9,1031.7,,,-1
2016-12-25 07:00:00,0,33,14,0.002,0.400,0.012,0.009,-3.8,,92,.1,0,4.2,-4.9,1014.3,1032.1,,,-1.2
2016-12-25 08:00:00,0,35,15,0.002,0.400,0.009,0.012,-3.9,,92,.6,320,4.2,-5,1014.5,1032.4,0,,-1.1
2016-12-25 09:00:00,1.584,34,16,0.003,0.400,0.009,0.012,-3,,92,.2,0,4.5,-4.1,1015.2,1033,0,,-.6
2016-12-25 10:00:00,7.716,40,15,0.003,0.400,0.012,0.011,-.3,,79,.3,0,4.7,-3.5,1015.5,1033.1,1,,0
2016-12-25 11:00:00,15.628,40,14,0.003,0.400,0.017,0.011,2.6,,65,.8,290,4.8,-3.3,1014.9,1032.3,1,,1.3
2016-12-25 12:00:00,20.7,36,10,0.004,0.400,0.023,0.012,5.3,,54,.9,250,4.8,-3.2,1013.7,1030.9,1,,6.6
2016-12-25 13:00:00,21.176,33,7,0.003,0.400,0.027,0.012,7.1,,48,.5,250,4.9,-3.1,1012.6,1029.7,1,,10.4
2016-12-25 14:00:00,22.26,45,8,0.003,0.400,0.037,0.008,8.7,,46,.7,270,5.2,-2.2,1011.3,1028.2,1,,11.7
2016-12-25 15:00:00,12.472,48,6,0.003,0.400,0.037,0.010,10.7,,49,.9,360,6.3,.4,1010.7,1027.5,1,,11.2
2016-12-25 16:00:00,7.508,44,9,0.004,0.400,0.036,0.012,10.7,,49,2.1,70,6.3,.4,1010.8,1027.6,.9,,9.2
2016-12-25 17:00:00,2.012,38,9,0.004,0.400,0.032,0.013,9.6,,55,.8,90,6.5,.9,1011,1027.8,.1,,6.6
2016-12-25 18:00:00,0.016,35,12,0.005,0.600,0.010,0.038,6.8,,67,.8,70,6.6,1,1010.3,1027.3,0,,4.6
2016-12-25 19:00:00,0,61,17,0.004,0.600,0.010,0.032,5.9,,72,.2,0,6.7,1.2,1010.9,1028,,,3.6
2016-12-25 20:00:00,0,48,19,0.004,0.600,0.012,0.027,4.9,,76,0,0,6.6,1,1010.6,1027.8,,,3
2016-12-25 21:00:00,0,51,23,0.003,0.600,0.014,0.022,4.2,,81,.6,290,6.7,1.2,1010.9,1028.1,,,3.5
2016-12-25 22:00:00,0,41,21,0.003,0.500,0.017,0.016,4.7,,79,.6,270,6.7,1.3,1011,1028.2,,,3.6
2016-12-25 23:00:00,0,38,20,0.003,0.500,0.020,0.012,4.4,,79,0,0,6.6,1,1010.7,1027.9,,,3.6
2016-12-26 00:00:00,0,35,16,0.003,0.400,0.023,0.010,4.3,,81,.7,270,6.7,1.3,1010.6,1027.8,,,3.6
2016-12-26 01:00:00,0,30,13,0.003,0.400,0.025,0.008,4.7,,78,1.3,230,6.6,1.1,1009.6,1026.8,,,3.5
2016-12-26 02:00:00,0,23,7,0.003,0.400,0.026,0.007,4.6,,79,.3,0,6.7,1.2,1009.1,1026.3,,,3.7
2016-12-26 03:00:00,0,22,8,0.003,0.400,0.025,0.008,4.3,0,83,1,230,6.9,1.6,1008.8,1026,,,3.6
2016-12-26 04:00:00,0,27,8,0.003,0.400,0.024,0.008,4.1,,85,1,340,6.9,1.7,1007.7,1024.9,,,3.7
2016-12-26 05:00:00,0,28,8,0.003,0.400,0.021,0.008,4.4,,84,.6,250,7,1.9,1007.5,1024.6,,,3.7
2016-12-26 06:00:00,0,26,9,0.003,0.400,0.020,0.009,4.3,0,85,.6,340,7,1.9,1007.1,1024.2,,,3.8
2016-12-26 07:00:00,0,22,9,0.003,0.400,0.017,0.010,4.2,,88,.3,0,7.2,2.3,1007.1,1024.2,,,3.8
2016-12-26 08:00:00,0,25,11,0.003,0.500,0.013,0.013,4,,92,.2,0,7.5,2.8,1006.6,1023.8,0,,3.9
2016-12-26 09:00:00,0,31,14,0.003,0.500,0.011,0.017,4.2,.4,92,.4,0,7.6,3,1006,1023.1,0,,4.4
2016-12-26 10:00:00,0.596,31,15,0.002,0.500,0.009,0.020,4.7,,93,0,0,7.9,3.6,1005.8,1022.9,0,,5.4
2016-12-26 11:00:00,1.088,27,14,0.002,0.500,0.010,0.019,5,,92,.5,270,8,3.8,1004.6,1021.7,0,,6.3
2016-12-26 12:00:00,1.216,22,11,0.003,0.500,0.010,0.022,5,3.6,94,.4,0,8.2,4.1,1004,1021.1,0,,6.3
2016-12-26 13:00:00,1.084,16,10,0.003,0.400,0.014,0.021,5.4,,94,.7,250,8.4,4.5,1002.2,1019.2,0,,6.8
2016-12-26 14:00:00,1.092,15,7,0.003,0.400,0.020,0.017,5.7,,95,.5,360,8.7,4.9,1001,1018,0,,7
2016-12-26 15:00:00,0.608,11,6,0.003,0.300,0.027,0.013,5.9,4.5,95,.5,320,8.8,5.1,1000.7,1017.7,0,,6.8
2016-12-26 16:00:00,0.1,6,2,0.003,0.300,0.028,0.010,6.1,,95,.9,50,8.9,5.3,1000.1,1017,0,,6.8
2016-12-26 17:00:00,0,4,,0.003,0.400,0.023,0.013,6.2,,95,.6,270,9,5.4,999.5,1016.4,0,,6.3
2016-12-26 18:00:00,0,3,,0.003,0.400,0.018,0.017,6.2,3,95,.7,270,9,5.4,999,1015.9,0,,6.1
2016-12-26 19:00:00,0,5,1,0.003,0.400,0.023,0.012,6.1,,95,.2,0,8.9,5.3,997.7,1014.6,,,5.9
2016-12-26 20:00:00,0,5,1,0.003,0.400,0.019,0.016,6.2,,95,.6,340,9,5.4,999,1015.9,,,5.8
2016-12-26 21:00:00,0,7,1,0.003,0.400,0.018,0.016,6.2,1.5,94,1.5,250,8.9,5.3,998.8,1015.7,,,5.8
2016-12-26 22:00:00,0,10,2,0.003,0.400,0.020,0.013,6.9,,90,2.8,340,8.9,5.3,998.6,1015.4,,,5.8
2016-12-26 23:00:00,0,11,2,0.003,0.400,0.018,0.013,6.4,,88,4.1,340,8.4,4.5,998.3,1015.2,,,5.6
2016-12-27 00:00:00,0,6,2,0.003,0.400,0.022,0.014,5.8,1,78,4.5,320,7.2,2.2,998.1,1015,,,5
2016-12-27 01:00:00,0,3,2,0.003,0.400,0.019,0.016,5.2,,74,3.5,340,6.5,.9,998.8,1015.8,,,4.4
2016-12-27 02:00:00,0,8,1,0.003,0.300,0.025,0.011,4.5,,74,4.8,320,6.2,.2,999.7,1016.7,,,3.8
2016-12-27 03:00:00,0,11,3,0.003,0.300,0.028,0.010,4.1,,75,4.3,320,6.1,0,999.9,1016.9,,,3.6
2016-12-27 04:00:00,0,14,6,0.004,0.300,0.035,0.008,4.5,,61,4.8,290,5.2,-2.3,1000.1,1017.1,,,2.9
2016-12-27 05:00:00,0,12,5,0.004,0.400,0.032,0.008,4.2,,66,5,290,5.5,-1.5,1000.2,1017.2,,,2.9
2016-12-27 06:00:00,0,21,6,0.004,0.500,0.030,0.008,4,.1,67,4.9,290,5.5,-1.5,1000.3,1017.3,,,2.8
2016-12-27 07:00:00,0,34,13,0.004,0.500,0.028,0.008,4.1,,64,5.8,270,5.2,-2.1,1000.9,1018,,,2.6
2016-12-27 08:00:00,0,39,19,0.004,0.500,0.028,0.009,4.1,,59,4.5,290,4.8,-3.2,1001.6,1018.7,0,,2.2
2016-12-27 09:00:00,1.048,43,18,0.004,0.500,0.029,0.009,4,,58,5.6,290,4.7,-3.5,1002.3,1019.4,0,,2.5
2016-12-27 10:00:00,7.084,33,14,0.003,0.400,0.030,0.009,4.4,,50,4.3,290,4.2,-5.1,1002.9,1020,.9,,4.8
2016-12-27 11:00:00,16.528,29,6,0.003,0.300,0.032,0.008,4.3,,37,5.4,290,3.1,-9.1,1002.8,1019.9,1,,7.1
2016-12-27 12:00:00,24.5,28,5,0.003,0.300,0.033,0.008,4,,39,8,270,3.2,-8.7,1002.4,1019.5,1,,7.2
2016-12-27 13:00:00,29.388,29,8,0.003,0.300,0.034,0.007,4.1,,38,5.6,290,3.1,-8.9,1002.7,1019.8,1,,7.2
2016-12-27 14:00:00,30.744,29,7,0.003,0.300,0.034,0.007,4.3,,35,6.5,290,2.9,-9.8,1002.6,1019.7,.9,,7.1
2016-12-27 15:00:00,27.404,24,6,0.003,0.300,0.035,0.007,4.3,,30,7,290,2.5,-11.7,1002.6,1019.7,1,,6.3
2016-12-27 16:00:00,20.544,23,4,0.003,0.300,0.035,0.007,3.9,,32,5.6,290,2.6,-11.3,1003.3,1020.4,1,,3.9
2016-12-27 17:00:00,9.296,21,4,0.003,0.300,0.034,0.008,2.8,,27,4.6,290,2,-14.3,1004.1,1021.3,.2,,.4
2016-12-27 18:00:00,0.048,15,4,0.004,0.300,0.031,0.010,2,,29,4.6,290,2,-14.2,1005.2,1022.5,0,,.2
2016-12-27 19:00:00,0,16,4,0.004,0.300,0.031,0.010,1.2,,33,5.7,290,2.2,-13.3,1006.1,1023.5,,,.1
2016-12-27 20:00:00,0,13,2,0.003,0.300,0.032,0.008,.4,,32,4.3,320,2,-14.4,1006.8,1024.2,,,-.5
2016-12-27 21:00:00,0,12,2,0.003,0.300,0.031,0.008,-.2,,36,3.5,320,2.2,-13.5,1008,1025.5,,,-.9
2016-12-27 22:00:00,0,13,2,0.004,0.300,0.029,0.008,-1,,41,2.1,320,2.3,-12.6,1008.7,1026.2,,,-1.2
2016-12-27 23:00:00,0,14,3,0.003,0.300,0.028,0.008,-1.2,,42,4.3,340,2.3,-12.5,1009.5,1027.1,,,-1.7
2016-12-28 00:00:00,0,17,4,0.004,0.300,0.027,0.008,-2,,48,2.5,360,2.5,-11.5,1009.9,1027.5,,,-1.9
2016-12-28 01:00:00,0,17,5,0.003,0.300,0.025,0.007,-2.5,,51,2.5,360,2.6,-11.2,1009.9,1027.6,,,-2.2
2016-12-28 02:00:00,0,15,5,0.003,0.300,0.024,0.008,-3.5,,56,.8,320,2.6,-11,1010.7,1028.5,,,-2.3
2016-12-28 03:00:00,0,11,5,0.003,0.300,0.024,0.007,-4.4,,64,1.7,270,2.8,-10.1,1011.4,1029.2,,,-2.7
2016-12-28 04:00:00,0,17,3,0.003,0.300,0.024,0.008,-5,,67,1.5,290,2.8,-10.1,1011.4,1029.3,,,-2.9
2016-12-28 05:00:00,0,18,3,0.003,0.300,0.023,0.008,-6,,74,.4,0,2.9,-9.8,1011.6,1029.5,,,-3.1
2016-12-28 06:00:00,0,16,3,0.003,0.300,0.018,0.007,-6.6,,76,1.3,230,2.8,-10.1,1011.8,1029.8,,,-3.6
2016-12-28 07:00:00,0,15,4,0.003,0.300,0.016,0.009,-7.1,,79,.6,230,2.8,-10.1,1012.5,1030.5,,,-3.7
2016-12-28 08:00:00,0,19,4,0.003,0.300,0.018,0.013,-7.2,,84,.8,340,3,-9.4,1013.4,1031.5,0,,-3.7
2016-12-28 09:00:00,1.184,19,6,0.003,0.300,0.018,0.013,-6.7,,82,.1,0,3,-9.2,1013.7,1031.7,0,,-3.2
2016-12-28 10:00:00,8.164,23,7,0.003,0.300,0.020,0.011,-3.2,,58,1.2,290,2.8,-10.3,1014.1,1031.9,1,,-.2
2016-12-28 11:00:00,17.232,26,5,0.003,0.300,0.023,0.010,-1,,42,1.4,290,2.4,-12.3,1013.7,1031.3,1,,1.8
2016-12-28 12:00:00,24.584,22,4,0.003,0.300,0.024,0.010,1.2,,31,1.4,290,2.1,-14.1,1012.6,1030.1,1,,.4
2016-12-28 13:00:00,28.656,19,2,0.003,0.300,0.026,0.009,3.7,,23,.9,340,1.8,-15.5,1011.3,1028.6,1,,1.7
2016-12-28 14:00:00,30.892,11,,0.002,0.300,0.029,0.008,5.2,,19,1,320,1.7,-16.6,1010.5,1027.7,1,,2.7
2016-12-28 15:00:00,27.972,19,,0.003,0.300,0.029,0.010,6.8,,15,1.1,250,1.5,-18.1,1010,1027,1,,4.6
2016-12-28 16:00:00,19.752,18,,0.005,0.400,0.022,0.020,7,,16,1.1,230,1.6,-17.1,1009.9,1026.9,1,,3.1
2016-12-28 17:00:00,8.488,,,0.004,0.400,0.022,0.022,3.1,,27,.2,0,2.1,-14.1,1010,1027.3,.2,,.2
2016-12-28 18:00:00,0.032,,,0.003,0.400,0.018,0.021,1.1,,37,.5,110,2.4,-12,1010.3,1027.7,0,,.1
2016-12-28 19:00:00,0,36,15,0.003,0.500,0.013,0.025,-.6,,47,.6,250,2.8,-10.5,1011,1028.6,,,0
2016-12-28 20:00:00,0,27,22,0.003,0.500,0.011,0.024,-1.6,,58,.2,0,3.1,-8.8,1010.6,1028.2,,,-.1
2016-12-28 21:00:00,0,26,23,0.003,0.400,0.019,0.014,-1.8,,59,.3,0,3.2,-8.7,1010.6,1028.2,,,-.3
2016-12-28 22:00:00,0,17,14,0.003,0.300,0.020,0.013,-2.3,,60,0,0,3.1,-9,1010.8,1028.5,,,-.6
2016-12-28 23:00:00,0,23,16,0.003,0.400,0.020,0.013,-2.6,,63,.5,70,3.2,-8.6,1010.7,1028.4,,,-.7
2016-12-29 00:00:00,0,27,16,0.003,0.300,0.023,0.011,-2.6,,64,.6,160,3.2,-8.4,1010.7,1028.4,,,-1
2016-12-29 01:00:00,0,29,21,0.003,0.300,0.025,0.010,-1.3,,45,2.1,320,2.5,-11.7,1010.5,1028.1,,,-1
2016-12-29 02:00:00,0,26,18,0.004,0.300,0.026,0.010,.4,,28,3.9,320,1.8,-16,1011.1,1028.6,,,-1.4
2016-12-29 03:00:00,0,29,21,0.005,0.400,0.027,0.010,.4,,31,3.6,320,1.9,-14.8,1010.9,1028.4,,,-1.4
2016-12-29 04:00:00,0,29,24,0.004,0.300,0.030,0.008,-.2,,42,3.7,340,2.5,-11.5,1010.1,1027.6,,,-1.5
2016-12-29 05:00:00,0,22,10,0.003,0.300,0.032,0.007,.1,,49,3.4,340,3,-9.3,1008.9,1026.4,,,-1.4
2016-12-29 06:00:00,0,19,13,0.003,0.300,0.033,0.006,.8,,51,3.4,340,3.3,-8.2,1008.7,1026.1,,,-1.2
2016-12-29 07:00:00,0,16,9,0.002,0.300,0.032,0.007,1.6,,49,4.5,290,3.4,-7.9,1008.5,1025.9,,,-1.2
2016-12-29 08:00:00,0,20,5,0.003,0.300,0.029,0.010,2.2,,45,4.3,290,3.2,-8.5,1008.8,1026.1,0,,-1.1
2016-12-29 09:00:00,1.396,17,7,0.003,0.400,0.021,0.021,2.2,,54,3.3,320,3.9,-6.1,1009.7,1027,0,,-.1
2016-12-29 10:00:00,5.372,25,16,0.004,0.400,0.029,0.010,2.1,,55,4.6,290,3.9,-6,1010.7,1028.1,.7,,0
2016-12-29 11:00:00,17.74,31,13,0.004,0.400,0.029,0.010,2,,52,5.7,290,3.7,-6.8,1010.8,1028.2,.3,,.1
2016-12-29 12:00:00,22.74,30,14,0.004,0.500,0.029,0.010,2.2,,39,4.2,290,2.8,-10.3,1010.7,1028.1,.7,,.4
2016-12-29 13:00:00,28.356,43,20,0.003,0.400,0.030,0.010,2.5,,33,4.8,290,2.4,-12.1,1010.3,1027.6,1,,.9
2016-12-29 14:00:00,30.348,42,21,0.003,0.300,0.032,0.010,2.6,,29,5.4,270,2.1,-13.6,1010.4,1027.7,1,,1.5
2016-12-29 15:00:00,27.212,43,19,0.003,0.300,0.033,0.009,2.4,,27,4.7,290,2,-14.7,1010.3,1027.6,1,,2.7
2016-12-29 16:00:00,21.332,40,14,0.003,0.300,0.032,0.009,2.7,,26,3.8,290,1.9,-14.9,1010.8,1028.1,1,,1.3
2016-12-29 17:00:00,10.352,35,13,0.004,0.300,0.031,0.011,1.2,,27,4.5,270,1.8,-15.7,1011.1,1028.5,.2,,0
2016-12-29 18:00:00,0.024,37,13,0.004,0.300,0.028,0.014,.6,,26,3.8,290,1.7,-16.7,1011.9,1029.4,0,,-.1
2016-12-29 19:00:00,0,39,13,0.004,0.300,0.029,0.012,-.1,,28,2.3,340,1.7,-16.4,1012.4,1030,,,-.6
2016-12-29 20:00:00,0,37,13,0.004,0.300,0.030,0.010,-.5,,27,2.3,340,1.6,-17.2,1013.3,1030.9,,,-1.1
2016-12-29 21:00:00,0,32,11,0.003,0.300,0.022,0.014,-.8,,27,2.3,340,1.6,-17.5,1013.6,1031.2,,,-1.5
2016-12-29 22:00:00,0,30,11,0.004,0.300,0.026,0.011,-1.5,,31,3.2,360,1.7,-16.4,1014.1,1031.8,,,-2
2016-12-29 23:00:00,0,25,12,0.003,0.300,0.020,0.013,-1.7,,31,3.1,360,1.7,-16.6,1014.5,1032.2,,,-2.4
2016-12-30 00:00:00,0,31,13,0.003,0.400,0.018,0.012,-2,,29,2.4,20,1.5,-17.7,1014.8,1032.5,,,-2.5
2016-12-30 01:00:00,0,29,17,0.003,0.400,0.017,0.010,-1.9,,28,2.2,360,1.5,-18,1014.8,1032.5,,,-2.6
2016-12-30 02:00:00,0,31,14,0.003,0.400,0.016,0.010,-3.1,,39,2.3,250,1.9,-15.1,1015.2,1033,,,-3
2016-12-30 03:00:00,0,28,16,0.003,0.300,0.017,0.008,-4.2,,46,2,250,2.1,-14.1,1015.3,1033.2,,,-3.2
2016-12-30 04:00:00,0,27,14,0.003,0.300,0.018,0.007,-5.4,,52,1,250,2.1,-13.7,1015.3,1033.3,,,-3.4
2016-12-30 05:00:00,0,24,13,0.003,0.300,0.021,0.007,-5.6,,55,.2,0,2.2,-13.2,1015.2,1033.2,,,-3.5
2016-12-30 06:00:00,0,20,17,0.003,0.300,0.020,0.006,-6.4,,59,.1,0,2.2,-13.1,1015.3,1033.3,,,-3.6
2016-12-30 07:00:00,0,15,12,0.003,0.300,0.017,0.007,-6.8,,62,.6,270,2.3,-12.8,1015.8,1033.9,,,-3.7
2016-12-30 08:00:00,0,20,14,0.003,0.300,0.014,0.012,-6.9,,67,.6,250,2.4,-12,1016.4,1034.5,0,,-3.2
2016-12-30 09:00:00,2.312,22,15,0.004,0.300,0.020,0.012,-6.3,,63,.6,230,2.4,-12.2,1016.1,1034.1,0,,-3.2
2016-12-30 10:00:00,8.732,26,12,0.004,0.300,0.023,0.011,-2.8,,43,.6,250,2.1,-13.6,1016.3,1034.1,1,,-.7
2016-12-30 11:00:00,17.86,23,12,0.004,0.300,0.027,0.010,.8,,26,1.1,250,1.7,-16.5,1016,1033.6,1,,.1
2016-12-30 12:00:00,24.812,28,8,0.004,0.300,0.027,0.011,3.4,,16,2,270,1.2,-20.1,1014.8,1032.1,1,,.9
2016-12-30 13:00:00,28.188,17,3,0.003,0.300,0.030,0.009,5.2,,13,2,270,1.1,-21,1013.3,1030.5,1,,1.9
2016-12-30 14:00:00,29.588,20,1,0.003,0.300,0.030,0.009,6.2,,11,1.1,340,1,-22.1,1012.5,1029.6,1,,2.5
2016-12-30 15:00:00,26.408,29,4,0.008,0.600,0.024,0.018,7.1,,11,1.6,180,1.1,-21.4,1012.5,1029.6,1,,2.5
2016-12-30 16:00:00,20.004,28,12,0.029,1.600,0.015,0.039,6.3,,14,2.9,320,1.3,-19.3,1012.6,1029.7,1,,.9
2016-12-30 17:00:00,9.368,59,28,0.035,1.600,0.010,0.049,4,,24,1.7,360,1.9,-14.8,1012.7,1030,.2,,0
2016-12-30 18:00:00,0.048,63,35,0.008,0.700,0.015,0.029,3.2,,28,1.5,20,2.1,-13.6,1013.1,1030.4,0,,0
2016-12-30 19:00:00,0,36,22,0.003,0.500,0.018,0.022,1.6,,38,1.6,360,2.6,-11.2,1013.3,1030.8,,,-.2
2016-12-30 20:00:00,0,24,19,0.003,0.400,0.018,0.020,-.9,,45,.4,0,2.6,-11.3,1013.5,1031.1,,,-.4
2016-12-30 21:00:00,0,30,18,0.003,0.400,0.018,0.018,-1.8,,53,.5,270,2.8,-10.1,1013.5,1031.2,,,-.7
2016-12-30 22:00:00,0,29,20,0.003,0.400,0.018,0.016,-2.3,,57,.4,0,3,-9.6,1013.3,1031,,,-.8
2016-12-30 23:00:00,0,28,23,0.003,0.400,0.019,0.014,-3.5,,62,1.1,230,2.9,-9.7,1013.5,1031.3,,,-1.1
2016-12-31 00:00:00,0,31,25,0.002,0.400,0.016,0.012,-2.6,,61,1.1,230,3.1,-9,1013.8,1031.5,,,-1.2
2016-12-31 01:00:00,0,33,22,0.002,0.500,0.014,0.011,-2.6,,61,.8,200,3.1,-9,1013.6,1031.3,,,-1.4
2016-12-31 02:00:00,0,33,23,0.003,0.400,0.016,0.010,-2,,61,1.3,230,3.2,-8.5,1013.3,1031,,,-1.5
2016-12-31 03:00:00,0,27,23,0.003,0.500,0.015,0.010,-2.2,,64,1.5,270,3.3,-8.1,1013.2,1030.9,,,-1.6
2016-12-31 04:00:00,0,26,22,0.002,0.400,0.015,0.009,-1.7,,64,.5,270,3.5,-7.6,1013,1030.7,,,-1.3
2016-12-31 05:00:00,0,30,18,0.002,0.500,0.012,0.009,-1.9,,67,1.3,320,3.6,-7.2,1012.6,1030.3,,,-1.4
2016-12-31 06:00:00,0,23,18,0.002,0.500,0.011,0.009,-1.8,,68,.5,340,3.6,-6.9,1012.5,1030.2,,,-1.3
2016-12-31 07:00:00,0,26,23,0.002,0.500,0.010,0.009,-1.8,,71,1.2,70,3.8,-6.3,1013,1030.7,,,-1.5
2016-12-31 08:00:00,0,24,19,0.003,0.500,0.006,0.016,-2,,73,.3,0,3.8,-6.2,1013.1,1030.8,0,,-1.6
2016-12-31 09:00:00,1.088,31,25,0.003,0.500,0.006,0.017,-1.9,,72,.3,0,3.8,-6.2,1013.6,1031.3,0,,-1.2
2016-12-31 10:00:00,7.716,41,28,0.004,0.600,0.008,0.020,.9,,59,.1,0,3.8,-6.2,1013.9,1031.4,.9,,-.2
2016-12-31 11:00:00,15.564,52,36,0.004,0.500,0.014,0.017,4,,52,.5,200,4.2,-4.9,1013.5,1030.8,1,,.1
2016-12-31 12:00:00,22.128,51,33,0.008,0.800,0.021,0.016,7.5,,41,.8,250,4.2,-4.9,1012.3,1029.3,1,,1.5
2016-12-31 13:00:00,26.052,48,29,0.023,1.900,0.023,0.026,8,,43,4.4,290,4.6,-3.8,1011.5,1028.5,.7,,2.4
2016-12-31 14:00:00,25.84,62,37,0.022,1.800,0.021,0.029,7.2,,48,4.4,320,4.9,-3,1011.3,1028.3,.4,,2.2
2016-12-31 15:00:00,18.26,78,43,0.013,1.000,0.027,0.020,6.7,,56,3.2,320,5.5,-1.4,1011.5,1028.6,0,,2
2016-12-31 16:00:00,19.856,65,29,0.003,0.300,0.033,0.008,6.8,,54,3.6,320,5.4,-1.8,1011.6,1028.7,.5,,2.4
2016-12-31 17:00:00,8.544,39,10,0.003,0.300,0.035,0.009,5.7,,55,3.1,320,5,-2.6,1012,1029.2,.2,,.4
2016-12-31 18:00:00,0.104,27,15,0.003,0.400,0.034,0.011,6.1,,51,3.3,290,4.8,-3.2,1012.1,1029.2,0,,.2
2016-12-31 19:00:00,0,34,21,0.002,0.400,0.036,0.009,6.2,,50,3.2,290,4.8,-3.4,1012.4,1029.5,,,.3
2016-12-31 20:00:00,0,31,22,0.002,0.400,0.033,0.009,5.8,,53,2.7,320,4.9,-3,1012.1,1029.3,,,-.3
2016-12-31 21:00:00,0,31,30,0.003,0.500,0.020,0.019,4.6,,57,2,340,4.8,-3.2,1012.4,1029.6,,,0
2016-12-31 22:00:00,0,38,30,0.002,0.400,0.018,0.015,3.3,,65,1.8,20,5,-2.6,1012.2,1029.5,,,0
2016-12-31 23:00:00,0,39,30,0.002,0.500,0.016,0.015,2,,71,1.2,360,5,-2.7,1012.1,1029.5,,,0
